hjid,proposal_document_proposal_c_0
694650,694651
670021,670022
2012074,2012075
940655,940656
779253,779254
2204123,2204124
1041166,1041167
1378831,1378832
353963,353964
1727754,1727755
3323988,3323989
709291,709292
1651113,1651114
1507834,1507835
1519665,1519666
1369217,1369218
920338,920339
704637,704638
1419532,1419533
243235,243236
1888971,1888972
1553708,1553709
1266205,1266206
1440191,1440192
1112805,1112806
324793,324794
2078642,2078643
2110099,2110100
954127,954128
1837653,1837654
256840,256841
1545665,1545666
71987,71988
2057018,2057019
1466528,1466529
2042387,2042388
72185,72186
764261,764262
352330,352331
1104698,1104699
773596,773598
1374631,1374632
347032,347033
2073054,2073055
1671104,1671105
657734,657735
3339000,3339001
1112344,1112345
169335,169336
1289998,1289999
753330,753331
1850487,1850488
3306932,3306933
1403104,1403105
1100984,1100985
986737,986738
2205810,2205811
2029984,2029985
450974,450975
665106,665107
56980,56981
1575912,1575913
1038763,1038764
848600,848601
271798,271799
3281384,3281385
1873065,1873066
2166918,2166919
1493246,1493247
590812,590813
2219620,2219621
2185179,2185180
556884,556885
319678,319679
2255010,2255011
2181756,2181757
2054275,2054276
1937655,1937656
995074,995075
807964,807965
1616400,1616401
1004740,1004741
3311274,3311275
3296513,3296514
1044376,1044377
547234,547235
1109787,1109788
3281279,3281280
1828512,1828513
1866753,1866754
2196548,2196549
3268858,3268859
1986046,1986047
816926,816928
651770,651771
2229267,2229268
1830111,1830112
260397,260398
184058,184059
2230458,2230459
1151608,1151609
2233332,2233333
874489,874490
1388308,1388309
363776,363777
1770148,1770149
1644950,1644951
1547279,1547280
2159495,2159496
3259350,3259351
1603962,1603963
1643941,1643942
1396328,1396329
3308247,3308248
1655464,1655465
234815,234816
297219,297220
1200060,1200061
1616718,1616719
1284184,1284185
1158369,1158370
3348402,3348403
428679,428680
562083,562084
707249,707250
1711600,1711601
233078,233079
997063,997064
1353707,1353708
698238,698239
1693437,1693438
1570033,1570034
3234455,3234456
1329473,1329474
613006,613007
3114408,3114409
558931,558932
1570806,1570807
356031,356032
1411778,1411779
1779197,1779201
469946,469947
2171132,2171133
774508,774510
585036,585037
1128656,1128657
1436900,1436901
1992385,1992386
518537,518538
1027980,1027981
2150735,2150736
3274866,3274867
966688,966689
1979205,1979206
1550702,1550703
1334895,1334896
261097,261098
743709,743710
481365,481366
2215599,2215600
2199155,2199156
1154119,1154120
2122279,2122280
1422179,1422180
894751,894752
1752734,1752735
329413,329414
435486,435487
103590,103591
838451,838452
848893,848894
1014950,1014951
1994952,1994953
1742074,1742075
1441763,1441764
1958728,1958729
1278139,1278140
1021336,1021337
1109418,1109419
1070567,1070568
526642,526643
1789221,1789222
613151,613152
2007782,2007783
2258801,2258802
254911,254912
556973,556974
457701,457702
1412746,1412747
2000361,2000362
1512364,1512365
1841407,1841408
1530691,1530692
533573,533574
1167018,1167019
1150346,1150347
1499396,1499397
490018,490019
584088,584089
1154156,1154157
1034516,1034517
1945539,1945540
1076802,1076803
729122,729123
2113797,2113798
1848890,1848891
1218299,1218300
808780,808781
2247596,2247597
597577,597578
742242,742243
3263816,3263817
501229,501230
428149,428150
1484724,1484725
1019979,1019980
714641,714642
1450485,1450486
1672962,1672963
2240763,2240764
2111827,2111828
77068,77069
338989,338990
1473101,1473102
1489958,1489959
1760948,1760949
597335,597336
2110474,2110475
1294328,1294329
1033113,1033114
639466,639467
627228,627229
1377294,1377295
1276062,1276063
1186377,1186378
1856484,1856485
542292,542293
1958407,1958408
3217749,3217750
1346507,1346508
1296539,1296540
1616809,1616810
184369,184370
2031706,2031707
2088951,2088952
3118486,3118487
1131192,1131193
499753,499754
1501444,1501445
90886,90887
1225708,1225709
677531,677532
3248712,3248713
2020152,2020153
3294505,3294506
561508,561509
831897,831898
925753,925754
1181459,1181460
531313,531314
1364863,1364864
1816411,1816412
649131,649132
221238,221239
551747,551748
1709319,1709320
1662500,1662501
1307179,1307180
146337,146338
66309,66310
1875136,1875137
1695068,1695069
841523,841524
356638,356639
122795,122796
391821,391822
944902,944903
2228859,2228860
555497,555498
1898806,1898807
1688029,1688030
1674471,1674472
1811229,1811230
1077191,1077192
563937,563938
130450,130451
1197010,1197011
565280,565281
1853481,1853482
1577626,1577627
1929103,1929104
604034,604035
1091733,1091734
1581421,1581422
330015,330017
502916,502917
1234641,1234642
468245,468246
656431,656432
428836,428837
152764,152765
3237268,3237269
1701471,1701472
395341,395342
262298,262299
515918,515919
368664,368665
1139522,1139523
1589872,1589873
1889243,1889244
1565680,1565681
142340,142341
421662,421663
2108168,2108169
914616,914617
843315,843316
1270108,1270109
2258341,2258342
351026,351027
3292660,3292661
3321614,3321615
1593869,1593870
556269,556270
3324002,3324003
568221,568222
2043587,2043588
2009726,2009727
3286227,3286228
82515,82516
3310617,3310618
89749,89750
1079644,1079645
1068211,1068212
218719,218720
211265,211266
902113,902114
1653681,1653682
1756021,1756022
1487609,1487610
826959,826960
3277188,3277189
1082211,1082212
1300018,1300019
1423247,1423248
1888419,1888420
695293,695294
232236,232237
2013872,2013873
1174124,1174125
1285926,1285927
1118577,1118578
1112099,1112100
407803,407804
1274330,1274331
1212157,1212158
362619,362620
1070491,1070492
565749,565750
886614,886615
1368079,1368080
1662223,1662224
351502,351503
1311359,1311360
2107144,2107145
1182289,1182290
849958,849959
2097500,2097501
1632963,1632964
1156772,1156773
448044,448045
723778,723779
2061502,2061503
56023,56026
3314812,3314813
1915710,1915711
1102023,1102024
527515,527517
56623,56624
1533802,1533803
943353,943354
1050843,1050844
409949,409950
1866706,1866708
804647,804648
1295246,1295247
1253930,1253931
2153108,2153110
2138785,2138786
1948855,1948856
3231675,3231676
408926,408927
1731421,1731422
740750,740751
2176117,2176118
568536,568537
1199305,1199306
2106744,2106745
1955260,1955261
3323262,3323263
1348500,1348501
1607365,1607366
688286,688287
151225,151226
1146641,1146642
453194,453195
595154,595155
1424775,1424776
1205892,1205893
312413,312414
1532233,1532234
633514,633515
1377756,1377757
1083642,1083643
2017262,2017263
1709652,1709653
1753055,1753056
1600457,1600458
987388,987389
457151,457152
1940830,1940831
1649716,1649717
1491777,1491778
3322570,3322571
953874,953875
698639,698640
1409464,1409465
3131522,3131523
1953559,1953560
1478642,1478643
1357671,1357672
1747264,1747265
1479187,1479188
299716,299717
792374,792375
1915092,1915093
1268082,1268083
846986,846987
419426,419427
2072943,2072944
1746068,1746069
686256,686257
1856107,1856108
870808,870809
334799,334800
211247,211248
3104407,3104408
1213479,1213480
3356000,3356001
988935,988936
2113183,2113184
3349972,3349973
3239446,3239447
760979,760980
765403,765404
443225,443227
1021169,1021170
893557,893559
1131008,1131009
581753,581754
1782132,1782134
278362,278363
3344693,3344694
1122704,1122705
473945,473946
1881183,1881184
95122,95123
1838742,1838743
721334,721335
3265566,3265567
1321146,1321147
3292695,3292696
1338955,1338956
1253080,1253081
2159083,2159084
2077196,2077197
1268030,1268031
1643183,1643184
1259427,1259428
1104209,1104210
2074600,2074601
1690927,1690928
1122993,1122994
1158237,1158238
2217872,2217873
1892871,1892872
778635,778636
1083730,1083731
660106,660107
1014048,1014049
1008947,1008948
1263970,1263971
1374920,1374921
3355631,3355632
1200397,1200399
1375054,1375055
3224940,3224941
489527,489528
1359402,1359403
703224,703225
2213621,2213622
1708069,1708070
1619028,1619029
1049923,1049924
2066058,2066059
1178893,1178894
984576,984578
484768,484769
299934,299935
1522196,1522197
1963850,1963852
1266301,1266302
895655,895656
2126246,2126247
635969,635970
2191102,2191103
1183622,1183623
1086203,1086204
1530890,1530891
3233685,3233686
1025171,1025172
1437551,1437552
838250,838251
1973500,1973501
2143346,2143347
1754834,1754835
1468902,1468903
1188187,1188188
174728,174729
1866489,1866490
65939,65940
740965,740966
1048635,1048636
1707390,1707391
923021,923022
1506881,1506882
1776009,1776010
3298347,3298348
3298170,3298171
951218,951219
105438,105439
591403,591404
564204,564205
516535,516536
1333353,1333354
1076371,1076372
236071,236072
306565,306566
1699780,1699781
1149334,1149335
1775829,1775830
1083807,1083808
1155859,1155860
1152361,1152362
1332037,1332038
242939,242940
1305479,1305480
1234117,1234118
1243273,1243274
1290946,1290947
1762606,1762607
911750,911751
1586397,1586398
75554,75555
1273479,1273480
1771753,1771754
1870135,1870136
1080335,1080336
1099146,1099147
1964401,1964402
66624,66625
2228599,2228600
484327,484328
418509,418510
1039046,1039047
3278538,3278539
1916969,1916970
911322,911323
191738,191739
613032,613033
1051854,1051855
1797888,1797889
1097071,1097072
880578,880579
54234,54235
283832,283834
2074782,2074783
122830,122831
1517181,1517182
2019686,2019687
1424078,1424079
1259794,1259795
1761081,1761082
248005,248006
309922,309924
1689829,1689830
917594,917595
236688,236689
1288665,1288667
1938320,1938321
365788,365789
410916,410917
1194705,1194706
1560995,1560996
604686,604687
1493607,1493608
3256130,3256131
780900,780901
87755,87756
108823,108824
856639,856640
83614,83615
2144037,2144038
235753,235754
1346259,1346260
1679750,1679751
1761978,1761979
980787,980788
710366,710367
1610541,1610542
1153886,1153887
225335,225336
1560293,1560294
532094,532095
1709987,1709988
1563324,1563325
2046043,2046044
560659,560660
1242686,1242687
301728,301729
584578,584579
735419,735420
443648,443649
2148334,2148335
1067912,1067913
1633931,1633932
1296729,1296730
1186565,1186566
1465362,1465363
100358,100359
396788,396789
792972,792973
654208,654209
1453099,1453100
3260308,3260309
1960292,1960294
1676055,1676056
3253593,3253594
455455,455456
636618,636619
586283,586284
1971604,1971605
2054125,2054126
3257078,3257079
465717,465719
960973,960974
1121712,1121713
1151177,1151178
492904,492905
1236326,1236327
955643,955644
1609821,1609822
3219508,3219509
502622,502623
341902,341903
1509962,1509963
724653,724654
728812,728813
62826,62827
71715,71716
291283,291284
922886,922887
2063073,2063074
3286104,3286105
952041,952042
3268923,3268924
1247089,1247090
2250138,2250139
1685293,1685294
490095,490096
462891,462892
396476,396477
1501838,1501839
1951918,1951919
117996,117997
1493805,1493806
242191,242192
111815,111816
461270,461271
1395330,1395331
1981910,1981911
2186386,2186387
1773795,1773796
1164273,1164274
3343204,3343205
717042,717043
1822415,1822416
979509,979510
89626,89627
1342728,1342729
2032554,2032555
1399806,1399807
1632269,1632270
1106267,1106268
384409,384410
1003296,1003297
1629860,1629861
161351,161352
1360563,1360564
1906078,1906079
414054,414055
1636149,1636151
1167896,1167897
1046324,1046325
177740,177741
513049,513050
2222944,2222945
2210835,2210836
526274,526275
149956,149957
114408,114409
637747,637748
1757420,1757421
1828860,1828861
1678244,1678245
463697,463698
764084,764085
754835,754836
975078,975079
520380,520381
1034835,1034836
1868378,1868379
165606,165607
283958,283959
65454,65455
652663,652664
3287927,3287928
1547395,1547396
573032,573033
265130,265131
1783719,1783720
424404,424405
1943138,1943139
3271075,3271076
1775336,1775337
880241,880242
668362,668363
1405023,1405024
985655,985656
1195229,1195230
509611,509612
1214655,1214656
196943,196944
471753,471754
920645,920646
2001121,2001122
1995590,1995591
114694,114695
288843,288844
2163417,2163418
1472299,1472300
2127238,2127239
1155005,1155006
269602,269603
1287129,1287130
737325,737326
1377183,1377184
676176,676177
1619241,1619242
744963,744964
3237903,3237904
3237821,3237822
2004139,2004140
1080924,1080925
785792,785793
301883,301884
1246940,1246941
3267515,3267516
628668,628669
1564379,1564380
942643,942644
1593319,1593320
436401,436402
287591,287592
1877427,1877428
1727600,1727601
501515,501516
2036423,2036424
1515227,1515228
2162781,2162782
130799,130800
327804,327805
134870,134871
697758,697759
57696,57697
3273649,3273650
171666,171667
1347176,1347177
738933,738934
1050206,1050207
1280220,1280221
294221,294222
2216116,2216117
1704660,1704661
641433,641434
1906418,1906419
750219,750220
161992,161993
298154,298155
756142,756143
227987,227988
721591,721592
122714,122715
3356034,3356035
1229343,1229344
2182463,2182464
740152,740153
2190094,2190095
1730257,1730258
2027595,2027596
339989,339990
1188497,1188498
154135,154136
922199,922200
852797,852798
3299981,3299982
1204400,1204402
2105574,2105575
1429482,1429483
1621480,1621481
145122,145123
2058012,2058013
3342192,3342193
1753961,1753962
1050904,1050905
1820049,1820050
294284,294285
1695808,1695809
1665749,1665750
3256897,3256898
3317872,3317873
1436749,1436750
1234809,1234810
688929,688930
1855858,1855859
933078,933079
1155197,1155198
1608857,1608858
984224,984225
1586125,1586126
1251295,1251296
1266189,1266190
3118830,3118831
1384451,1384452
988785,988786
2105431,2105432
2124932,2124933
926411,926412
2054498,2054499
1338334,1338335
1347741,1347742
2214852,2214853
1457359,1457360
328701,328702
1002774,1002775
357269,357270
3280873,3280874
1330517,1330518
1319617,1319618
1367032,1367033
258137,258138
2199695,2199696
2251268,2251269
952909,952910
203640,203641
1154607,1154608
994640,994641
1219524,1219525
186171,186172
1323801,1323802
325098,325099
1987777,1987778
1120280,1120281
1991527,1991528
659172,659173
469693,469694
808984,808985
801104,801105
392602,392603
1332050,1332051
1034656,1034657
1831650,1831651
810237,810238
1264068,1264069
56708,56709
65129,65130
1156413,1156414
946777,946778
542624,542625
1775189,1775190
1756379,1756381
2038297,2038298
650520,650521
1487877,1487879
1792771,1792772
1824642,1824643
1447593,1447594
1630108,1630109
3122649,3122650
1866714,1866715
104373,104374
1185550,1185551
171023,171024
1566010,1566011
1237829,1237830
1235682,1235683
1589925,1589926
1927086,1927087
1287588,1287589
1043238,1043239
108452,108453
874345,874346
61695,61696
1433564,1433565
672556,672557
3252483,3252484
1728637,1728638
235171,235172
120104,120105
721948,721949
1842323,1842324
2154612,2154613
1644385,1644386
1657766,1657767
2147143,2147144
2126518,2126519
3346491,3346492
374143,374144
398888,398889
1787318,1787319
654861,654862
2049956,2049957
1713045,1713046
917902,917903
1428347,1428348
1607550,1607551
1501982,1501983
3290858,3290859
216108,216109
1209942,1209943
481964,481965
1964854,1964855
695884,695885
3291880,3291881
1737985,1737986
1157575,1157576
986612,986613
2035165,2035166
2215444,2215446
1391011,1391012
1577848,1577849
652207,652210
2092758,2092759
1631840,1631841
452994,452995
1926336,1926337
336920,336921
1299092,1299093
1322933,1322934
65906,65907
1625547,1625548
98712,98713
613066,613067
187197,187198
1290848,1290849
2048133,2048134
1353067,1353068
325132,325133
2145223,2145224
748978,748979
586062,586063
575140,575141
1670689,1670690
613506,613507
768148,768149
1136061,1136062
285381,285382
1092633,1092634
1805864,1805865
2181465,2181466
2149518,2149519
682464,682465
1245551,1245552
1199534,1199535
1609752,1609753
582926,582927
2190166,2190167
2242618,2242620
3213264,3213265
344676,344677
2179177,2179179
1762118,1762119
1793056,1793057
605886,605887
471804,471805
292622,292623
726749,726750
115849,115850
906153,906154
561176,561177
262430,262431
1551713,1551714
1164594,1164595
3343080,3343081
3314709,3314710
1079984,1079985
190064,190065
384904,384905
1042413,1042414
3247141,3247142
145591,145592
1805531,1805532
1026804,1026805
1635798,1635799
1259874,1259875
575841,575842
1559125,1559126
2229155,2229156
1693669,1693670
1540429,1540430
1709671,1709672
1589891,1589892
654062,654063
2152980,2152981
1090021,1090022
1859682,1859683
847445,847446
1458911,1458912
1214458,1214459
1988660,1988661
529776,529777
946985,946986
1545814,1545815
1331170,1331171
1789295,1789296
1169966,1169967
1303258,1303259
1752439,1752440
1487265,1487266
3122038,3122039
1953593,1953594
1743670,1743671
322037,322038
1261764,1261765
293735,293736
1597630,1597631
1249640,1249641
1551919,1551920
167984,167985
661109,661110
598897,598898
2057908,2057909
485437,485438
2214721,2214722
1193092,1193093
176019,176020
379948,379949
2237124,2237125
1127754,1127755
1052979,1052980
2143475,2143476
376547,376548
2112554,2112555
1281360,1281361
2226511,2226512
645098,645099
622178,622179
464826,464827
649624,649625
400863,400864
1114253,1114254
412556,412557
1614068,1614069
1581486,1581487
1070235,1070236
944057,944058
627426,627427
319956,319957
1807111,1807112
1905826,1905827
1238512,1238513
1002727,1002728
123604,123605
1837491,1837492
1046945,1046946
1667573,1667574
439457,439458
521963,521964
589063,589064
626972,626973
2209237,2209238
1773214,1773215
710039,710040
1634372,1634373
2192071,2192072
796816,796817
1261670,1261671
1778186,1778187
3254222,3254223
287248,287249
1624011,1624012
2096443,2096444
1801533,1801534
2125633,2125634
2172973,2172974
103872,103873
2182300,2182301
1997457,1997458
279047,279048
1629695,1629696
1361040,1361041
668533,668534
540213,540214
1109875,1109876
1425622,1425623
2175690,2175691
1395774,1395775
1949639,1949640
3318922,3318923
277246,277247
1441511,1441512
1344659,1344660
3293351,3293352
1222406,1222407
59565,59566
954026,954027
1238924,1238925
1437787,1437788
1100370,1100371
1898419,1898420
250469,250470
1238000,1238001
1111852,1111853
534756,534757
424286,424287
585290,585291
1343690,1343691
71772,71773
916287,916288
772471,772472
1689812,1689813
1666960,1666961
1580153,1580154
1025596,1025597
2094542,2094543
383466,383467
1494862,1494863
2257915,2257916
2096533,2096534
1369976,1369977
1053435,1053436
1363240,1363241
1948155,1948156
387312,387313
236462,236463
1975623,1975624
1804635,1804636
1070814,1070815
1558264,1558265
1643118,1643119
1450974,1450975
253884,253885
847302,847303
986245,986246
958866,958867
188795,188796
1172565,1172566
1874493,1874494
1520409,1520410
1574168,1574169
1293326,1293327
1652419,1652420
1800124,1800125
369354,369355
257921,257922
165710,165711
2140017,2140018
1063728,1063729
439758,439759
1926696,1926697
1748490,1748491
2170794,2170795
1360363,1360364
1642257,1642258
1915946,1915947
1575755,1575756
2193915,2193916
3235045,3235046
1131845,1131846
1558435,1558436
1025558,1025559
1296278,1296279
3243187,3243188
242913,242914
1964490,1964491
1213195,1213196
180060,180061
872050,872051
350863,350864
585670,585671
1423790,1423791
1921504,1921505
1732202,1732203
770482,770483
1070452,1070453
1978549,1978550
1998217,1998218
1153538,1153539
1892806,1892807
2123777,2123778
527612,527614
3287258,3287259
1370229,1370230
225906,225907
857438,857439
381130,381131
598420,598421
1046482,1046483
364684,364685
2056015,2056016
2002205,2002206
1068115,1068116
220570,220571
2155025,2155026
1919464,1919465
81505,81506
2073282,2073283
752262,752263
1372974,1372975
1841787,1841788
1174937,1174938
1434376,1434377
766879,766880
781352,781353
864535,864536
886702,886703
3231437,3231438
410269,410270
1088409,1088410
3220447,3220448
2091033,2091034
2241821,2241822
302414,302415
1889407,1889408
1056109,1056110
3355953,3355954
1313065,1313066
776272,776273
2004443,2004444
2146468,2146469
1813817,1813818
320631,320632
1981613,1981614
131783,131784
1151988,1151989
475853,475854
1492955,1492956
2131419,2131420
2038837,2038838
1403122,1403123
903977,903978
231146,231147
708449,708450
930425,930426
3307549,3307550
1932226,1932227
2072674,2072675
793051,793052
1963548,1963549
621936,621937
1808343,1808344
738105,738106
1185201,1185203
1596389,1596390
3291866,3291867
3274628,3274629
775695,775696
1989849,1989850
2082649,2082650
1022897,1022898
800136,800137
3286629,3286630
1408353,1408354
649760,649761
3332079,3332080
428134,428135
145980,145981
924792,924793
2199878,2199879
1325529,1325530
1787091,1787092
2149820,2149821
850358,850359
1099598,1099599
293635,293636
3325098,3325099
1244461,1244462
1125144,1125145
253717,253718
1198380,1198381
2156592,2156593
1432185,1432186
1528730,1528731
60561,60562
376836,376837
761807,761808
994393,994394
2092868,2092869
1353479,1353480
1071622,1071623
878524,878525
681438,681439
3263247,3263248
59545,59546
982468,982469
3331187,3331188
555477,555478
1643229,1643230
1884042,1884043
1111836,1111837
2055343,2055344
1257388,1257389
1982067,1982068
1988324,1988325
425826,425827
142616,142617
1543740,1543741
153954,153955
1571668,1571669
1999946,1999947
1093758,1093759
264373,264374
1940201,1940202
1455155,1455156
272609,272610
2198051,2198052
897433,897434
750154,750155
1409809,1409810
283773,283774
1311833,1311834
1466672,1466673
522470,522471
3344532,3344533
3108911,3108912
3299371,3299372
1537286,1537287
1262929,1262930
531687,531688
331468,331469
887944,887945
1722705,1722706
577040,577041
732727,732728
1905035,1905036
3100209,3100210
1690906,1690907
1556165,1556166
314628,314629
2159904,2159905
524219,524220
1847917,1847918
3212058,3212059
3331676,3331677
482456,482457
177199,177200
791851,791852
272706,272707
801899,801900
2170227,2170228
2138191,2138192
386260,386261
263633,263634
1183137,1183138
441244,441245
1298660,1298661
1675147,1675148
381393,381394
967570,967571
1437601,1437602
186219,186220
2158577,2158578
1840148,1840149
1227687,1227688
1629437,1629438
775545,775546
965172,965173
2142335,2142336
913875,913876
3109883,3109884
418277,418278
364502,364503
1127618,1127619
622440,622441
537694,537695
1062412,1062413
1085938,1085939
2208140,2208141
1121092,1121093
1452129,1452130
497147,497148
381517,381518
2155904,2155905
1634749,1634750
2243406,2243407
998856,998857
1303997,1303998
200197,200198
1177624,1177625
179033,179034
1535783,1535785
3314576,3314577
290875,290876
1545041,1545042
3133059,3133060
1330172,1330173
2246284,2246285
1048622,1048623
984277,984278
2166952,2166953
1418180,1418181
1316299,1316300
1468314,1468315
1148710,1148711
417823,417824
1552196,1552197
930735,930736
2219271,2219272
2241078,2241079
1305891,1305892
998561,998562
1861746,1861747
229920,229921
2230481,2230482
1207458,1207459
99852,99853
1319411,1319412
565372,565373
2112381,2112382
1430469,1430470
1354957,1354958
731000,731001
982623,982624
1510285,1510286
1277378,1277379
1647507,1647508
1424530,1424531
399532,399533
282621,282622
1201608,1201609
1741298,1741299
3239865,3239866
1266363,1266364
386457,386458
457316,457317
1613471,1613472
709267,709269
1321661,1321662
1384736,1384737
919082,919083
953194,953195
1081205,1081206
1936868,1936869
996466,996467
950173,950174
1236393,1236394
1526798,1526799
471306,471307
1581300,1581301
1173801,1173802
1024098,1024099
2089502,2089503
3239907,3239908
1686884,1686885
350828,350829
228672,228673
2000588,2000589
1281293,1281294
574244,574245
1069268,1069269
357955,357957
1054437,1054438
2235693,2235694
1151628,1151629
1206890,1206891
1371017,1371018
346977,346978
769313,769314
1899807,1899808
1534639,1534640
599285,599286
382678,382679
3277317,3277318
1262696,1262697
2226416,2226418
3119271,3119272
1794458,1794459
1062259,1062260
1277771,1277772
1661884,1661885
551643,551644
2049409,2049410
1757686,1757688
1730941,1730942
577686,577687
1459830,1459831
677434,677435
1648735,1648736
2139994,2139996
1960839,1960840
2016478,2016479
863168,863169
1784163,1784164
1510485,1510486
195330,195331
1141748,1141749
1367747,1367748
870189,870190
1514963,1514964
465944,465945
1882545,1882547
2136203,2136204
100713,100714
897830,897831
729317,729318
1177504,1177505
1428851,1428852
804462,804463
3130050,3130051
1278255,1278256
721294,721295
222973,222974
248915,248916
1987149,1987150
1835593,1835594
2198872,2198873
3218722,3218723
2189207,2189208
1973216,1973217
1488601,1488602
1648695,1648696
1561870,1561871
1243105,1243106
649960,649961
994521,994522
654484,654485
715553,715554
1359788,1359789
1888380,1888381
1158616,1158617
250501,250502
1275467,1275468
3311731,3311732
949183,949184
277826,277827
1829266,1829267
61662,61663
406824,406825
3344122,3344123
3132167,3132168
1568675,1568676
1204875,1204876
2187909,2187910
2253537,2253538
694788,694789
1979943,1979944
1318786,1318787
3226857,3226858
1835169,1835170
1739586,1739587
761644,761645
1300535,1300536
555456,555457
288728,288729
1411848,1411849
1512821,1512822
550452,550453
1166581,1166582
669780,669781
1142177,1142178
457134,457135
1992477,1992478
1857992,1857993
1579774,1579775
1873313,1873314
1940331,1940332
1503120,1503121
773045,773046
585446,585447
838162,838163
1096352,1096353
579995,579996
1469310,1469311
2244946,2244947
2188843,2188845
598653,598654
667613,667614
65386,65387
983030,983031
1804674,1804675
2155199,2155200
3108954,3108955
1082933,1082934
1750670,1750671
426914,426915
3314916,3314917
808571,808572
651439,651440
710451,710452
1461470,1461471
415049,415050
1791031,1791033
1962521,1962522
2055307,2055308
1236626,1236627
3307034,3307035
3345331,3345332
560049,560050
795510,795511
1629603,1629604
635928,635929
1468182,1468183
1266831,1266832
1093189,1093190
1136227,1136228
1227943,1227944
1318717,1318718
874677,874678
1397278,1397279
152539,152540
805240,805241
100513,100514
2026175,2026176
1042642,1042643
379441,379442
150908,150909
103770,103771
1979600,1979601
480880,480881
1984678,1984679
3257275,3257276
656452,656453
3282967,3282968
761658,761659
82123,82124
207564,207565
763737,763738
1541811,1541812
1991326,1991327
1609199,1609200
1620334,1620335
117552,117553
1293709,1293710
684008,684009
100343,100344
1062192,1062193
2011851,2011852
1156040,1156041
169240,169241
1848876,1848877
1636437,1636438
689793,689794
1844755,1844756
785700,785701
185352,185353
220606,220607
2172475,2172476
598339,598341
871034,871035
487105,487106
1833048,1833049
283855,283856
1986132,1986133
1901872,1901873
615080,615081
1437025,1437026
3241253,3241254
364666,364667
1696952,1696953
659391,659392
1703674,1703675
659093,659094
562163,562164
597245,597246
312872,312873
1634000,1634001
779470,779471
532923,532924
2047260,2047261
238361,238362
1445588,1445589
1906313,1906314
2116174,2116175
988352,988353
2188478,2188480
231771,231772
77335,77336
405737,405738
325249,325250
770364,770365
446631,446632
1189237,1189238
1320891,1320892
1630607,1630608
486881,486882
1060056,1060057
1217107,1217108
1413776,1413777
187670,187671
1609179,1609180
1653139,1653140
270727,270728
1058336,1058337
1417551,1417552
1325925,1325926
1556788,1556789
981487,981488
2189688,2189689
108546,108547
3233292,3233293
1498691,1498692
837033,837034
1035278,1035279
1659020,1659021
2149955,2149956
1296672,1296673
1326632,1326633
1146180,1146181
2015839,2015840
616561,616562
563885,563886
135584,135585
1416405,1416406
1813330,1813331
1741826,1741827
493372,493373
2139306,2139307
2243471,2243472
1731197,1731198
1802201,1802202
891969,891970
248177,248178
1667515,1667516
335214,335215
564337,564338
3346464,3346465
707206,707207
3253190,3253191
1554518,1554519
292931,292932
357093,357094
1674602,1674603
1052416,1052417
806613,806614
647105,647106
1833139,1833140
1829937,1829938
1822143,1822144
2139921,2139922
1414689,1414690
874879,874880
1165460,1165461
1078480,1078481
636596,636597
1266445,1266446
2029821,2029822
1482735,1482736
1665229,1665230
347440,347441
291136,291137
670043,670044
876928,876929
830576,830577
425313,425314
1668383,1668385
2147699,2147700
258837,258838
1805482,1805483
1286247,1286248
2224913,2224914
1025730,1025731
1396662,1396663
2055075,2055076
1719389,1719390
1128100,1128101
762144,762145
1495897,1495898
2124624,2124625
547351,547352
1704780,1704781
2131511,2131512
371394,371395
320142,320143
1411709,1411710
346648,346649
1115741,1115742
901652,901653
978375,978376
562521,562522
169770,169771
602908,602909
852626,852627
225181,225182
1253209,1253210
1416370,1416371
753610,753611
946479,946480
1968016,1968017
678398,678399
1381823,1381825
1049053,1049054
2164185,2164186
1284463,1284464
1934223,1934224
1057925,1057926
2000411,2000412
1390235,1390236
1635012,1635013
3299947,3299948
818994,818995
1776878,1776879
2214635,2214636
1720310,1720311
1224764,1224765
553985,553986
1573108,1573109
591307,591308
679689,679690
1694452,1694453
676382,676383
517158,517159
747880,747881
1429367,1429368
1418144,1418145
2124855,2124856
1996723,1996724
2030795,2030796
2171901,2171902
918336,918337
1817928,1817929
3287219,3287220
682143,682144
672860,672862
1344248,1344249
58143,58144
1962705,1962706
1294940,1294941
236625,236626
1266014,1266015
2235964,2235965
414565,414566
683274,683275
1207887,1207888
1969506,1969507
1747834,1747835
1554120,1554121
1207954,1207955
2084154,2084155
1806004,1806005
1857143,1857144
377259,377260
208319,208320
2116887,2116888
418877,418878
444284,444285
987949,987950
1492521,1492522
1836954,1836955
1826101,1826102
759388,759389
2164018,2164019
1540066,1540067
2217653,2217654
373215,373216
287139,287140
2258459,2258460
1602976,1602977
3135137,3135138
680424,680425
1898360,1898361
1642685,1642686
1431579,1431580
684442,684443
1177370,1177371
1922744,1922745
1654733,1654734
277189,277190
1433511,1433512
455098,455099
1833118,1833119
1297748,1297749
2015227,2015228
831471,831472
252597,252598
1923525,1923526
2189487,2189488
1176104,1176105
3295692,3295693
1970635,1970636
757625,757626
59580,59581
2219748,2219749
1909520,1909521
57060,57061
1260762,1260763
1100999,1101000
1656345,1656346
56173,56174
3223336,3223337
1358323,1358324
1871371,1871372
63158,63159
1648570,1648571
1573502,1573503
713508,713509
195196,195197
1757639,1757640
1149117,1149118
93441,93442
680750,680751
273992,273993
2041007,2041008
288946,288947
680446,680447
1308695,1308696
584407,584408
1451777,1451778
1251440,1251443
512801,512802
2033855,2033857
1693561,1693562
780197,780198
257736,257737
681470,681471
1252219,1252220
1278239,1278240
3346403,3346404
865723,865724
3344087,3344088
1794084,1794086
2243448,2243449
2149610,2149611
2079777,2079778
1535057,1535058
1573295,1573296
1577650,1577651
3297342,3297343
1627192,1627193
639841,639842
1384722,1384723
1715278,1715279
1801589,1801590
1093339,1093340
2058099,2058100
578618,578619
781602,781604
2171412,2171413
511182,511183
519773,519774
2138885,2138886
205296,205297
906111,906112
1172676,1172677
454194,454195
106712,106713
1151272,1151273
1170901,1170902
1423888,1423889
2226705,2226706
1803473,1803474
1983623,1983624
2201263,2201264
1761047,1761048
1867187,1867188
135297,135298
684147,684148
2126994,2126995
1146807,1146808
2254334,2254335
1672445,1672446
1379382,1379383
1304452,1304453
2242126,2242127
1971798,1971799
1676035,1676036
1046444,1046445
2228933,2228934
954687,954688
2158911,2158912
356719,356721
1227379,1227380
1908339,1908340
957954,957955
1394796,1394797
506042,506043
2243299,2243300
1868819,1868820
307693,307694
3294696,3294697
1160848,1160849
509595,509596
1576728,1576729
1768514,1768515
1514070,1514071
1157126,1157127
2254279,2254280
1429853,1429854
1902490,1902491
1435280,1435281
1594630,1594631
1628076,1628077
330516,330517
494134,494135
1726661,1726662
1244183,1244184
1897268,1897269
1535672,1535673
832921,832922
575543,575544
2055527,2055528
812900,812901
1892493,1892494
848646,848647
2017453,2017454
1734601,1734602
792226,792227
1348049,1348050
1229008,1229009
2067038,2067039
242348,242349
762283,762284
763439,763440
59809,59810
1002130,1002134
249457,249458
1499166,1499167
2225693,2225694
395904,395905
2047451,2047452
2054019,2054020
1912917,1912918
1781731,1781732
1497323,1497324
2051626,2051627
1131341,1131342
1419359,1419360
574482,574483
753675,753676
309517,309520
1254665,1254666
319860,319861
2054964,2054965
576337,576338
1941522,1941523
579395,579396
1361588,1361589
2107675,2107676
1624908,1624909
3334193,3334194
2090933,2090934
1572717,1572718
54763,54764
3355515,3355516
1270938,1270939
987641,987642
1626622,1626623
3315856,3315857
1298300,1298301
446919,446920
1661566,1661567
2227658,2227659
1943642,1943643
2188593,2188594
802189,802190
1676599,1676600
1497617,1497618
552557,552558
1646077,1646078
1989506,1989507
285960,285961
2251064,2251065
1525486,1525487
89649,89650
503804,503805
284027,284028
1348785,1348786
1461756,1461757
2012577,2012578
2023811,2023812
1830225,1830226
3255613,3255614
1397819,1397820
834281,834282
2021181,2021182
3128711,3128712
928178,928179
194884,194885
1467097,1467098
849454,849455
2205852,2205853
745522,745523
817985,817986
2129656,2129657
774669,774670
1183056,1183057
63601,63602
1929551,1929552
1566165,1566166
214539,214540
770038,770039
977308,977309
1317457,1317458
1474607,1474608
114841,114842
684309,684310
1630128,1630129
1733153,1733154
187009,187010
1518936,1518937
412790,412791
1732382,1732383
1454460,1454461
3266171,3266172
858945,858946
1121020,1121021
1722282,1722283
1011385,1011386
2078917,2078918
463424,463425
1315359,1315360
1563454,1563455
913662,913663
125757,125758
1784952,1784954
689432,689433
3285664,3285665
1271604,1271605
2097083,2097084
2231735,2231736
1545901,1545902
2199968,2199969
1600519,1600520
2235129,2235130
167915,167916
1984895,1984896
648910,648911
1631334,1631335
228385,228387
1562338,1562340
1136960,1136961
199556,199557
1892046,1892047
3293424,3293425
1197677,1197678
1434921,1434922
1098083,1098084
3354389,3354390
80324,80325
979241,979242
989822,989823
1591036,1591037
399411,399412
896310,896311
1063202,1063203
249934,249935
1425523,1425524
1615308,1615309
1584001,1584002
564687,564688
1940158,1940159
1231072,1231073
1769253,1769254
2235153,2235154
1383189,1383190
1481981,1481982
1624850,1624851
1113639,1113640
737358,737359
2004099,2004100
1482166,1482167
1858394,1858395
1239151,1239152
1063656,1063657
924125,924126
1601097,1601098
3326393,3326394
1783274,1783275
2031099,2031100
1694011,1694012
861385,861386
1794017,1794018
1269637,1269638
1527698,1527699
838532,838533
871252,871253
1808193,1808194
193281,193282
275206,275207
2075779,2075780
248549,248550
3273490,3273491
2062819,2062820
751610,751611
3327972,3327973
123622,123623
945417,945418
3261904,3261905
1793796,1793798
1130765,1130766
3343311,3343312
1579793,1579794
109940,109941
886069,886070
821105,821106
234569,234570
1926759,1926760
774971,774972
3279578,3279579
1686739,1686740
740187,740188
1691648,1691649
3259425,3259426
384507,384508
1812292,1812293
67083,67084
693922,693923
848817,848818
612480,612481
3321230,3321231
1354849,1354850
973757,973759
563390,563391
1589771,1589772
1233190,1233192
2069932,2069933
1374967,1374968
692234,692235
211700,211701
213490,213491
681493,681494
163993,163994
1957309,1957310
367944,367945
1529139,1529140
299579,299581
3303531,3303532
799197,799198
1867909,1867910
916691,916692
1054598,1054599
2174779,2174780
1312345,1312346
801650,801651
511097,511098
2104822,2104823
2004079,2004080
913436,913437
1377682,1377683
1172344,1172345
2209753,2209754
1997127,1997128
974996,974998
3245734,3245735
2124136,2124137
947002,947003
1069485,1069486
1700467,1700468
3247439,3247440
1014310,1014311
867291,867292
1064862,1064863
1916661,1916662
3273092,3273093
162748,162749
1510541,1510542
1133667,1133668
1461449,1461450
1913375,1913376
1514526,1514527
879726,879727
450813,450814
220304,220305
649919,649920
613734,613735
1533607,1533608
847127,847128
1707007,1707008
356826,356827
1884193,1884194
576500,576501
3355097,3355098
128688,128689
1278926,1278927
1264366,1264367
3331075,3331076
1924251,1924252
485313,485314
3356159,3356160
1867862,1867863
1769281,1769282
996117,996118
647888,647889
582055,582056
1039298,1039299
74188,74189
1219444,1219445
1930222,1930223
2101932,2101933
212247,212248
2023042,2023043
2245974,2245975
2209177,2209178
967233,967234
996343,996344
781126,781127
3110464,3110465
1978417,1978418
916031,916032
1795487,1795488
3135221,3135222
1578365,1578366
351391,351392
3307564,3307565
523934,523935
2052518,2052519
1733651,1733652
503383,503384
1722017,1722018
1218648,1218649
554954,554955
333674,333675
776615,776616
1829999,1830000
1072826,1072827
2158523,2158524
154818,154819
152637,152638
1451374,1451375
1553864,1553865
1927274,1927275
2128490,2128491
3352069,3352070
2153310,2153311
1377583,1377584
1080371,1080372
720116,720117
2053294,2053295
1335011,1335012
1827275,1827276
375897,375898
766788,766789
2078903,2078904
340478,340479
251828,251829
1052677,1052678
1348178,1348179
760882,760883
1503860,1503861
2007796,2007797
3354783,3354784
1769904,1769905
1429449,1429450
1903373,1903374
2029700,2029701
755774,755775
3123430,3123431
1830426,1830427
453737,453738
342024,342025
1402917,1402918
328596,328597
851776,851777
1770272,1770273
1909637,1909638
106927,106928
1565026,1565027
420967,420968
875746,875747
355566,355567
1164430,1164431
1513879,1513880
1148291,1148292
332731,332732
271185,271186
360721,360722
578851,578852
436873,436874
556057,556058
608188,608189
1617495,1617496
769953,769954
926999,927000
1151359,1151360
2151231,2151232
1325548,1325549
459235,459236
859715,859716
370715,370716
1789344,1789347
233274,233275
1847316,1847317
269437,269438
2173075,2173077
3352241,3352242
1599037,1599038
1253862,1253863
1919373,1919374
1810243,1810244
1695539,1695540
987204,987205
1509199,1509200
1359154,1359155
2254608,2254609
1987850,1987851
423284,423285
70459,70460
1250744,1250745
505906,505907
1533366,1533367
1862595,1862596
3334248,3334249
82825,82826
1620295,1620296
3222341,3222342
2113000,2113001
1356321,1356322
1680556,1680557
2188634,2188635
272198,272199
71507,71508
1055882,1055883
1120088,1120089
1913355,1913356
953812,953813
1559848,1559849
1423229,1423230
2081091,2081092
2177089,2177090
1112948,1112949
661497,661498
1751253,1751254
3288254,3288255
742484,742485
1176832,1176833
2033792,2033793
1197255,1197256
1328711,1328712
3326513,3326514
1959157,1959158
302923,302925
1898754,1898755
455373,455374
109237,109238
1667060,1667061
3287082,3287083
1929216,1929217
1120697,1120698
823488,823489
1115160,1115161
290551,290552
1852725,1852726
1905360,1905361
1206732,1206733
2231584,2231585
1424146,1424147
1248036,1248037
1936850,1936851
205948,205949
1349046,1349047
1471053,1471054
1997493,1997494
1291432,1291433
1312002,1312003
1574465,1574466
1340286,1340288
2074850,2074851
3284538,3284539
1083445,1083446
388035,388036
951362,951364
3284903,3284904
1409720,1409721
1092507,1092508
2176058,2176059
1459436,1459437
560636,560637
153811,153812
145036,145037
977072,977073
1463689,1463690
960422,960423
190297,190298
2157286,2157287
622830,622831
415994,415995
162410,162411
1451111,1451112
246872,246873
2149100,2149101
1374774,1374775
1645894,1645895
1785737,1785738
1590628,1590629
3284730,3284731
2204864,2204865
1145516,1145517
340857,340858
1703149,1703150
1365181,1365182
3131460,3131461
3288857,3288858
357505,357506
1339885,1339886
1749465,1749466
425005,425006
2165353,2165354
1569480,1569481
1387270,1387271
150129,150130
117269,117270
1011358,1011359
2058146,2058147
1459681,1459682
344299,344300
1268013,1268014
1700667,1700668
299889,299890
3303342,3303343
1792306,1792307
774933,774934
2091478,2091479
436069,436070
3350833,3350834
373486,373487
1643364,1643365
1408938,1408939
1491480,1491481
1228931,1228932
1240370,1240371
224805,224806
2190130,2190131
1479857,1479858
109424,109425
1962133,1962134
301055,301056
552739,552740
1740478,1740480
749963,749964
547902,547903
2257143,2257144
1135184,1135185
881101,881102
1246459,1246460
1624109,1624110
722267,722268
338747,338748
985013,985014
356079,356080
105150,105151
2198510,2198511
1730738,1730739
1151810,1151811
387923,387924
631152,631153
385538,385539
1766142,1766143
921614,921615
1312295,1312296
644844,644845
1576621,1576622
2180267,2180268
2241142,2241143
1834196,1834197
1897103,1897104
2249603,2249604
1391028,1391029
953540,953541
1435165,1435166
777377,777378
1588530,1588531
1052364,1052365
1821441,1821442
1097500,1097501
580413,580414
3122098,3122099
456974,456975
1252167,1252168
1980016,1980017
1204604,1204605
1045144,1045145
1555731,1555732
61120,61121
1094065,1094066
335444,335445
2169544,2169545
1407736,1407737
594989,594990
186345,186347
1130084,1130085
1413046,1413047
1235111,1235112
878088,878089
417860,417861
1705834,1705835
1146540,1146541
2155926,2155927
2134920,2134921
487734,487735
1648250,1648251
1080759,1080760
1191002,1191003
1179296,1179297
1487078,1487079
594084,594085
914326,914327
1681315,1681316
737780,737781
3276783,3276784
1915285,1915286
1525121,1525122
1115457,1115458
2102788,2102789
577162,577163
1559663,1559664
1778855,1778856
2210335,2210336
3295964,3295965
855273,855274
1599628,1599629
1105158,1105159
1461675,1461676
1077263,1077264
1366451,1366452
2253995,2253996
3244789,3244790
1680925,1680927
1209266,1209267
1338144,1338145
1104999,1105000
1468635,1468636
759301,759302
1765149,1765150
1401878,1401879
814731,814732
1829472,1829473
1998251,1998252
672664,672665
1673553,1673554
1874973,1874974
2180667,2180668
1865650,1865651
2000923,2000924
105271,105272
1067338,1067339
2055277,2055278
1718133,1718134
1541036,1541037
3267938,3267939
1927408,1927409
3273710,3273711
1999709,1999710
609395,609396
1460477,1460478
1391551,1391552
665088,665089
579412,579413
1642411,1642412
1110156,1110157
2181042,2181043
296948,296949
1656525,1656526
3258862,3258863
1902532,1902533
3110780,3110781
318925,318926
2231048,2231049
1025162,1025163
1948576,1948577
1028826,1028827
918148,918149
412994,412995
1886830,1886831
1715462,1715463
236002,236003
1279904,1279905
327760,327761
3285342,3285343
1312609,1312610
697553,697554
1451953,1451954
479159,479160
1188043,1188044
67982,67983
1752526,1752527
1519465,1519466
1458048,1458049
1046286,1046287
704877,704878
664941,664942
1765548,1765549
1369318,1369319
2140698,2140699
467957,467958
1017049,1017050
487668,487669
1340449,1340451
1576775,1576776
849571,849572
1392535,1392536
1837581,1837582
1995311,1995312
1103079,1103080
1904194,1904195
1465420,1465421
770432,770434
1634324,1634325
258422,258423
1831057,1831058
628357,628358
1526191,1526192
1649608,1649609
763799,763800
2072111,2072112
826202,826203
2250062,2250063
587623,587624
763964,763965
599568,599569
768522,768523
3238605,3238606
514887,514888
141597,141598
1999053,1999054
1185897,1185898
671759,671760
1452332,1452333
1570011,1570012
3316351,3316352
1335588,1335589
733278,733279
211015,211016
1232169,1232170
1212650,1212651
306617,306618
1386743,1386744
1252630,1252631
1930765,1930766
1700946,1700947
2195816,2195817
3129642,3129643
567364,567365
521327,521328
1544636,1544637
573824,573825
1688123,1688124
432943,432944
1021366,1021367
2031175,2031176
431574,431575
2144078,2144079
204221,204222
1331222,1331223
512694,512695
240545,240546
1980616,1980617
1660221,1660222
1340651,1340652
959663,959664
65042,65043
1372025,1372026
892075,892076
1856647,1856648
1749988,1749989
640519,640520
1286155,1286156
1336284,1336285
994982,994983
1051258,1051259
1004670,1004671
1959722,1959723
149746,149747
1750153,1750154
1951288,1951289
859509,859510
290905,290906
2177899,2177900
1736500,1736501
2008228,2008229
1635679,1635680
3298099,3298100
470232,470233
879706,879707
1344534,1344535
1605020,1605021
2090581,2090582
2229962,2229963
1710804,1710805
3103741,3103742
3276493,3276494
734653,734654
2016240,2016241
724560,724561
1014741,1014742
2094981,2094982
1539207,1539208
841472,841474
1776744,1776745
1972567,1972568
1556391,1556392
63664,63665
1363303,1363304
806756,806757
140541,140542
308428,308429
1054370,1054371
1678522,1678523
1253746,1253747
437643,437644
1182030,1182031
854754,854755
168690,168691
985144,985145
2070327,2070328
529879,529880
647455,647456
1277517,1277518
687020,687021
331940,331941
1364270,1364271
232112,232113
506009,506010
2252283,2252284
967590,967591
77299,77300
225604,225605
2226532,2226533
810578,810579
1039136,1039137
1957965,1957966
209222,209223
2031210,2031211
1557635,1557636
447067,447068
1856366,1856367
1858410,1858412
1632079,1632080
934565,934566
854717,854718
2016457,2016458
494555,494556
61380,61381
1182361,1182362
604270,604271
2247634,2247635
757026,757027
1536558,1536559
3117315,3117316
1611008,1611009
1770648,1770649
2101666,2101667
1308713,1308714
1833281,1833282
191819,191820
1692726,1692727
1854618,1854619
1948906,1948907
1216703,1216704
342756,342757
594835,594836
1387313,1387314
277954,277955
442069,442070
1220141,1220142
3228809,3228810
2128751,2128752
882069,882070
502424,502425
3256991,3256992
201407,201408
2113997,2113998
1649700,1649701
1312883,1312884
1089469,1089470
1153920,1153921
589205,589206
1664073,1664074
647724,647725
510631,510632
1491583,1491584
1885208,1885209
1505395,1505396
2081664,2081665
3254529,3254530
1687104,1687105
1378276,1378277
2030629,2030630
131289,131290
570956,570957
3279031,3279032
3356659,3356660
1452207,1452208
835746,835747
384092,384093
1491347,1491348
2208590,2208591
628876,628877
493796,493797
965896,965897
823112,823113
2210425,2210426
1365776,1365777
1133488,1133489
321633,321634
244707,244708
669979,669980
801327,801328
1493670,1493671
1394570,1394571
1711617,1711618
1055598,1055599
589379,589380
1020739,1020740
1240756,1240757
760219,760220
3251015,3251016
927928,927929
720554,720555
3229984,3229985
925835,925836
1605638,1605639
1391069,1391070
1582024,1582025
2106416,2106417
1363007,1363008
3224646,3224647
731289,731290
1585653,1585654
812258,812259
1532942,1532943
364326,364327
2171678,2171679
1115981,1115982
500310,500311
387174,387175
297553,297554
2018592,2018593
1147178,1147179
80446,80447
1158218,1158219
326710,326711
3258891,3258892
63075,63076
742203,742204
2229763,2229764
438591,438592
3331723,3331724
1397030,1397031
1874450,1874451
2134540,2134541
2080214,2080215
1994018,1994019
2164942,2164943
1728863,1728864
1684202,1684203
1687174,1687175
388624,388625
243941,243942
1503227,1503228
2250831,2250832
3264492,3264493
2098035,2098036
882805,882806
788137,788138
1580752,1580753
877760,877761
287035,287036
994042,994043
54117,54118
563023,563024
617238,617239
314478,314479
888878,888879
1393607,1393608
3123886,3123887
264646,264647
1639390,1639391
3307994,3307995
1397202,1397203
1179533,1179534
1246336,1246337
864411,864413
