property_name,property_value,commit_fk
key,ok,5009432
key,ok,790492
key,ok,3129066
key,ok,2088655
key,ok,5293283
key,ok,5375880
key,ok,4968981
key,ok,3507247
key,ok,2476508
key,ok,4757299
key,ok,4599306
key,ok,1665178
key,ok,519943
key,ok,1522532
key,ok,2749445
key,ok,5485379
key,ok,649981
key,ok,4370457
key,ok,1107033
key,ok,2468914
key,ok,5408508
key,ok,653650
key,ok,3662451
key,ok,2594903
key,ok,2335591
key,ok,1694146
key,ok,45576
key,ok,2402593
key,ok,3723895
key,ok,2449133
key,ok,446058
key,ok,2469570
key,ok,5373730
key,ok,2924118
key,ok,4404843
key,ok,683602
key,ok,3768157
key,ok,5506600
key,ok,720207
key,ok,455309
key,ok,216063
key,ok,2638526
key,ok,337631
key,ok,4991655
key,ok,1379636
key,ok,1208859
key,ok,64582
key,ok,4398577
key,ok,5010184
key,ok,277237
key,ok,430986
key,ok,1542424
key,ok,1736834
key,ok,2811230
key,ok,2576673
key,ok,5071204
key,ok,1575079
key,ok,4156989
key,ok,3561285
key,ok,3092124
key,ok,2363158
key,ok,4778888
key,ok,5176299
key,ok,918548
key,ok,360744
key,ok,3058862
key,ok,864686
key,ok,3248271
key,ok,1671442
key,ok,4275170
key,ok,3447348
key,ok,115368
key,ok,3688391
key,ok,5055866
key,ok,1060750
key,ok,2539738
key,ok,2969520
key,ok,2070630
key,ok,1021750
key,ok,5615106
key,ok,2208643
key,ok,1506474
key,ok,5632971
key,ok,4631886
key,ok,3207657
key,ok,3076443
key,ok,4981544
key,ok,4866372
key,ok,4905184
key,ok,2578851
key,ok,4148126
key,ok,1860354
key,ok,349244
key,ok,5211519
key,ok,4766194
key,ok,1606081
key,ok,4931956
key,ok,2000078
key,ok,1416409
key,ok,1847920
key,ok,1780179
key,ok,4437135
key,ok,5628881
key,ok,4743678
key,ok,4360373
key,ok,4061579
key,ok,3078937
key,ok,4738949
key,ok,1175991
key,ok,5011055
key,ok,53367
key,ok,263114
key,ok,4998098
key,ok,4508300
key,ok,621794
key,ok,4315424
key,ok,4934935
key,ok,5396003
key,ok,1004612
key,ok,3306221
key,ok,2307142
key,ok,33782
key,ok,1440276
key,ok,5428591
key,ok,3266484
key,ok,4872421
key,ok,4225179
key,ok,2918115
key,ok,1867908
key,ok,1558282
key,ok,233303
key,ok,3212663
key,ok,3254690
key,ok,3808642
key,ok,1510297
key,ok,2174101
key,ok,4866037
key,ok,3351109
key,ok,4833074
key,ok,4536669
key,ok,3185767
key,ok,4896153
key,ok,320181
key,ok,4344744
key,ok,1667737
key,ok,746914
key,ok,327870
key,ok,4736185
key,ok,3232307
key,ok,501033
key,ok,2458204
key,ok,3600965
key,ok,123452
key,ok,128100
key,ok,165612
key,ok,4392922
key,ok,5243727
key,ok,294771
key,ok,20589
key,ok,173385
key,ok,4669366
key,ok,4253534
key,ok,5579176
key,ok,1311354
key,ok,325753
key,ok,1891978
key,ok,2151874
key,ok,2716408
key,ok,306777
key,ok,870776
key,ok,1924844
key,ok,1356147
key,ok,5584701
key,ok,4727459
key,ok,1607508
key,ok,2798808
key,ok,3762145
key,ok,5611559
key,ok,67941
key,ok,760074
key,ok,1929536
key,ok,3943940
key,ok,2891403
key,ok,3005741
key,ok,5541436
key,ok,677633
key,ok,5434187
key,ok,2096703
key,ok,5192836
key,ok,702004
key,ok,2683026
key,ok,692231
key,ok,5078045
key,ok,3941540
key,ok,986407
key,ok,4150007
key,ok,1653218
key,ok,741184
key,ok,972885
key,ok,4137099
key,ok,4647265
key,ok,3993702
key,ok,3178060
key,ok,4694173
key,ok,1660333
key,ok,5550265
key,ok,2851954
key,ok,1892669
key,ok,3857236
key,ok,734868
key,ok,2215662
key,ok,5333470
key,ok,3014023
key,ok,553286
key,ok,2418275
key,ok,779827
key,ok,1107196
key,ok,5655833
key,ok,3382364
key,ok,5571532
key,ok,1116639
key,ok,2272210
key,ok,2796179
key,ok,3223401
key,ok,1030958
key,ok,4601092
key,ok,1395956
key,ok,1889869
key,ok,2519533
key,ok,769570
key,ok,3758369
key,ok,265655
key,ok,1592200
key,ok,5327231
key,ok,201680
key,ok,4288802
key,ok,5336278
key,ok,752442
key,ok,2927343
key,ok,4946534
key,ok,783190
key,ok,215444
key,ok,3193034
key,ok,373606
key,ok,4370582
key,ok,4139446
key,ok,1921562
key,ok,5236601
key,ok,5592576
key,ok,353443
key,ok,2765484
key,ok,5487316
key,ok,2527409
key,ok,1824040
key,ok,2878505
key,ok,1451540
key,ok,4243517
key,ok,4799014
key,ok,5509613
key,ok,3707749
key,ok,1047716
key,ok,2915137
key,ok,2830303
key,ok,2532969
key,ok,4741981
key,ok,3173792
key,ok,4292160
key,ok,1288505
key,ok,4366161
key,ok,5441412
key,ok,4553295
key,ok,562212
key,ok,3169620
key,ok,1592609
key,ok,5279625
key,ok,1987684
key,ok,1271724
key,ok,5189501
key,ok,3547159
key,ok,3643686
key,ok,561237
key,ok,276929
key,ok,5349415
key,ok,3297654
key,ok,282583
key,ok,3945655
key,ok,5321350
key,ok,3888801
key,ok,5016228
key,ok,4952754
key,ok,3767966
key,ok,3572869
key,ok,230029
key,ok,3011887
key,ok,1724956
key,ok,1883043
key,ok,2018476
key,ok,5583539
key,ok,2106115
key,ok,3348893
key,ok,2016054
key,ok,2219261
key,ok,2909767
key,ok,2032744
key,ok,5168835
key,ok,664033
key,ok,2127913
key,ok,2781997
key,ok,5199960
key,ok,1268904
key,ok,3345942
key,ok,5336211
key,ok,4557870
key,ok,3184468
key,ok,4383768
key,ok,2664839
key,ok,301268
key,ok,4492971
key,ok,387359
key,ok,2808219
key,ok,816867
key,ok,3288917
key,ok,588302
key,ok,447966
key,ok,1533724
key,ok,3245340
key,ok,1436479
key,ok,5658841
key,ok,2961024
key,ok,2772754
key,ok,3071697
key,ok,1343636
key,ok,2388447
key,ok,5377414
key,ok,1838446
key,ok,1763851
key,ok,754871
key,ok,3867780
key,ok,3378497
key,ok,3463083
key,ok,4204351
key,ok,1133667
key,ok,1455973
key,ok,181048
key,ok,2725140
key,ok,5569567
key,ok,5558291
key,ok,2287563
key,ok,5365373
key,ok,764878
key,ok,1815273
key,ok,1019863
key,ok,1057181
key,ok,79294
key,ok,5013238
key,ok,4220938
key,ok,5653936
key,ok,3469564
key,ok,1440530
key,ok,1222572
key,ok,5083827
key,ok,643294
key,ok,4379169
key,ok,3316612
key,ok,2843722
key,ok,4630063
key,ok,994305
key,ok,1925471
key,ok,3141241
key,ok,106490
key,ok,2394749
key,ok,3544249
key,ok,880885
key,ok,2352735
key,ok,3755429
key,ok,1893805
key,ok,961555
key,ok,4076691
key,ok,766683
key,ok,3987536
key,ok,3874177
key,ok,4608913
key,ok,1154242
key,ok,497941
key,ok,1590838
key,ok,483552
key,ok,3565463
key,ok,3530810
key,ok,3712685
key,ok,4763034
key,ok,5482091
key,ok,4898721
key,ok,985335
key,ok,3562378
key,ok,3813699
key,ok,2582176
key,ok,1882927
key,ok,1305052
key,ok,3618131
key,ok,2228920
key,ok,4237961
key,ok,1797139
key,ok,3019485
key,ok,2751929
key,ok,2408983
key,ok,2321067
key,ok,3479179
key,ok,3127415
key,ok,2208726
key,ok,254332
key,ok,4893440
key,ok,425811
key,ok,2999241
key,ok,1656253
key,ok,4005519
key,ok,2511064
key,ok,5244993
key,ok,5047554
key,ok,2292140
key,ok,718886
key,ok,1040755
key,ok,4318342
key,ok,1482596
key,ok,4038583
key,ok,2707085
key,ok,2377857
key,ok,5539379
key,ok,2742507
key,ok,2492679
key,ok,217148
key,ok,3967472
key,ok,1573095
key,ok,2275525
key,ok,3281614
key,ok,953915
key,ok,106237
key,ok,246546
key,ok,2821524
key,ok,4376766
key,ok,3267628
key,ok,4457991
key,ok,4003793
key,ok,3938971
key,ok,1641226
key,ok,3321875
key,ok,5626551
key,ok,3750387
key,ok,2827089
key,ok,2741093
key,ok,2106628
key,ok,713177
key,ok,1021368
key,ok,5040006
key,ok,2684622
key,ok,4005154
key,ok,1136947
key,ok,2036240
key,ok,4353601
key,ok,960659
key,ok,4405175
key,ok,3078906
key,ok,4501638
key,ok,3343815
key,ok,622078
key,ok,541692
key,ok,4682697
key,ok,4574487
key,ok,4075101
key,ok,1091959
key,ok,4158485
key,ok,839813
key,ok,509451
key,ok,5438401
key,ok,3973810
key,ok,3568498
key,ok,5053399
key,ok,2684977
key,ok,2236023
key,ok,3530027
key,ok,278938
key,ok,3179815
key,ok,590958
key,ok,3389266
key,ok,627717
key,ok,4940273
key,ok,539959
key,ok,4986636
key,ok,4976260
key,ok,3320607
key,ok,4043237
key,ok,2739746
key,ok,4506060
key,ok,22850
key,ok,3006117
key,ok,3002129
key,ok,974493
key,ok,3836639
key,ok,4702531
key,ok,1528690
key,ok,4408809
key,ok,1881998
key,ok,2808178
key,ok,3723186
key,ok,1422362
key,ok,3729184
key,ok,5010655
key,ok,5575421
key,ok,3867615
key,ok,1754325
key,ok,1818399
key,ok,4856211
key,ok,926195
key,ok,2078296
key,ok,3921216
key,ok,2331107
key,ok,18646
key,ok,5278660
key,ok,1958949
key,ok,5204335
key,ok,2875542
key,ok,757040
key,ok,421316
key,ok,3380910
key,ok,1735063
key,ok,67842
key,ok,997638
key,ok,5248083
key,ok,98355
key,ok,2979510
key,ok,5631460
key,ok,3610013
key,ok,4617201
key,ok,4579464
key,ok,2572351
key,ok,5644645
key,ok,1005662
key,ok,3765466
key,ok,16208
key,ok,1549949
key,ok,3288775
key,ok,456115
key,ok,2755637
key,ok,3394402
key,ok,4302402
key,ok,680312
key,ok,55155
key,ok,2931734
key,ok,3242974
key,ok,899488
key,ok,4997497
key,ok,5256241
key,ok,4227597
key,ok,27175
key,ok,1133252
key,ok,1474455
key,ok,2326039
key,ok,5065454
key,ok,5232536
key,ok,3772380
key,ok,4054187
key,ok,3499973
key,ok,1375520
key,ok,2972307
key,ok,1566387
key,ok,3440330
key,ok,995248
key,ok,2346951
key,ok,1284778
key,ok,4859589
key,ok,4724611
key,ok,96736
key,ok,820268
key,ok,5243620
key,ok,1776487
key,ok,3152043
key,ok,4752107
key,ok,1750387
key,ok,2030662
key,ok,4833516
key,ok,4942284
key,ok,1506444
key,ok,1978260
key,ok,1857241
key,ok,2812226
key,ok,2747258
key,ok,2263571
key,ok,1229736
key,ok,519489
key,ok,4397145
key,ok,1020872
key,ok,1830910
key,ok,1935211
key,ok,1410841
key,ok,2096388
key,ok,1130925
key,ok,4360879
key,ok,3917546
key,ok,2435104
key,ok,3181668
key,ok,5229475
key,ok,1653999
key,ok,1181723
key,ok,382983
key,ok,2486809
key,ok,3039382
key,ok,1000649
key,ok,1225753
key,ok,1846504
key,ok,4613182
key,ok,3165135
key,ok,2742208
key,ok,3990385
key,ok,4487817
key,ok,2836725
key,ok,1151562
key,ok,3856904
key,ok,4695498
key,ok,5389477
key,ok,4448598
key,ok,2235451
key,ok,5535863
key,ok,490964
key,ok,4968015
key,ok,321081
key,ok,3436987
key,ok,30324
key,ok,3775376
key,ok,150567
key,ok,572461
key,ok,584590
key,ok,4529273
key,ok,4428822
key,ok,1707828
key,ok,3611630
key,ok,359583
key,ok,4087817
key,ok,2817205
key,ok,5660016
key,ok,2224013
key,ok,2193165
key,ok,157771
key,ok,4945758
key,ok,5436191
key,ok,99707
key,ok,4329464
key,ok,3797306
key,ok,551162
key,ok,3593422
key,ok,5457994
key,ok,836602
key,ok,4573760
key,ok,4728818
key,ok,2678734
key,ok,5635123
key,ok,4972164
key,ok,80629
key,ok,5233211
key,ok,1124221
key,ok,2709868
key,ok,5066223
key,ok,1382587
key,ok,4786710
key,ok,4619572
key,ok,5085000
key,ok,244659
key,ok,4252476
key,ok,1691031
key,ok,808701
key,ok,4778526
key,ok,2365520
key,ok,3199658
key,ok,918232
key,ok,2714366
key,ok,698569
key,ok,4787206
key,ok,1875894
key,ok,3327251
key,ok,2583747
key,ok,865094
key,ok,1440208
key,ok,638854
key,ok,4018787
key,ok,234108
key,ok,665791
key,ok,2894440
key,ok,3022013
key,ok,1008077
key,ok,4503005
key,ok,1205431
key,ok,4170834
key,ok,4706810
key,ok,1945989
key,ok,2755269
key,ok,3844988
key,ok,2370122
key,ok,709360
key,ok,1935113
key,ok,3051426
key,ok,3096106
key,ok,1507765
key,ok,2622779
key,ok,4272890
key,ok,2364743
key,ok,2837673
key,ok,1334025
key,ok,4699834
key,ok,2761917
key,ok,3052452
key,ok,2946392
key,ok,5022192
key,ok,4314352
key,ok,541037
key,ok,486798
key,ok,1200242
key,ok,2629454
key,ok,1314826
key,ok,4404614
key,ok,2465455
key,ok,833760
key,ok,934494
key,ok,2876123
key,ok,5189303
key,ok,1939380
key,ok,2810756
key,ok,4522891
key,ok,97268
key,ok,5019270
key,ok,4392843
key,ok,1746420
key,ok,1292617
key,ok,3992207
key,ok,3254680
key,ok,5088155
key,ok,3634985
key,ok,3979877
key,ok,423831
key,ok,1775616
key,ok,4342296
key,ok,4537946
key,ok,2126679
key,ok,3063677
key,ok,1203425
key,ok,3995397
key,ok,2005395
key,ok,1541597
key,ok,4397484
key,ok,2788290
key,ok,3459229
key,ok,4235868
key,ok,1243511
key,ok,1266389
key,ok,513870
key,ok,3364941
key,ok,4782965
key,ok,3333421
key,ok,5162287
key,ok,3310069
key,ok,5352886
key,ok,1043134
key,ok,166186
key,ok,713991
key,ok,2826784
key,ok,929950
key,ok,1619960
key,ok,4452837
key,ok,590051
key,ok,2093644
key,ok,1056508
key,ok,2780389
key,ok,1352835
key,ok,2633780
key,ok,2555631
key,ok,2398063
key,ok,60002
key,ok,676845
key,ok,3974415
key,ok,134348
key,ok,3501375
key,ok,682092
key,ok,4041419
key,ok,3111620
key,ok,1379405
key,ok,5550688
key,ok,2777709
key,ok,3059103
key,ok,4507147
key,ok,5587648
key,ok,854875
key,ok,4640268
key,ok,374653
key,ok,3019512
key,ok,5535620
key,ok,201399
key,ok,3710304
key,ok,2640131
key,ok,1730696
key,ok,3686319
key,ok,3151419
key,ok,2181231
key,ok,5029185
key,ok,4649584
key,ok,5368803
key,ok,3582875
key,ok,1847533
key,ok,1045465
key,ok,1379522
key,ok,3258995
key,ok,2106069
key,ok,104061
key,ok,5494203
key,ok,4262287
key,ok,3623250
key,ok,5381143
key,ok,2904373
key,ok,3409304
key,ok,380282
key,ok,3512057
key,ok,5042225
key,ok,5559968
key,ok,4792187
key,ok,1087240
key,ok,3704487
key,ok,2051769
key,ok,1623692
key,ok,3971464
key,ok,677141
key,ok,4471248
key,ok,1156741
key,ok,3262492
key,ok,723476
key,ok,2196079
key,ok,247057
key,ok,2810405
key,ok,118869
key,ok,3362905
key,ok,451033
key,ok,1870039
key,ok,5036059
key,ok,4291094
key,ok,4755604
key,ok,5582312
key,ok,2899717
key,ok,3271363
key,ok,32056
key,ok,3824237
key,ok,1233310
key,ok,4762487
key,ok,3276745
key,ok,5130667
key,ok,4447959
key,ok,4348845
key,ok,2161963
key,ok,1191316
key,ok,3384017
key,ok,3978182
key,ok,3722547
key,ok,2571286
key,ok,2159069
key,ok,1319336
key,ok,773269
key,ok,1230937
key,ok,5105892
key,ok,553914
key,ok,2327226
key,ok,94932
key,ok,4102183
key,ok,2504737
key,ok,4395370
key,ok,1899335
key,ok,3449248
key,ok,2571809
key,ok,3629355
key,ok,1421579
key,ok,5345335
key,ok,1145242
key,ok,144374
key,ok,804763
key,ok,2861402
key,ok,2629440
key,ok,2077225
key,ok,128399
key,ok,2576770
key,ok,2952352
key,ok,693857
key,ok,2852169
key,ok,1613623
key,ok,1946836
key,ok,3649176
key,ok,5177262
key,ok,2741255
key,ok,419153
key,ok,3651812
key,ok,3889690
key,ok,4196083
key,ok,5060298
key,ok,581795
key,ok,4256614
key,ok,4457285
key,ok,3745055
key,ok,1264791
key,ok,5013766
key,ok,754355
key,ok,4477075
key,ok,2001319
key,ok,4162787
key,ok,4378178
key,ok,3925025
key,ok,1353092
key,ok,4553745
key,ok,2131564
key,ok,3011631
key,ok,5189702
key,ok,1635434
key,ok,3896406
key,ok,5214346
key,ok,1946977
key,ok,1122434
key,ok,923535
key,ok,4708102
key,ok,2658068
key,ok,5123469
key,ok,2929733
key,ok,3334699
key,ok,996713
key,ok,1863645
key,ok,2110651
key,ok,3028955
key,ok,3877601
key,ok,2964481
key,ok,2897468
key,ok,1779061
key,ok,3512361
key,ok,2329125
key,ok,5467287
key,ok,4048560
key,ok,4409423
key,ok,4073603
key,ok,4238881
key,ok,3872272
key,ok,2740465
key,ok,5248284
key,ok,2801234
key,ok,4817886
key,ok,5120606
key,ok,324154
key,ok,4069016
key,ok,3533653
key,ok,285438
key,ok,2103919
key,ok,4032093
key,ok,3868488
key,ok,1882057
key,ok,4130891
key,ok,4505352
key,ok,4773709
key,ok,5397806
key,ok,4017318
key,ok,5062058
key,ok,5242782
key,ok,1530812
key,ok,2857914
key,ok,1650135
key,ok,3972257
key,ok,2473526
key,ok,3065535
key,ok,5322535
key,ok,4927179
key,ok,4604782
key,ok,2863220
key,ok,685573
key,ok,5429692
key,ok,5284082
key,ok,2825420
key,ok,629528
key,ok,1997540
key,ok,5346543
key,ok,619885
key,ok,1575618
key,ok,4840742
key,ok,3521394
key,ok,5566172
key,ok,1912501
key,ok,5025082
key,ok,1052341
key,ok,2930962
key,ok,3832404
key,ok,1119323
key,ok,1133927
key,ok,2565475
key,ok,4561032
key,ok,2812694
key,ok,5621103
key,ok,1448936
key,ok,2893754
key,ok,4232777
key,ok,4084465
key,ok,2430348
key,ok,2862908
key,ok,839620
key,ok,5245258
key,ok,4126548
key,ok,134701
key,ok,3026211
key,ok,4878266
key,ok,2295545
key,ok,390518
key,ok,2200646
key,ok,2883046
key,ok,3503130
key,ok,2062596
key,ok,3398243
key,ok,1661167
key,ok,972044
key,ok,247485
key,ok,317450
key,ok,2888980
key,ok,5646855
key,ok,4979098
key,ok,3690712
key,ok,1550716
key,ok,4114372
key,ok,2291670
key,ok,2965981
key,ok,412436
key,ok,4318135
key,ok,1548406
key,ok,283587
key,ok,1204920
key,ok,3480163
key,ok,500569
key,ok,2575177
key,ok,540266
key,ok,5386073
key,ok,3632198
key,ok,3952839
key,ok,1955629
key,ok,3712373
key,ok,3796646
key,ok,1504349
key,ok,745446
key,ok,2908822
key,ok,3454930
key,ok,2476189
key,ok,3574079
key,ok,3968051
key,ok,2068611
key,ok,3814656
key,ok,5417169
key,ok,2249194
key,ok,2981016
key,ok,4969300
key,ok,4565943
key,ok,64500
key,ok,2256657
key,ok,391747
key,ok,4041366
key,ok,1987698
key,ok,796628
key,ok,1449125
key,ok,3078312
key,ok,1942944
key,ok,543550
key,ok,2450312
key,ok,3434927
key,ok,3935659
key,ok,5232835
key,ok,3289637
key,ok,3938900
key,ok,2696011
key,ok,439061
key,ok,4508913
key,ok,5135912
key,ok,451830
key,ok,2200214
key,ok,723191
key,ok,3228664
key,ok,3546533
key,ok,1809046
key,ok,207988
key,ok,5588840
key,ok,2338689
key,ok,863859
key,ok,1117198
key,ok,2785834
key,ok,861510
key,ok,1818831
key,ok,1378005
key,ok,5352197
key,ok,1622491
key,ok,5324486
key,ok,2900607
key,ok,3063049
key,ok,3854019
key,ok,2155850
key,ok,3999121
key,ok,1570218
key,ok,936826
key,ok,97309
key,ok,2999577
key,ok,1307261
key,ok,3995631
key,ok,4807312
key,ok,4932146
key,ok,599683
key,ok,4910360
key,ok,1581665
key,ok,4105763
key,ok,854069
key,ok,100414
key,ok,2348286
key,ok,4300347
key,ok,2303533
key,ok,2468903
key,ok,1421544
key,ok,4551689
key,ok,4261865
key,ok,3936329
key,ok,5385124
key,ok,3716685
key,ok,606566
key,ok,2644384
key,ok,3526068
key,ok,403023
key,ok,120709
key,ok,5516162
key,ok,2911364
key,ok,2090332
key,ok,2817752
key,ok,4599611
key,ok,2808191
key,ok,4433864
key,ok,3906111
key,ok,4564422
key,ok,1977669
key,ok,3280488
key,ok,3984028
key,ok,3066266
key,ok,63688
key,ok,5081281
key,ok,5653069
key,ok,4111389
key,ok,4695240
key,ok,759754
key,ok,5034319
key,ok,2088004
key,ok,3630460
key,ok,5468182
key,ok,5366433
key,ok,3593785
key,ok,3923639
key,ok,2129399
key,ok,860640
key,ok,5554448
key,ok,3497901
key,ok,5334610
key,ok,170107
key,ok,4587777
key,ok,824101
key,ok,4837680
key,ok,1447426
key,ok,2409947
key,ok,477831
key,ok,5089692
key,ok,3106609
key,ok,884955
key,ok,1695836
key,ok,3024875
key,ok,3149483
key,ok,416310
key,ok,4436037
key,ok,1757347
key,ok,908783
key,ok,2578078
key,ok,3208916
key,ok,5318932
key,ok,2191640
key,ok,740880
key,ok,2247133
key,ok,936535
key,ok,177719
key,ok,346033
key,ok,4598200
key,ok,2037752
key,ok,3014388
key,ok,3692225
key,ok,526049
key,ok,2227021
key,ok,1620424
key,ok,749529
key,ok,1202139
key,ok,3211481
key,ok,2117727
key,ok,312433
key,ok,3090865
key,ok,876659
key,ok,3662786
key,ok,2725028
key,ok,3615222
key,ok,4289444
key,ok,142342
key,ok,5412272
key,ok,1519953
key,ok,2652419
key,ok,1921951
key,ok,4804130
key,ok,2400674
key,ok,1269631
key,ok,3618351
key,ok,3127332
key,ok,970733
key,ok,821586
key,ok,5554785
key,ok,2235820
key,ok,4443929
key,ok,965847
key,ok,1655308
key,ok,2040320
key,ok,2574462
key,ok,2459064
key,ok,694436
key,ok,5281012
key,ok,1140992
key,ok,1518759
key,ok,961402
key,ok,1242326
key,ok,3238451
key,ok,3928586
key,ok,5485293
key,ok,2458186
key,ok,3743509
key,ok,5620800
key,ok,3054684
key,ok,5209919
key,ok,634840
key,ok,139263
key,ok,4899390
key,ok,3563700
key,ok,1646899
key,ok,1693034
key,ok,1781648
key,ok,1779023
key,ok,5002998
key,ok,1267335
key,ok,691195
key,ok,707399
key,ok,2744435
key,ok,5412447
key,ok,4132199
key,ok,4313881
key,ok,4324278
key,ok,4836245
key,ok,1136700
key,ok,4233815
key,ok,5026431
key,ok,4906303
key,ok,3603951
key,ok,4242202
key,ok,976795
key,ok,363605
key,ok,5152501
key,ok,5561693
key,ok,3012502
key,ok,4491719
key,ok,2105408
key,ok,3569571
key,ok,2852356
key,ok,2149269
key,ok,2433415
key,ok,560668
key,ok,5410049
key,ok,32575
key,ok,4008802
key,ok,5574263
key,ok,5535343
key,ok,2902836
key,ok,3745296
key,ok,5526076
key,ok,3464226
key,ok,4543332
key,ok,4152088
key,ok,3882802
key,ok,2243699
key,ok,3663951
key,ok,135255
key,ok,2188489
key,ok,5452709
key,ok,4156452
key,ok,225625
key,ok,3962831
key,ok,3976772
key,ok,2296694
key,ok,591000
key,ok,12384
key,ok,2151804
key,ok,3598312
key,ok,4634384
key,ok,2728842
key,ok,1943827
key,ok,3334256
key,ok,5421697
key,ok,392054
key,ok,1960721
key,ok,2899065
key,ok,4117293
key,ok,4960150
key,ok,4916498
key,ok,4256052
key,ok,227711
key,ok,2066865
key,ok,5588064
key,ok,4242846
key,ok,3410892
key,ok,4236051
key,ok,4761221
key,ok,2667788
key,ok,635437
key,ok,221591
key,ok,3366580
key,ok,2150036
key,ok,3557564
key,ok,5480294
key,ok,2191233
key,ok,2149032
key,ok,980508
key,ok,364012
key,ok,3373049
key,ok,1730003
key,ok,1553468
key,ok,554279
key,ok,4881356
key,ok,4628061
key,ok,2522662
key,ok,2834353
key,ok,4076413
key,ok,1610086
key,ok,3800858
key,ok,4566868
key,ok,1289521
key,ok,5592068
key,ok,4193445
key,ok,918169
key,ok,4270970
key,ok,3763566
key,ok,3900044
key,ok,5640704
key,ok,2554258
key,ok,5277869
key,ok,630653
key,ok,5178176
key,ok,5496426
key,ok,1668318
key,ok,4603328
key,ok,4990628
key,ok,4452067
key,ok,1234606
key,ok,3552551
key,ok,2414376
key,ok,693711
key,ok,2462517
key,ok,5318166
key,ok,2313003
key,ok,1018147
key,ok,1469026
key,ok,3421669
key,ok,4253982
key,ok,3646142
key,ok,1499161
key,ok,4302797
key,ok,890157
key,ok,5466628
key,ok,2338451
key,ok,429225
key,ok,4534985
key,ok,3464127
key,ok,154876
key,ok,3994167
key,ok,4419799
key,ok,3634248
key,ok,3948090
key,ok,4311035
key,ok,892104
key,ok,1904977
key,ok,1340421
key,ok,4587874
key,ok,3831064
key,ok,1311831
key,ok,1187522
key,ok,4163402
key,ok,3180224
key,ok,1606642
key,ok,1163190
key,ok,4525080
key,ok,991297
key,ok,3382403
key,ok,4588185
key,ok,2421887
key,ok,677880
key,ok,4001845
key,ok,756689
key,ok,4250239
key,ok,4790226
key,ok,3042655
key,ok,4259899
key,ok,3022515
key,ok,2794587
key,ok,4691032
key,ok,3932072
key,ok,5283113
key,ok,2436221
key,ok,3046242
key,ok,3291441
key,ok,703475
key,ok,4145627
key,ok,2330873
key,ok,881551
key,ok,2355084
key,ok,737583
key,ok,4189028
key,ok,2160681
key,ok,289075
key,ok,861062
key,ok,5288134
key,ok,5082204
key,ok,2843055
key,ok,2140448
key,ok,3694691
key,ok,327472
key,ok,2198180
key,ok,896394
key,ok,2979278
key,ok,540904
key,ok,1856801
key,ok,1732286
key,ok,970400
key,ok,5238230
key,ok,994941
key,ok,2413736
key,ok,1956617
key,ok,4853269
key,ok,1300618
key,ok,5228594
key,ok,489637
key,ok,112921
key,ok,5405282
key,ok,407394
key,ok,18616
key,ok,432261
key,ok,2921455
key,ok,3672489
key,ok,1304845
key,ok,4806708
key,ok,3145099
key,ok,2111569
key,ok,5216851
key,ok,228047
key,ok,5513449
key,ok,770585
key,ok,3639874
key,ok,2382500
key,ok,1071260
key,ok,657824
key,ok,2031255
key,ok,2090261
key,ok,3584165
key,ok,2662602
key,ok,2085868
key,ok,3278436
key,ok,782046
key,ok,3006895
key,ok,710297
key,ok,2993500
key,ok,1499652
key,ok,2474530
key,ok,1175392
key,ok,4877316
key,ok,2495482
key,ok,4323304
key,ok,3461198
key,ok,1402803
key,ok,3102257
key,ok,5657537
key,ok,2392522
key,ok,560868
key,ok,2586508
key,ok,2785095
key,ok,1626289
key,ok,3435277
key,ok,4131261
key,ok,2378054
key,ok,2232165
key,ok,4763311
key,ok,1201555
key,ok,779746
key,ok,2008034
key,ok,126651
key,ok,4006279
key,ok,1487416
key,ok,4097895
key,ok,1652619
key,ok,558718
key,ok,2813050
key,ok,3813458
key,ok,1115447
key,ok,794210
key,ok,1443558
key,ok,725160
key,ok,1502804
key,ok,1054390
key,ok,230438
key,ok,5042608
key,ok,4296802
key,ok,4665288
key,ok,439586
key,ok,2699833
key,ok,5362433
key,ok,4566357
key,ok,4062669
key,ok,2828190
key,ok,2846099
key,ok,4509086
key,ok,4714941
key,ok,1495579
key,ok,776318
key,ok,3359795
key,ok,630794
key,ok,3354907
key,ok,3389061
key,ok,4335934
key,ok,596570
key,ok,5572123
key,ok,2180939
key,ok,5334429
key,ok,1036096
key,ok,3287762
key,ok,5135642
key,ok,5510787
key,ok,2091834
key,ok,2771593
key,ok,1407580
key,ok,2280979
key,ok,1755447
key,ok,2064548
key,ok,5300222
key,ok,2738466
key,ok,3908827
key,ok,3447504
key,ok,3940183
key,ok,3225096
key,ok,1195617
key,ok,56224
key,ok,2236307
key,ok,1171245
key,ok,5219178
key,ok,727311
key,ok,4236311
key,ok,2862032
key,ok,1398462
key,ok,4746636
key,ok,1008328
key,ok,4383056
key,ok,5142835
key,ok,1615364
key,ok,3298132
key,ok,30119
key,ok,934281
key,ok,855690
key,ok,5566699
key,ok,1525274
key,ok,1880032
key,ok,926715
key,ok,3416389
key,ok,2544575
key,ok,5543781
key,ok,1465182
key,ok,3639907
key,ok,2986067
key,ok,4872400
key,ok,4520082
key,ok,4042781
key,ok,3808554
key,ok,5627711
key,ok,5499872
key,ok,5101589
key,ok,453789
key,ok,5223839
key,ok,69485
key,ok,3702060
key,ok,2144070
key,ok,1279475
key,ok,74754
key,ok,741250
key,ok,4647851
key,ok,2329255
key,ok,2893302
key,ok,1127466
key,ok,889914
key,ok,1235329
key,ok,21997
key,ok,4699771
key,ok,1965311
key,ok,3177509
key,ok,1643389
key,ok,1862106
key,ok,3761184
key,ok,5248799
key,ok,2551873
key,ok,3542611
key,ok,365239
key,ok,1945769
key,ok,4500884
key,ok,3621722
key,ok,4832778
key,ok,848181
key,ok,4047461
key,ok,4370067
key,ok,3531227
key,ok,3707572
key,ok,4907498
key,ok,3156759
key,ok,4043249
key,ok,2664752
key,ok,4569718
key,ok,3430839
key,ok,2547515
key,ok,5649438
key,ok,2511217
key,ok,1400696
key,ok,3849044
key,ok,4227794
key,ok,5340570
key,ok,3761867
key,ok,1378658
key,ok,1690160
key,ok,1549608
key,ok,5304855
key,ok,4979024
key,ok,1522004
key,ok,1216568
key,ok,5402743
key,ok,724634
key,ok,456583
key,ok,2946303
key,ok,5304247
key,ok,4593882
key,ok,3479878
key,ok,1557723
key,ok,3839560
key,ok,3213920
key,ok,4996085
key,ok,2322842
key,ok,5561233
key,ok,2131501
key,ok,2091568
key,ok,4595762
key,ok,158494
key,ok,1593271
key,ok,82032
key,ok,189905
key,ok,5552063
key,ok,4687080
key,ok,724383
key,ok,782244
key,ok,2406833
key,ok,794394
key,ok,5215123
key,ok,3951342
key,ok,3656726
key,ok,2519369
key,ok,2003310
key,ok,2953349
key,ok,3311035
key,ok,1005130
key,ok,5607424
key,ok,2842980
key,ok,3291696
key,ok,5187427
key,ok,2901313
key,ok,5062440
key,ok,1981937
key,ok,1050202
key,ok,5657663
key,ok,4195726
key,ok,5108546
key,ok,3063029
key,ok,3733806
key,ok,3551347
key,ok,593067
key,ok,25159
key,ok,3188090
key,ok,3253400
key,ok,5081321
key,ok,3593648
key,ok,1714574
key,ok,5430210
key,ok,4659025
key,ok,993000
key,ok,5462808
key,ok,4735044
key,ok,599770
key,ok,1845129
key,ok,47524
key,ok,1178843
key,ok,2442026
key,ok,200509
key,ok,164161
key,ok,1825788
key,ok,3953011
key,ok,3094887
key,ok,1842821
key,ok,1034585
key,ok,1736802
key,ok,1058631
key,ok,1451499
key,ok,2036465
key,ok,989782
key,ok,5151973
key,ok,577968
key,ok,2419160
key,ok,2101353
key,ok,1255983
key,ok,62103
key,ok,1534136
key,ok,1649227
key,ok,5541099
key,ok,4273179
key,ok,227977
key,ok,161804
key,ok,2785753
key,ok,1352912
key,ok,225596
key,ok,396475
key,ok,2791925
key,ok,5305513
key,ok,2082173
key,ok,4799372
key,ok,4642600
key,ok,1538978
key,ok,651530
key,ok,3015392
key,ok,86444
key,ok,1262624
key,ok,3941826
key,ok,604760
key,ok,5428918
key,ok,2092979
key,ok,2402413
key,ok,1500448
key,ok,3661923
key,ok,2624650
key,ok,2190846
key,ok,3364195
key,ok,2129689
key,ok,2497872
key,ok,450937
key,ok,4325652
key,ok,1548477
key,ok,1345471
key,ok,1388523
key,ok,5015520
key,ok,4991918
key,ok,786605
key,ok,1502282
key,ok,5359637
key,ok,3865559
key,ok,5378795
key,ok,5512604
key,ok,4226478
key,ok,3202904
key,ok,1476767
key,ok,5069394
key,ok,737445
key,ok,3713617
key,ok,3609609
key,ok,5323784
key,ok,4461652
key,ok,114352
key,ok,3347261
key,ok,4313883
key,ok,4020064
key,ok,3481736
key,ok,5554128
key,ok,2241302
key,ok,3469372
key,ok,3354842
key,ok,1010746
key,ok,998705
key,ok,4832341
key,ok,523155
key,ok,3964115
key,ok,747197
key,ok,2663026
key,ok,1166064
key,ok,700471
key,ok,691569
key,ok,4859465
key,ok,3278538
key,ok,5338237
key,ok,701968
key,ok,4101468
key,ok,1207124
key,ok,785127
key,ok,5275450
key,ok,2950805
key,ok,4212049
key,ok,795578
key,ok,4863622
key,ok,2967906
key,ok,4448040
key,ok,189614
key,ok,796261
key,ok,774171
key,ok,366045
key,ok,549006
key,ok,2128628
key,ok,876198
key,ok,5324444
key,ok,4696231
key,ok,4142163
key,ok,2010226
key,ok,3299839
key,ok,564958
key,ok,5445794
key,ok,269141
key,ok,5477070
key,ok,1857078
key,ok,4144939
key,ok,1257119
key,ok,739889
key,ok,618
key,ok,4013043
key,ok,4278551
key,ok,1297841
key,ok,3592150
key,ok,1185187
key,ok,4978450
key,ok,2111853
key,ok,5405609
key,ok,1588973
key,ok,1256803
key,ok,352457
key,ok,1363425
key,ok,4847161
key,ok,3550470
key,ok,2392830
key,ok,976629
key,ok,4446264
key,ok,553774
key,ok,3480128
key,ok,24911
key,ok,1020987
key,ok,699548
key,ok,1730832
key,ok,3465843
key,ok,4630547
key,ok,967451
key,ok,3590449
key,ok,1193861
key,ok,3260114
key,ok,4268594
key,ok,3551233
key,ok,140087
key,ok,5023709
key,ok,1177712
key,ok,2082880
key,ok,4105826
key,ok,2823336
key,ok,4708492
key,ok,5045906
key,ok,2916628
key,ok,4671416
key,ok,4691315
key,ok,4402726
key,ok,3458676
key,ok,2382789
key,ok,1760489
key,ok,4602493
key,ok,2751659
key,ok,5444250
key,ok,3453232
key,ok,4251091
key,ok,5248777
key,ok,1073978
key,ok,4858310
key,ok,419278
key,ok,551264
key,ok,5396632
key,ok,1110292
key,ok,2428137
key,ok,791392
key,ok,2557390
key,ok,5218254
key,ok,1604200
key,ok,4965823
key,ok,3734891
key,ok,869758
key,ok,2777493
key,ok,5226158
key,ok,2139863
key,ok,4903475
key,ok,436799
key,ok,674890
key,ok,5566736
key,ok,689962
key,ok,5242042
key,ok,974708
key,ok,5064932
key,ok,1233116
key,ok,1478397
key,ok,2316125
key,ok,3181640
key,ok,2656337
key,ok,434883
key,ok,4782401
key,ok,1033703
key,ok,1312526
key,ok,3881173
key,ok,4459273
key,ok,926113
key,ok,2353425
key,ok,2457665
key,ok,4951218
key,ok,774582
key,ok,4287316
key,ok,5555467
key,ok,763029
key,ok,4837276
key,ok,1843095
key,ok,1222797
key,ok,3957445
key,ok,3899228
key,ok,379408
key,ok,4756399
key,ok,1644728
key,ok,3186109
key,ok,5643819
key,ok,4239889
key,ok,1654826
key,ok,917075
key,ok,3940044
key,ok,1957968
key,ok,1634727
key,ok,91052
key,ok,1004451
key,ok,1536917
key,ok,3423039
key,ok,4741531
key,ok,3759347
key,ok,3921968
key,ok,2356368
key,ok,3974081
key,ok,4641078
key,ok,3565460
key,ok,1558404
key,ok,5604075
key,ok,2820307
key,ok,4467077
key,ok,191298
key,ok,4102478
key,ok,773039
key,ok,4094836
key,ok,3512400
key,ok,3818025
key,ok,4963756
key,ok,1211816
key,ok,932624
key,ok,131356
key,ok,2536577
key,ok,1443430
key,ok,894130
key,ok,1075854
key,ok,1159940
key,ok,1983052
key,ok,1380320
key,ok,3381674
key,ok,1582468
key,ok,2579231
key,ok,3498718
key,ok,3843557
key,ok,1358810
key,ok,114331
key,ok,3178627
key,ok,3602896
key,ok,4615901
key,ok,402195
key,ok,4602236
key,ok,1609472
key,ok,70259
key,ok,1808337
key,ok,3730501
key,ok,2216216
key,ok,3214343
key,ok,2779638
key,ok,1940059
key,ok,605642
key,ok,5537459
key,ok,3822267
key,ok,3373107
key,ok,2236274
key,ok,473039
key,ok,340848
key,ok,4782519
key,ok,1657037
key,ok,3068588
key,ok,3740074
key,ok,1369757
key,ok,3337842
key,ok,4964344
key,ok,4205172
key,ok,1971496
key,ok,4338112
key,ok,4005415
key,ok,899207
key,ok,5194041
key,ok,2050138
key,ok,210093
key,ok,330308
key,ok,2196055
key,ok,187643
key,ok,1878674
key,ok,3704062
key,ok,320608
key,ok,5192509
key,ok,313920
key,ok,2103357
key,ok,251001
key,ok,3963662
key,ok,5216802
key,ok,5525357
key,ok,411879
key,ok,2294559
key,ok,4295182
key,ok,5138681
key,ok,2742476
key,ok,3770789
key,ok,1736467
key,ok,4983094
key,ok,1963523
key,ok,321759
key,ok,4916910
key,ok,4989632
key,ok,2376358
key,ok,441399
key,ok,4891574
key,ok,2789363
key,ok,2124104
key,ok,2832505
key,ok,756511
key,ok,2977609
key,ok,906840
key,ok,119902
key,ok,868748
key,ok,1497877
key,ok,1127626
key,ok,5099746
key,ok,4761013
key,ok,959099
key,ok,1283762
key,ok,292613
key,ok,4379478
key,ok,3408449
key,ok,5433694
key,ok,354071
key,ok,409893
key,ok,5658908
key,ok,3835843
key,ok,3225607
key,ok,1948689
key,ok,4005331
key,ok,831153
key,ok,2149511
key,ok,5539666
key,ok,349750
key,ok,3746560
key,ok,2195227
key,ok,1265560
key,ok,4313924
key,ok,4042752
key,ok,3247930
key,ok,5364522
key,ok,4614329
key,ok,3995325
key,ok,4472648
key,ok,1372728
key,ok,3520354
key,ok,5082677
key,ok,1999544
key,ok,2055380
key,ok,108809
key,ok,454285
key,ok,2844281
key,ok,2087999
key,ok,2283611
key,ok,2724972
key,ok,276679
key,ok,5081824
key,ok,3237158
key,ok,5427372
key,ok,1073593
key,ok,4280446
key,ok,915704
key,ok,2361565
key,ok,3060406
key,ok,4382417
key,ok,3391215
key,ok,4690229
key,ok,2528069
key,ok,4322278
key,ok,3876569
key,ok,2708565
key,ok,175914
key,ok,2478515
key,ok,1835320
key,ok,2586454
key,ok,4393380
key,ok,2325753
key,ok,335803
key,ok,3675641
key,ok,2803297
key,ok,2960383
key,ok,2318448
key,ok,4658434
key,ok,5063138
key,ok,1294640
key,ok,4124623
key,ok,4853025
key,ok,3428980
key,ok,156203
key,ok,4579755
key,ok,4354439
key,ok,862923
key,ok,4226370
key,ok,4658261
key,ok,2174801
key,ok,33529
key,ok,4070831
key,ok,1432918
key,ok,2131199
key,ok,3277873
key,ok,817668
key,ok,774595
key,ok,2720335
key,ok,5455978
key,ok,3644957
key,ok,2747962
key,ok,1487999
key,ok,4962606
key,ok,3409120
key,ok,311155
key,ok,1058566
key,ok,31495
key,ok,4437467
key,ok,767524
key,ok,1241138
key,ok,1674867
key,ok,2763285
key,ok,5204007
key,ok,1799197
key,ok,1029996
key,ok,3697703
key,ok,2754760
key,ok,4081383
key,ok,5360664
key,ok,2478883
key,ok,1318840
key,ok,4218167
key,ok,5269145
key,ok,3559800
key,ok,2214417
key,ok,300467
key,ok,2458819
key,ok,1805647
key,ok,2282484
key,ok,4800141
key,ok,4699618
key,ok,2152230
key,ok,5301260
key,ok,4625130
key,ok,3729765
key,ok,2363157
key,ok,1323379
key,ok,3530173
key,ok,245526
key,ok,4000410
key,ok,1525291
key,ok,586061
key,ok,1743163
key,ok,1184892
key,ok,721044
key,ok,2101736
key,ok,3543515
key,ok,2349145
key,ok,2524812
key,ok,873874
key,ok,1642836
key,ok,4160999
key,ok,2828751
key,ok,4065830
key,ok,3093620
key,ok,849643
key,ok,656815
key,ok,3995548
key,ok,4897743
key,ok,1252101
key,ok,2942519
key,ok,2478853
key,ok,2164748
key,ok,3833292
key,ok,1154503
key,ok,223610
key,ok,402830
key,ok,1625818
key,ok,4890851
key,ok,1363545
key,ok,1541058
key,ok,2066719
key,ok,2433931
key,ok,4984555
key,ok,1187371
key,ok,2692340
key,ok,4767713
key,ok,1839154
key,ok,3277367
key,ok,1545780
key,ok,3888455
key,ok,2935341
key,ok,1151923
key,ok,1375279
key,ok,2613187
key,ok,2410972
key,ok,2822496
key,ok,187695
key,ok,5119999
key,ok,3424057
key,ok,396432
key,ok,2216738
key,ok,3020757
key,ok,2752561
key,ok,4370401
key,ok,4378730
key,ok,161087
key,ok,1175075
key,ok,2370701
key,ok,4512782
key,ok,53229
key,ok,4454655
key,ok,1603847
key,ok,1088376
key,ok,1313352
key,ok,787619
key,ok,4571649
key,ok,5273069
key,ok,62013
key,ok,5114538
key,ok,1598417
key,ok,4340576
key,ok,3422821
key,ok,3876109
key,ok,2656791
key,ok,1674965
key,ok,1190162
key,ok,2302941
key,ok,2566289
key,ok,1056193
key,ok,4935179
key,ok,3374760
key,ok,1008599
key,ok,4338323
key,ok,541826
key,ok,4517205
key,ok,725370
key,ok,1488315
key,ok,3316436
key,ok,3430622
key,ok,3642079
key,ok,831366
key,ok,1944023
key,ok,4133488
key,ok,1226167
key,ok,1143285
key,ok,1167788
key,ok,3433239
key,ok,112442
key,ok,1416993
key,ok,233026
key,ok,4986406
key,ok,18667
key,ok,206797
key,ok,4728178
key,ok,3292554
key,ok,2052118
key,ok,5004485
key,ok,3355288
key,ok,488597
key,ok,119953
key,ok,491422
key,ok,24748
key,ok,657817
key,ok,5367471
key,ok,471444
key,ok,4828808
key,ok,5547812
key,ok,59050
key,ok,475648
key,ok,1466421
key,ok,2387969
key,ok,1906086
key,ok,3733838
key,ok,4891391
key,ok,4566093
key,ok,4885167
key,ok,1178746
key,ok,4174834
key,ok,1988929
key,ok,1437411
key,ok,2154717
key,ok,4560641
key,ok,2621782
key,ok,1815991
key,ok,3999475
key,ok,3664461
key,ok,637641
key,ok,3042214
key,ok,2205863
key,ok,62891
key,ok,2579008
key,ok,3608533
key,ok,2318486
key,ok,1033947
key,ok,4997963
key,ok,3908939
key,ok,2704845
key,ok,3293629
key,ok,1624223
key,ok,4099954
key,ok,1053728
key,ok,5351635
key,ok,1125073
key,ok,2024128
key,ok,2803671
key,ok,5470952
key,ok,3111044
key,ok,1458484
key,ok,2888613
key,ok,4500428
key,ok,4574
key,ok,4340311
key,ok,2319466
key,ok,3886157
key,ok,4413389
key,ok,1942028
key,ok,3742866
key,ok,2967751
key,ok,3065574
key,ok,2718339
key,ok,3426759
key,ok,44848
key,ok,3163168
key,ok,623363
key,ok,4326728
key,ok,5147197
key,ok,4490621
key,ok,4990367
key,ok,578765
key,ok,523628
key,ok,1783564
key,ok,146629
key,ok,313576
key,ok,892577
key,ok,62914
key,ok,4820744
key,ok,5501136
key,ok,929457
key,ok,4071887
key,ok,5485517
key,ok,243372
key,ok,433365
key,ok,5257199
key,ok,2764182
key,ok,4851788
key,ok,444543
key,ok,1176245
key,ok,5650618
key,ok,3730982
key,ok,1890525
key,ok,1632297
key,ok,5101940
key,ok,4868775
key,ok,4347972
key,ok,4853447
key,ok,5275849
key,ok,2379396
key,ok,2147374
key,ok,586871
key,ok,1092166
key,ok,4131108
key,ok,999157
key,ok,3156481
key,ok,5231318
key,ok,2818977
key,ok,4772688
key,ok,3292459
key,ok,1924553
key,ok,2744090
key,ok,5570414
key,ok,2854926
key,ok,2391784
key,ok,2124765
key,ok,2935244
key,ok,2505812
key,ok,649515
key,ok,2342546
key,ok,2855885
key,ok,5114685
key,ok,3439534
key,ok,4990101
key,ok,991112
key,ok,3724902
key,ok,3281183
key,ok,3497314
key,ok,247780
key,ok,3902484
key,ok,3519891
key,ok,625957
key,ok,5106435
key,ok,3115888
key,ok,3869795
key,ok,5121558
key,ok,5053342
key,ok,2562150
key,ok,2738617
key,ok,198057
key,ok,3026819
key,ok,1835496
key,ok,1090275
key,ok,3692806
key,ok,3729479
key,ok,4973192
key,ok,3107046
key,ok,2872440
key,ok,2775590
key,ok,4055708
key,ok,3982191
key,ok,2375854
key,ok,3547665
key,ok,1459747
key,ok,4603877
key,ok,562772
key,ok,3172229
key,ok,2308102
key,ok,4885000
key,ok,5182055
key,ok,4263583
key,ok,4256846
key,ok,930565
key,ok,624307
key,ok,3416575
key,ok,2568966
key,ok,4044192
key,ok,3646848
key,ok,1687271
key,ok,5115700
key,ok,5026621
key,ok,4316446
key,ok,3375803
key,ok,1660788
key,ok,3996602
key,ok,3835359
key,ok,2955691
key,ok,125584
key,ok,1477668
key,ok,1104683
key,ok,5580401
key,ok,3498966
key,ok,669846
key,ok,3363681
key,ok,2383209
key,ok,5628131
key,ok,4814855
key,ok,5072905
key,ok,5541901
key,ok,791916
key,ok,4207431
key,ok,4191886
key,ok,3442891
key,ok,1672325
key,ok,4156930
key,ok,5071269
key,ok,2588323
key,ok,4811696
key,ok,2970469
key,ok,2765787
key,ok,5386366
key,ok,2785600
key,ok,725883
key,ok,4449404
key,ok,898520
key,ok,4413885
key,ok,4475073
key,ok,4183237
key,ok,3134929
key,ok,319533
key,ok,25575
key,ok,4347438
key,ok,2814660
key,ok,2769517
key,ok,1654757
key,ok,811367
key,ok,3286081
key,ok,2328321
key,ok,1073434
key,ok,121855
key,ok,3962726
key,ok,82147
key,ok,2982212
key,ok,4771271
key,ok,3363073
key,ok,3649249
key,ok,222158
key,ok,3702692
key,ok,157982
key,ok,2812363
key,ok,5146591
key,ok,1350239
key,ok,784335
key,ok,695436
key,ok,4406801
key,ok,809967
key,ok,2377495
key,ok,2049334
key,ok,2340878
key,ok,2778590
key,ok,1369239
key,ok,4548364
key,ok,1654115
key,ok,2515909
key,ok,3437193
key,ok,1348009
key,ok,3688809
key,ok,5587193
key,ok,5040271
key,ok,1914568
key,ok,3366937
key,ok,4934456
key,ok,4290288
key,ok,5644552
key,ok,4384587
key,ok,3247193
key,ok,3129967
key,ok,1482362
key,ok,4821792
key,ok,1351372
key,ok,4359553
key,ok,304555
key,ok,5282643
key,ok,1126612
key,ok,2075202
key,ok,220840
key,ok,4657372
key,ok,1127213
key,ok,1811706
key,ok,1913467
key,ok,2235708
key,ok,5137617
key,ok,5022982
key,ok,2326751
key,ok,1765140
key,ok,4899521
key,ok,1109069
key,ok,5518145
key,ok,3582916
key,ok,1811671
key,ok,3242474
key,ok,3382439
key,ok,1705170
key,ok,4340308
key,ok,5273379
key,ok,2065786
key,ok,2374486
key,ok,622356
key,ok,3171211
key,ok,3692849
key,ok,2063791
key,ok,3786628
key,ok,841281
key,ok,317493
key,ok,110496
key,ok,1966135
key,ok,691559
key,ok,5565253
key,ok,2256617
key,ok,4023768
key,ok,1184328
key,ok,115795
key,ok,3679244
key,ok,3363481
key,ok,1881964
key,ok,5138924
key,ok,2717674
key,ok,4713449
key,ok,1134927
key,ok,5308106
key,ok,3607543
key,ok,2185440
key,ok,4787684
key,ok,901035
key,ok,4886278
key,ok,4164802
key,ok,1468757
key,ok,5386002
key,ok,5402896
key,ok,4323939
key,ok,5309938
key,ok,2268244
key,ok,593647
key,ok,4729949
key,ok,1484404
key,ok,876801
key,ok,4243439
key,ok,3588543
key,ok,3892338
key,ok,2318897
key,ok,2888641
key,ok,2307954
key,ok,4913755
key,ok,1121145
key,ok,456454
key,ok,5550002
key,ok,3946167
key,ok,480437
key,ok,189227
key,ok,3354723
key,ok,4169309
key,ok,690774
key,ok,3186722
key,ok,1509922
key,ok,2166604
key,ok,31664
key,ok,5216687
key,ok,729638
key,ok,2356160
key,ok,952832
key,ok,3151513
key,ok,1077496
key,ok,1289411
key,ok,4415460
key,ok,1450678
key,ok,4200381
key,ok,2583787
key,ok,1708034
key,ok,2638729
key,ok,3165556
key,ok,2961191
key,ok,3642066
key,ok,1424754
key,ok,995054
key,ok,4106192
key,ok,5431577
key,ok,5600291
key,ok,3339493
key,ok,1473014
key,ok,443318
key,ok,3737688
key,ok,5279130
key,ok,2600106
key,ok,4132710
key,ok,1021525
key,ok,5623896
key,ok,5566752
key,ok,5318100
key,ok,2499004
key,ok,2049830
key,ok,3144971
key,ok,4252283
key,ok,3883092
key,ok,3218827
key,ok,1119823
key,ok,5288328
key,ok,4736815
key,ok,969936
key,ok,4602530
key,ok,1451509
key,ok,2852717
key,ok,2541683
key,ok,1722294
key,ok,3316231
key,ok,2338767
key,ok,4250602
key,ok,2553681
key,ok,3321751
key,ok,5213862
key,ok,1766476
key,ok,5106959
key,ok,102843
key,ok,599171
key,ok,2827729
key,ok,457831
key,ok,965713
key,ok,2775357
key,ok,3559370
key,ok,5177169
key,ok,106051
key,ok,4881748
key,ok,5325413
key,ok,4476195
key,ok,1958291
key,ok,4062331
key,ok,3899088
key,ok,4244660
key,ok,110312
key,ok,609307
key,ok,5435031
key,ok,3345104
key,ok,1225354
key,ok,2058772
key,ok,2662629
key,ok,5391478
key,ok,3047741
key,ok,3541187
key,ok,2360970
key,ok,1495201
key,ok,670277
key,ok,5380523
key,ok,2146647
key,ok,389982
key,ok,3592726
key,ok,3580731
key,ok,5191560
key,ok,4861312
key,ok,1028889
key,ok,2094204
key,ok,1877229
key,ok,2780357
key,ok,5597609
key,ok,1892884
key,ok,27130
key,ok,5274203
key,ok,3520805
key,ok,748023
key,ok,1252982
key,ok,2895373
key,ok,371884
key,ok,2904293
key,ok,1126986
key,ok,4085859
key,ok,3523064
key,ok,493146
key,ok,4480719
key,ok,2637491
key,ok,5375396
key,ok,2944897
key,ok,1188390
key,ok,2722337
key,ok,2105767
key,ok,275972
key,ok,5259653
key,ok,4360236
key,ok,4558601
key,ok,5384539
key,ok,3122878
key,ok,4214049
key,ok,3296077
key,ok,5612508
key,ok,1441927
key,ok,4228069
key,ok,220198
key,ok,4322253
key,ok,2027241
key,ok,1455276
key,ok,282618
key,ok,1863099
key,ok,4118854
key,ok,2607365
key,ok,416802
key,ok,1484958
key,ok,5261404
key,ok,4503287
key,ok,2731565
key,ok,5330932
key,ok,98474
key,ok,476403
key,ok,4982943
key,ok,2642634
key,ok,3904628
key,ok,4443294
key,ok,3058896
key,ok,2270499
key,ok,725325
key,ok,4645153
key,ok,5344518
key,ok,4816245
key,ok,2234957
key,ok,314460
key,ok,2753590
key,ok,3935888
key,ok,1160581
key,ok,4317009
key,ok,205668
key,ok,1864331
key,ok,311462
key,ok,2078237
key,ok,4017092
key,ok,420303
key,ok,2575878
key,ok,3539469
key,ok,4280313
key,ok,1925473
key,ok,14966
key,ok,4877222
key,ok,2694351
key,ok,2329472
key,ok,1587784
key,ok,616966
key,ok,5115159
key,ok,689209
key,ok,416151
key,ok,4508542
key,ok,607249
key,ok,1038252
key,ok,4005914
key,ok,5418445
key,ok,449094
key,ok,596439
key,ok,1425522
key,ok,474786
key,ok,3869627
key,ok,2276910
key,ok,3909711
key,ok,4026041
key,ok,831114
key,ok,3537813
key,ok,4965174
key,ok,1828967
key,ok,1354529
key,ok,3295771
key,ok,4689607
key,ok,3302882
key,ok,4028834
key,ok,5600653
key,ok,5263086
key,ok,465467
key,ok,652026
key,ok,3011791
key,ok,1839165
key,ok,170947
key,ok,3183601
key,ok,2103218
key,ok,1510902
key,ok,5377665
key,ok,4887846
key,ok,4988087
key,ok,2069128
key,ok,581368
key,ok,1032089
key,ok,2989696
key,ok,315788
key,ok,1120063
key,ok,3814613
key,ok,262619
key,ok,2699542
key,ok,1715301
key,ok,1497746
key,ok,733975
key,ok,4524491
key,ok,1854638
key,ok,3421883
key,ok,1032482
key,ok,4706296
key,ok,3765389
key,ok,4351044
key,ok,748578
key,ok,1261089
key,ok,579101
key,ok,1948571
key,ok,1845243
key,ok,1129173
key,ok,1195958
key,ok,1252880
key,ok,1372745
key,ok,82209
key,ok,2454182
key,ok,2240022
key,ok,3568628
key,ok,5585161
key,ok,2565653
key,ok,2484167
key,ok,1519099
key,ok,3462066
key,ok,4457116
key,ok,5464703
key,ok,965191
key,ok,828804
key,ok,2362326
key,ok,3530867
key,ok,2338969
key,ok,1442860
key,ok,5069140
key,ok,3456140
key,ok,4869978
key,ok,5595908
key,ok,1324760
key,ok,4537899
key,ok,2142818
key,ok,3325921
key,ok,2068466
key,ok,1898282
key,ok,5492309
key,ok,1686533
key,ok,577915
key,ok,578687
key,ok,2151215
key,ok,5019610
key,ok,3512309
key,ok,1997260
key,ok,5585327
key,ok,3451220
key,ok,3840620
key,ok,3676030
key,ok,942637
key,ok,1516669
key,ok,1257550
key,ok,1396727
key,ok,1089372
key,ok,92324
key,ok,3257992
key,ok,1913892
key,ok,736189
key,ok,4947860
key,ok,1582640
key,ok,4494767
key,ok,3584878
key,ok,1183322
key,ok,3698463
key,ok,5536779
key,ok,3593933
key,ok,4681569
key,ok,5016018
key,ok,3409027
key,ok,1182545
key,ok,4250759
key,ok,3434907
key,ok,3965475
key,ok,1604534
key,ok,2157051
key,ok,5022657
key,ok,1925355
key,ok,1404997
key,ok,1905063
key,ok,1395778
key,ok,4432836
key,ok,687677
key,ok,546170
key,ok,998284
key,ok,2210520
key,ok,2166893
key,ok,2862251
key,ok,832222
key,ok,2100419
key,ok,3178912
key,ok,1608639
key,ok,4178775
key,ok,2160441
key,ok,1749158
key,ok,4816654
key,ok,909459
key,ok,1591873
key,ok,5484867
key,ok,5352144
key,ok,2450360
key,ok,4370162
key,ok,5394710
key,ok,2350560
key,ok,3471660
key,ok,3935721
key,ok,3314630
key,ok,3262506
key,ok,4576127
key,ok,5568169
key,ok,5452083
key,ok,3224454
key,ok,4407437
key,ok,1715110
key,ok,742048
key,ok,1158070
key,ok,4663585
key,ok,148337
key,ok,2130938
key,ok,4653740
key,ok,5653726
key,ok,184908
key,ok,3561746
key,ok,5060800
key,ok,3412528
key,ok,3115186
key,ok,5392662
key,ok,4291635
key,ok,2443871
key,ok,4388743
key,ok,4431655
key,ok,2970886
key,ok,2207278
key,ok,792647
key,ok,5068862
key,ok,2248928
key,ok,2114173
key,ok,1933971
key,ok,1830614
key,ok,2737668
key,ok,4479893
key,ok,1806457
key,ok,3469866
key,ok,933982
key,ok,1841691
key,ok,4169597
key,ok,1508967
key,ok,5622712
key,ok,2301825
key,ok,3129346
key,ok,109063
key,ok,5350027
key,ok,98814
key,ok,2368125
key,ok,3699685
key,ok,3670086
key,ok,4058905
key,ok,614551
key,ok,2405944
key,ok,3938200
key,ok,772591
key,ok,216341
key,ok,3081002
key,ok,2881599
key,ok,1220530
key,ok,4323959
key,ok,5277027
key,ok,2243997
key,ok,1537353
key,ok,2263711
key,ok,2047371
key,ok,4951606
key,ok,1903784
key,ok,5635843
key,ok,4168815
key,ok,4718213
key,ok,4832475
key,ok,3300204
key,ok,2298285
key,ok,1721641
key,ok,3134281
key,ok,44879
key,ok,406689
key,ok,4185973
key,ok,3078260
key,ok,333251
key,ok,5110075
key,ok,2476187
key,ok,4397965
key,ok,3933020
key,ok,3180103
key,ok,3668449
key,ok,3663278
key,ok,1223923
key,ok,4780398
key,ok,1160133
key,ok,442800
key,ok,4428768
key,ok,2361204
key,ok,3906510
key,ok,2991757
key,ok,699394
key,ok,1601643
key,ok,5268970
key,ok,43017
key,ok,4691976
key,ok,1975157
key,ok,386731
key,ok,1482231
key,ok,4597844
key,ok,5081610
key,ok,4905689
key,ok,3487864
key,ok,2570111
key,ok,1620933
key,ok,4121569
key,ok,4447083
key,ok,93160
key,ok,1607981
key,ok,1123006
key,ok,2644960
key,ok,3075861
key,ok,2433171
key,ok,3971528
key,ok,2801933
key,ok,70858
key,ok,3063216
key,ok,1541159
key,ok,5039975
key,ok,649165
key,ok,845636
key,ok,342673
key,ok,3487470
key,ok,4619665
key,ok,633123
key,ok,3591628
key,ok,2047463
key,ok,3381778
key,ok,2350460
key,ok,5057722
key,ok,3190230
key,ok,3845010
key,ok,1441717
key,ok,4530590
key,ok,4848129
key,ok,624076
key,ok,2984314
key,ok,3384359
key,ok,2541526
key,ok,444206
key,ok,3718595
key,ok,729809
key,ok,4080813
key,ok,4155774
key,ok,3907254
key,ok,975263
key,ok,2396263
key,ok,4454062
key,ok,3676463
key,ok,388201
key,ok,5355261
key,ok,3531388
key,ok,3958607
key,ok,5481668
key,ok,5453663
key,ok,5082352
key,ok,3381598
key,ok,1772333
key,ok,1393935
key,ok,514992
key,ok,702257
key,ok,3687927
key,ok,3079195
key,ok,335903
key,ok,2326860
key,ok,900337
key,ok,4223096
key,ok,2483800
key,ok,4916872
key,ok,844515
key,ok,1915487
key,ok,2493083
key,ok,3612809
key,ok,4427538
key,ok,2862674
key,ok,3803423
key,ok,2384334
key,ok,1176328
key,ok,4258090
key,ok,4961024
key,ok,1090116
key,ok,326885
key,ok,1512786
key,ok,3770539
key,ok,2178623
key,ok,4671712
key,ok,1645508
key,ok,1517585
key,ok,3548673
key,ok,4008563
key,ok,4045015
key,ok,3369175
key,ok,4647710
key,ok,5270806
key,ok,3028303
key,ok,2012957
key,ok,1259352
key,ok,2630553
key,ok,4680967
key,ok,3680
key,ok,2863925
key,ok,4473002
key,ok,177923
key,ok,3437513
key,ok,3785168
key,ok,5376010
key,ok,1305542
key,ok,3019555
key,ok,106961
key,ok,4700558
key,ok,5462169
key,ok,2030817
key,ok,2698451
key,ok,5496572
key,ok,612730
key,ok,4223915
key,ok,1727478
key,ok,4980439
key,ok,3619786
key,ok,191281
key,ok,191589
key,ok,5633031
key,ok,3838921
key,ok,4832368
key,ok,3032527
key,ok,5162385
key,ok,3634960
key,ok,3380449
key,ok,1316581
key,ok,1027943
key,ok,983647
key,ok,1421866
key,ok,4170184
key,ok,255331
key,ok,3520875
key,ok,80147
key,ok,1094415
key,ok,469264
key,ok,2803903
key,ok,3231948
key,ok,2041871
key,ok,1158516
key,ok,5586561
key,ok,4453287
key,ok,3853197
key,ok,4235234
key,ok,2940226
key,ok,5597371
key,ok,1909622
key,ok,2801618
key,ok,519505
key,ok,260875
key,ok,3183886
key,ok,37023
key,ok,3669711
key,ok,1643083
key,ok,1680438
key,ok,4284753
key,ok,5061236
key,ok,3274846
key,ok,2301343
key,ok,1492323
key,ok,2072455
key,ok,3995502
key,ok,1089907
key,ok,3946734
key,ok,3730868
key,ok,3349555
key,ok,1113539
key,ok,3468175
key,ok,1218307
key,ok,5183151
key,ok,316840
key,ok,3886533
key,ok,1097767
key,ok,4425842
key,ok,713651
key,ok,2414969
key,ok,5223046
key,ok,1076654
key,ok,1534644
key,ok,1002609
key,ok,2672279
key,ok,4579877
key,ok,1736332
key,ok,472131
key,ok,1134725
key,ok,1001322
key,ok,1496903
key,ok,2741118
key,ok,4907520
key,ok,4814472
key,ok,2980886
key,ok,1790356
key,ok,815599
key,ok,2416945
key,ok,5430581
key,ok,1301813
key,ok,3265058
key,ok,1154948
key,ok,2002934
key,ok,2603713
key,ok,1541190
key,ok,4853639
key,ok,685428
key,ok,2714354
key,ok,2301679
key,ok,4924993
key,ok,4497181
key,ok,5476191
key,ok,2827497
key,ok,2852903
key,ok,100656
key,ok,4096947
key,ok,4599891
key,ok,2652129
key,ok,4221350
key,ok,4812876
key,ok,134253
key,ok,3736889
key,ok,5649855
key,ok,3307921
key,ok,18419
key,ok,3186424
key,ok,2499372
key,ok,1015484
key,ok,4788250
key,ok,2653608
key,ok,4417102
key,ok,386348
key,ok,541350
key,ok,2061671
key,ok,1164319
key,ok,367129
key,ok,4211613
key,ok,2664361
key,ok,2105422
key,ok,372929
key,ok,1918267
key,ok,5303052
key,ok,5338771
key,ok,621003
key,ok,2465745
key,ok,4441551
key,ok,3755589
key,ok,2978579
key,ok,2690186
key,ok,4520930
key,ok,4414711
key,ok,237866
key,ok,5271225
key,ok,3285417
key,ok,5382372
key,ok,288130
key,ok,4964164
key,ok,4727577
key,ok,4583892
key,ok,5084446
key,ok,2485508
key,ok,2735813
key,ok,3893114
key,ok,2924177
key,ok,4060137
key,ok,488658
key,ok,3110039
key,ok,1924882
key,ok,504500
key,ok,2823634
key,ok,2938312
key,ok,3953703
key,ok,1306328
key,ok,2146889
key,ok,3510827
key,ok,258777
key,ok,5042230
key,ok,5258153
key,ok,2818471
key,ok,226415
key,ok,5480750
key,ok,5204496
key,ok,2679868
key,ok,5301506
key,ok,3497684
key,ok,1338633
key,ok,5554119
key,ok,1050118
key,ok,556294
key,ok,5536931
key,ok,2190553
key,ok,22601
key,ok,1091990
key,ok,740548
key,ok,4549185
key,ok,3816581
key,ok,1726840
key,ok,1523103
key,ok,4768274
key,ok,1710404
key,ok,41145
key,ok,3473177
key,ok,4195654
key,ok,874821
key,ok,1999648
key,ok,1117167
key,ok,2285537
key,ok,1243654
key,ok,200479
key,ok,637652
key,ok,3095767
key,ok,4280806
key,ok,4564265
key,ok,4128144
key,ok,5098233
key,ok,3616043
key,ok,120251
key,ok,5563605
key,ok,2333096
key,ok,5151412
key,ok,5452343
key,ok,5623099
key,ok,4307793
key,ok,2643975
key,ok,3252044
key,ok,2753934
key,ok,3699773
key,ok,90972
key,ok,1118856
key,ok,1439941
key,ok,3663812
key,ok,3682550
key,ok,1720673
key,ok,764843
key,ok,3738434
key,ok,2825212
key,ok,2086897
key,ok,497056
key,ok,3845980
key,ok,4317476
key,ok,727672
key,ok,3546551
key,ok,4852457
key,ok,1613822
key,ok,4892228
key,ok,1766543
key,ok,5113005
key,ok,4611950
key,ok,4576804
key,ok,1383367
key,ok,3443653
key,ok,284680
key,ok,4100820
key,ok,2264664
key,ok,791775
key,ok,3217733
key,ok,1935460
key,ok,5417679
key,ok,2582416
key,ok,4108549
key,ok,751437
key,ok,3259562
key,ok,4433248
key,ok,1152408
key,ok,3778044
key,ok,768768
key,ok,1975335
key,ok,4536821
key,ok,3099281
key,ok,4281222
key,ok,2909068
key,ok,372721
key,ok,1922694
key,ok,1619674
key,ok,3353367
key,ok,1321953
key,ok,4921636
key,ok,4484050
key,ok,1795219
key,ok,3967378
key,ok,4240248
key,ok,570040
key,ok,4179377
key,ok,4048947
key,ok,2152918
key,ok,561778
key,ok,166253
key,ok,1268153
key,ok,2169528
key,ok,3799422
key,ok,1010474
key,ok,4805906
key,ok,2858810
key,ok,1144300
key,ok,491837
key,ok,5576997
key,ok,301878
key,ok,791541
key,ok,3793872
key,ok,3297426
key,ok,1270140
key,ok,1573833
key,ok,291689
key,ok,2944788
key,ok,3002211
key,ok,3035335
key,ok,4956352
key,ok,317280
key,ok,4244500
key,ok,5227029
key,ok,5159611
key,ok,1635326
key,ok,863211
key,ok,3751650
key,ok,723503
key,ok,457354
key,ok,1826357
key,ok,2036691
key,ok,2571852
key,ok,5083852
key,ok,595048
key,ok,3532384
key,ok,268041
key,ok,1981513
key,ok,5512925
key,ok,2801132
key,ok,4081481
key,ok,4030535
key,ok,3488604
key,ok,1336737
key,ok,3009403
key,ok,4406541
key,ok,1743938
key,ok,5229458
key,ok,2744854
key,ok,5515991
key,ok,771211
key,ok,760803
key,ok,3084718
key,ok,3024488
key,ok,4498081
key,ok,2867105
key,ok,322198
key,ok,2168237
key,ok,4503702
key,ok,4279455
key,ok,884491
key,ok,291883
key,ok,5299040
key,ok,5034854
key,ok,5179379
key,ok,1316641
key,ok,1254747
key,ok,5656397
key,ok,3553581
key,ok,5532642
key,ok,946484
key,ok,3764743
key,ok,208479
key,ok,2524495
key,ok,3514141
key,ok,5175253
key,ok,264049
key,ok,4792473
key,ok,5067710
key,ok,282963
key,ok,3660325
key,ok,3631766
key,ok,3578551
key,ok,5003968
key,ok,4237574
key,ok,980531
key,ok,843908
key,ok,5174861
key,ok,3235167
key,ok,3099440
key,ok,1015150
key,ok,2061534
key,ok,4099558
key,ok,4574871
key,ok,299373
key,ok,5503418
key,ok,4941624
key,ok,4257213
key,ok,720450
key,ok,5296901
key,ok,4427619
key,ok,4887950
key,ok,4313271
key,ok,511907
key,ok,121618
key,ok,3766221
key,ok,1882483
key,ok,821337
key,ok,1707353
key,ok,1113679
key,ok,3707291
key,ok,5204847
key,ok,4827791
key,ok,509245
key,ok,2582776
key,ok,4600147
key,ok,2055036
key,ok,299426
key,ok,1583683
key,ok,5005917
key,ok,2073497
key,ok,4754781
key,ok,4489362
key,ok,1173209
key,ok,5627788
key,ok,5334648
key,ok,4118224
key,ok,2225004
key,ok,5075222
key,ok,5120704
key,ok,394851
key,ok,5621638
key,ok,962559
key,ok,820625
key,ok,2916279
key,ok,3029372
key,ok,2724390
key,ok,203315
key,ok,4855965
key,ok,4228607
key,ok,5135699
key,ok,1037856
key,ok,1863318
key,ok,633604
key,ok,3604
key,ok,2718063
key,ok,5394679
key,ok,160554
key,ok,1696684
key,ok,2685455
key,ok,1698871
key,ok,1667690
key,ok,4361424
key,ok,5091822
key,ok,4858625
key,ok,2090105
key,ok,4394626
key,ok,3197620
key,ok,3891002
key,ok,3449644
key,ok,3210225
key,ok,2374969
key,ok,875300
key,ok,4817669
key,ok,5428750
key,ok,3041680
key,ok,2572400
key,ok,5034679
key,ok,2619277
key,ok,4313672
key,ok,3064283
key,ok,3219444
key,ok,3542391
key,ok,5136879
key,ok,2822549
key,ok,591186
key,ok,1789791
key,ok,1840909
key,ok,4604087
key,ok,4432287
key,ok,2875894
key,ok,632048
key,ok,4398667
key,ok,1521821
key,ok,1408183
key,ok,3169192
key,ok,2271242
key,ok,1534293
key,ok,2184659
key,ok,3556358
key,ok,107709
key,ok,829398
key,ok,654249
key,ok,5024803
key,ok,4806401
key,ok,1862854
key,ok,4441814
key,ok,5320804
key,ok,5640180
key,ok,1387200
key,ok,1819067
key,ok,4568088
key,ok,3471533
key,ok,2764717
key,ok,324925
key,ok,3473375
key,ok,5439251
key,ok,4728534
key,ok,1602971
key,ok,5379827
key,ok,3934573
key,ok,590454
key,ok,2011184
key,ok,2870420
key,ok,3235172
key,ok,811942
key,ok,845647
key,ok,5335181
key,ok,3253963
key,ok,4156072
key,ok,2750242
key,ok,2935621
key,ok,1022967
key,ok,1223709
key,ok,5143283
key,ok,2436975
key,ok,3522235
key,ok,3129918
key,ok,3373170
key,ok,4728411
key,ok,1097915
key,ok,3404561
key,ok,4145311
key,ok,5484699
key,ok,1847877
key,ok,2571026
key,ok,149995
key,ok,2255191
key,ok,3659747
key,ok,1099581
key,ok,1740264
key,ok,217975
key,ok,328559
key,ok,621241
key,ok,5653294
key,ok,5560648
key,ok,4522509
key,ok,5222120
key,ok,3207361
key,ok,1271735
key,ok,4499145
key,ok,4608012
key,ok,398373
key,ok,93839
key,ok,2902053
key,ok,2530011
key,ok,3011227
key,ok,2024558
key,ok,477727
key,ok,2244855
key,ok,266771
key,ok,5433876
key,ok,801081
key,ok,3925934
key,ok,341356
key,ok,183172
key,ok,4195342
key,ok,2011835
key,ok,2778046
key,ok,3209870
key,ok,3600233
key,ok,3683544
key,ok,5328217
key,ok,1426443
key,ok,4922020
key,ok,3979480
key,ok,1588685
key,ok,2293323
key,ok,3145925
key,ok,2716859
key,ok,2740866
key,ok,5647893
key,ok,4798225
key,ok,4043677
key,ok,1441167
key,ok,2057340
key,ok,4893959
key,ok,80035
key,ok,1146265
key,ok,3063383
key,ok,516124
key,ok,482230
key,ok,4198827
key,ok,1916707
key,ok,1660517
key,ok,1653660
key,ok,3460213
key,ok,988594
key,ok,879774
key,ok,4698815
key,ok,5017255
key,ok,3627382
key,ok,4051825
key,ok,2826400
key,ok,3580699
key,ok,1083637
key,ok,4319936
key,ok,2048813
key,ok,4319967
key,ok,3659370
key,ok,3043342
key,ok,2399334
key,ok,1507776
key,ok,4309649
key,ok,1330178
key,ok,2703830
key,ok,3823967
key,ok,111911
key,ok,1354145
key,ok,334233
key,ok,1286653
key,ok,4869222
key,ok,892983
key,ok,3954468
key,ok,1988198
key,ok,1680669
key,ok,1630561
key,ok,1590148
key,ok,1000095
key,ok,4700974
key,ok,4169478
key,ok,321163
key,ok,5286400
key,ok,2277903
key,ok,4597954
key,ok,2230431
key,ok,2693767
key,ok,2783661
key,ok,720154
key,ok,3863884
key,ok,799016
key,ok,5059716
key,ok,295392
key,ok,5353532
key,ok,1569758
key,ok,4864435
key,ok,4595044
key,ok,2625335
key,ok,5148714
key,ok,1069788
key,ok,1054254
key,ok,5091785
key,ok,5379335
key,ok,703969
key,ok,4364164
key,ok,146995
key,ok,2845418
key,ok,1035157
key,ok,4714862
key,ok,4865791
key,ok,2880165
key,ok,1046069
key,ok,2690926
key,ok,1587901
key,ok,1118242
key,ok,5290828
key,ok,2538950
key,ok,1250942
key,ok,4131049
key,ok,341538
key,ok,2494566
key,ok,5062470
key,ok,2135236
key,ok,591609
key,ok,3147697
key,ok,5510627
key,ok,4814290
key,ok,101383
key,ok,1295590
key,ok,4102231
key,ok,3178883
key,ok,3877696
key,ok,5435547
key,ok,5595956
key,ok,685114
key,ok,2576817
key,ok,566101
key,ok,2695233
key,ok,2960917
key,ok,2374606
key,ok,5338503
key,ok,383909
key,ok,1722578
key,ok,4023881
key,ok,2590879
key,ok,4485593
key,ok,3156642
key,ok,2061959
key,ok,1243525
key,ok,5038919
key,ok,4610913
key,ok,926046
key,ok,4008927
key,ok,2056067
key,ok,3995082
key,ok,5526542
key,ok,2179905
key,ok,166127
key,ok,1831619
key,ok,5585528
key,ok,415343
key,ok,3036413
key,ok,1954093
key,ok,569159
key,ok,151756
key,ok,3674815
key,ok,2079838
key,ok,5453690
key,ok,370839
key,ok,1715623
key,ok,2251597
key,ok,2690336
key,ok,620207
key,ok,3184395
key,ok,1867973
key,ok,3807494
key,ok,2579717
key,ok,5172906
key,ok,33355
key,ok,2488006
key,ok,153900
key,ok,749214
key,ok,209142
key,ok,729601
key,ok,1291997
key,ok,736263
key,ok,4694469
key,ok,4918929
key,ok,2268184
key,ok,5188949
key,ok,2027817
key,ok,764394
key,ok,5615054
key,ok,1774987
key,ok,331567
key,ok,3730346
key,ok,4330530
key,ok,161862
key,ok,5501360
key,ok,5304195
key,ok,1423526
key,ok,247759
key,ok,3169800
key,ok,967570
key,ok,1371629
key,ok,1610095
key,ok,703775
key,ok,3665289
key,ok,2256591
key,ok,1439165
key,ok,763518
key,ok,1893690
key,ok,1075351
key,ok,3130031
key,ok,4650129
key,ok,1018940
key,ok,5081720
key,ok,3215103
key,ok,2937579
key,ok,4626554
key,ok,2977164
key,ok,2081485
key,ok,4266943
key,ok,1362605
key,ok,4777476
key,ok,4118385
key,ok,4027493
key,ok,1800147
key,ok,5378986
key,ok,4417504
key,ok,1267025
key,ok,2927946
key,ok,5270963
key,ok,5094629
key,ok,275474
key,ok,2170101
key,ok,2444258
key,ok,5240074
key,ok,1845635
key,ok,5008183
key,ok,3438124
key,ok,4085468
key,ok,3295412
key,ok,3419464
key,ok,2150237
key,ok,284502
key,ok,1719128
key,ok,1726063
key,ok,4274828
key,ok,204853
key,ok,4070797
key,ok,2156331
key,ok,858342
key,ok,4276899
key,ok,3815947
key,ok,3756638
key,ok,347772
key,ok,4305995
key,ok,4056631
key,ok,1206060
key,ok,919728
key,ok,4017858
key,ok,1991463
key,ok,4718336
key,ok,3767609
key,ok,271426
key,ok,3322505
key,ok,5383866
key,ok,5653262
key,ok,2411303
key,ok,3266992
key,ok,3091675
key,ok,2540698
key,ok,4185681
key,ok,4735447
key,ok,2732945
key,ok,4063838
key,ok,4182641
key,ok,1414757
key,ok,5113825
key,ok,1903107
key,ok,2590564
key,ok,5636575
key,ok,2693343
key,ok,2806991
key,ok,1098957
key,ok,4554392
key,ok,775692
key,ok,3840537
key,ok,2518134
key,ok,1561827
key,ok,2067654
key,ok,4943168
key,ok,5233809
key,ok,2719808
key,ok,4541855
key,ok,4308267
key,ok,2859950
key,ok,3323376
key,ok,3916515
key,ok,3744694
key,ok,748396
key,ok,3106538
key,ok,2785650
key,ok,4656840
key,ok,3967618
key,ok,4884866
key,ok,2789299
key,ok,3848663
key,ok,5377832
key,ok,288299
key,ok,1104382
key,ok,4068050
key,ok,3324667
key,ok,1729671
key,ok,2954956
key,ok,4392801
key,ok,242871
key,ok,3828048
key,ok,2076883
key,ok,451610
key,ok,100136
key,ok,2502246
key,ok,1401209
key,ok,2572515
key,ok,1845728
key,ok,5528212
key,ok,2614324
key,ok,2290333
key,ok,1302451
key,ok,2912000
key,ok,5103567
key,ok,3512262
key,ok,1764303
key,ok,1277399
key,ok,5168772
key,ok,1389565
key,ok,4417652
key,ok,3598792
key,ok,1837991
key,ok,4010808
key,ok,186174
key,ok,2209932
key,ok,3386430
key,ok,822469
key,ok,4734250
key,ok,2868541
key,ok,4460863
key,ok,4515472
key,ok,4463031
key,ok,1348908
key,ok,1654663
key,ok,4082298
key,ok,1092436
key,ok,566765
key,ok,4114241
key,ok,4505714
key,ok,1690820
key,ok,274934
key,ok,2797392
key,ok,1968321
key,ok,2091289
key,ok,4057938
key,ok,4005394
key,ok,4967207
key,ok,3991105
key,ok,110937
key,ok,3534261
key,ok,923278
key,ok,4985319
key,ok,1385381
key,ok,3757868
key,ok,796742
key,ok,2136737
key,ok,2363978
key,ok,649433
key,ok,1190934
key,ok,936675
key,ok,5370558
key,ok,2266560
key,ok,3166650
key,ok,4315341
key,ok,2445942
key,ok,2921783
key,ok,2006833
key,ok,2513292
key,ok,2233164
key,ok,3545443
key,ok,2097422
key,ok,822742
key,ok,5588397
key,ok,2369346
key,ok,4513379
key,ok,3033664
key,ok,3460938
key,ok,1151776
key,ok,5057281
key,ok,5429205
key,ok,490006
key,ok,2442502
key,ok,2237368
key,ok,4898084
key,ok,1367972
key,ok,997530
key,ok,2456506
key,ok,3676807
key,ok,203457
key,ok,1478860
key,ok,5600367
key,ok,4667476
key,ok,4896469
key,ok,5019152
key,ok,4663698
key,ok,3971000
key,ok,4411273
key,ok,77973
key,ok,806972
key,ok,4634998
key,ok,287352
key,ok,927116
key,ok,1751155
key,ok,707581
key,ok,202960
key,ok,2907121
key,ok,4176116
key,ok,2446977
key,ok,3821419
key,ok,3565516
key,ok,2530376
key,ok,2581964
key,ok,81448
key,ok,1248552
key,ok,4361026
key,ok,2167512
key,ok,2391621
key,ok,3114351
key,ok,685072
key,ok,2364051
key,ok,2493897
key,ok,5151669
key,ok,1830677
key,ok,351317
key,ok,941487
key,ok,2836416
key,ok,377957
key,ok,4059277
key,ok,569388
key,ok,5098334
key,ok,5030127
key,ok,5613466
key,ok,3491371
key,ok,4295312
key,ok,1156000
key,ok,4705933
key,ok,528043
key,ok,4743966
key,ok,2514883
key,ok,507224
key,ok,349748
key,ok,4139921
key,ok,3295159
key,ok,5252035
key,ok,5234241
key,ok,2899223
key,ok,4701910
key,ok,4811497
key,ok,5273156
key,ok,1642620
key,ok,2638894
key,ok,5137827
key,ok,3581302
key,ok,586259
key,ok,774938
key,ok,5387786
key,ok,2011692
key,ok,1680194
key,ok,903608
key,ok,2892449
key,ok,391580
key,ok,1760888
key,ok,3033799
key,ok,2719148
key,ok,5305479
key,ok,5225176
key,ok,1113320
key,ok,3507508
key,ok,2462472
key,ok,1950169
key,ok,4366289
key,ok,1223628
key,ok,4027370
key,ok,5174060
key,ok,3474097
key,ok,125446
key,ok,5589674
key,ok,4832443
key,ok,385052
key,ok,1770081
key,ok,745238
key,ok,5256801
key,ok,3600969
key,ok,275391
key,ok,5601613
key,ok,1063785
key,ok,432515
key,ok,2829678
key,ok,2061888
key,ok,3834989
key,ok,5214234
key,ok,3822692
key,ok,3919612
key,ok,722353
key,ok,5263725
key,ok,3863675
key,ok,3221934
key,ok,3477757
key,ok,5070860
key,ok,564151
key,ok,4819435
key,ok,2750271
key,ok,4064525
key,ok,2373219
key,ok,1459475
key,ok,299321
key,ok,4857130
key,ok,1034142
key,ok,3486894
key,ok,1893519
key,ok,1934023
key,ok,3641162
key,ok,4483398
key,ok,1475386
key,ok,1418416
key,ok,2032045
key,ok,4044619
key,ok,4191019
key,ok,5349587
key,ok,2972215
key,ok,2473873
key,ok,3320834
key,ok,1417607
key,ok,5587382
key,ok,4761810
key,ok,5433549
key,ok,5149845
key,ok,182196
key,ok,3721317
key,ok,2360120
key,ok,4875567
key,ok,4398322
key,ok,2645615
key,ok,3540051
key,ok,2239961
key,ok,2339231
key,ok,3334842
key,ok,3830180
key,ok,3345954
key,ok,1953335
key,ok,2232760
key,ok,2473416
key,ok,191657
key,ok,5387989
key,ok,68859
key,ok,3671309
key,ok,1443047
key,ok,111001
key,ok,127287
key,ok,311041
key,ok,2862831
key,ok,5576969
key,ok,2223441
key,ok,1700884
key,ok,2695912
key,ok,3041682
key,ok,2663740
key,ok,4452733
key,ok,3205354
key,ok,1856601
key,ok,4616159
key,ok,4655370
key,ok,3605812
key,ok,3192438
key,ok,421696
key,ok,2812199
key,ok,4009962
key,ok,77273
key,ok,4409096
key,ok,695293
key,ok,109011
key,ok,3177072
key,ok,1723124
key,ok,3784508
key,ok,988001
key,ok,1979376
key,ok,5010785
key,ok,948711
key,ok,2490146
key,ok,4055409
key,ok,1027063
key,ok,4621202
key,ok,2279239
key,ok,848835
key,ok,5092284
key,ok,1025712
key,ok,4021751
key,ok,3404873
key,ok,2671574
key,ok,4586234
key,ok,112705
key,ok,2562595
key,ok,604269
key,ok,776178
key,ok,2658150
key,ok,139498
key,ok,2709053
key,ok,4634412
key,ok,4134448
key,ok,1103757
key,ok,5281714
key,ok,1646391
key,ok,4342591
key,ok,3264707
key,ok,1863690
key,ok,4272977
key,ok,4330657
key,ok,4358695
key,ok,2373776
key,ok,2507963
key,ok,1278529
key,ok,4708283
key,ok,5533341
key,ok,1596731
key,ok,810035
key,ok,5018362
key,ok,416965
key,ok,398568
key,ok,3610697
key,ok,5530548
key,ok,1237105
key,ok,3562615
key,ok,4359822
key,ok,3501796
key,ok,1933704
key,ok,3632251
key,ok,2041875
key,ok,4563724
key,ok,920085
key,ok,4439971
key,ok,656037
key,ok,4881774
key,ok,1729643
key,ok,4391615
key,ok,1762527
key,ok,4742234
key,ok,1348354
key,ok,1007013
key,ok,154173
key,ok,795115
key,ok,275913
key,ok,3716001
key,ok,4607136
key,ok,4656950
key,ok,1760963
key,ok,3365540
key,ok,357283
key,ok,1497892
key,ok,846001
key,ok,4386206
key,ok,415269
key,ok,76809
key,ok,5330430
key,ok,3952460
key,ok,973465
key,ok,3005742
key,ok,5268123
key,ok,3788721
key,ok,2489998
key,ok,5023271
key,ok,1337776
key,ok,4264092
key,ok,5303071
key,ok,1933001
key,ok,3998092
key,ok,4341419
key,ok,4494818
key,ok,424463
key,ok,4626901
key,ok,3557694
key,ok,4572624
key,ok,5649742
key,ok,1422946
key,ok,4472107
key,ok,4220973
key,ok,1539674
key,ok,3370733
key,ok,4423406
key,ok,3747232
key,ok,1084699
key,ok,1315920
key,ok,1434261
key,ok,2099244
key,ok,3196666
key,ok,4450269
key,ok,1542198
key,ok,4402389
key,ok,5458116
key,ok,3859817
key,ok,4610824
key,ok,2042231
key,ok,2558042
key,ok,1697983
key,ok,4845542
key,ok,4064795
key,ok,2401594
key,ok,2016325
key,ok,2996548
key,ok,3471574
key,ok,5388989
key,ok,2870271
key,ok,2201597
key,ok,4280575
key,ok,3296358
key,ok,2919267
key,ok,4512153
key,ok,4788174
key,ok,17191
key,ok,4551422
key,ok,3632060
key,ok,4069344
key,ok,3860707
key,ok,3221479
key,ok,258113
key,ok,258356
key,ok,4173641
key,ok,1571324
key,ok,1324007
key,ok,2657918
key,ok,1266145
key,ok,3267805
key,ok,1520045
key,ok,418545
key,ok,2648984
key,ok,4960792
key,ok,3253814
key,ok,5585170
key,ok,4986072
key,ok,2622295
key,ok,2150475
key,ok,1365731
key,ok,714770
key,ok,243564
key,ok,3739102
key,ok,2015652
key,ok,1022393
key,ok,3619006
key,ok,3428346
key,ok,3807786
key,ok,1225802
key,ok,5579670
key,ok,2295403
key,ok,4225047
key,ok,4780169
key,ok,2466027
key,ok,2360178
key,ok,4183058
key,ok,4501929
key,ok,3914968
key,ok,5220689
key,ok,2613674
key,ok,3153811
key,ok,18493
key,ok,438275
key,ok,4481629
key,ok,1839670
key,ok,2079454
key,ok,1542616
key,ok,2743533
key,ok,613334
key,ok,161173
key,ok,4981862
key,ok,5310302
key,ok,1662957
key,ok,1604651
key,ok,60834
key,ok,5095913
key,ok,2626366
key,ok,1176460
key,ok,2076551
key,ok,1795685
key,ok,5221591
key,ok,3529947
key,ok,3056790
key,ok,4223116
key,ok,4797206
key,ok,5269769
key,ok,3954981
key,ok,2390079
key,ok,3640785
key,ok,2451347
key,ok,5632786
key,ok,4508199
key,ok,178136
key,ok,2287153
key,ok,805998
key,ok,669961
key,ok,1835586
key,ok,2445731
key,ok,449424
key,ok,2199451
key,ok,1433155
key,ok,3174165
key,ok,1800053
key,ok,3285353
key,ok,3368776
key,ok,5435212
key,ok,3047522
key,ok,2379948
key,ok,5219805
key,ok,1098523
key,ok,3586310
key,ok,2674086
key,ok,210192
key,ok,1706369
key,ok,4052015
key,ok,2889194
key,ok,2721796
key,ok,2187294
key,ok,3851102
key,ok,1086205
key,ok,3711973
key,ok,878722
key,ok,1429918
key,ok,1377041
key,ok,2889746
key,ok,5593120
key,ok,1587019
key,ok,2527546
key,ok,731691
key,ok,1611800
key,ok,2512246
key,ok,5276337
key,ok,1871221
key,ok,995772
key,ok,334395
key,ok,4130181
key,ok,2942497
key,ok,4388332
key,ok,3929833
key,ok,626801
key,ok,16928
key,ok,5272800
key,ok,5028556
key,ok,3021199
key,ok,1507237
key,ok,2343735
key,ok,5190714
key,ok,1888374
key,ok,1004419
key,ok,2059788
key,ok,4190793
key,ok,999286
key,ok,5074284
key,ok,422248
key,ok,3314169
key,ok,1121976
key,ok,158044
key,ok,2882635
key,ok,2318145
key,ok,1840559
key,ok,1906327
key,ok,960627
key,ok,5265048
key,ok,2021324
key,ok,4155653
key,ok,2458540
key,ok,1707528
key,ok,3763677
key,ok,2987774
key,ok,2744114
key,ok,3258531
key,ok,1467392
key,ok,4155492
key,ok,2342816
key,ok,893403
key,ok,1379315
key,ok,1444926
key,ok,4380995
key,ok,5363635
key,ok,3404419
key,ok,3819515
key,ok,3517944
key,ok,2100205
key,ok,1725504
key,ok,3141680
key,ok,3428943
key,ok,2619511
key,ok,3464301
key,ok,843952
key,ok,687279
key,ok,1943377
key,ok,4666982
key,ok,3280117
key,ok,2062974
key,ok,450594
key,ok,163792
key,ok,5622921
key,ok,3771779
key,ok,3229606
key,ok,1882086
key,ok,1958904
key,ok,1839442
key,ok,2584184
key,ok,1956365
key,ok,727084
key,ok,163508
key,ok,3988759
key,ok,4017182
key,ok,2957820
key,ok,3533751
key,ok,3636839
key,ok,2018395
key,ok,110308
key,ok,2106595
key,ok,513207
key,ok,2795051
key,ok,2884783
key,ok,4190337
key,ok,3836389
key,ok,2998729
key,ok,2520679
key,ok,2489418
key,ok,5084083
key,ok,4739016
key,ok,3831496
key,ok,3663496
key,ok,1311568
key,ok,4837852
key,ok,5650750
key,ok,3090859
key,ok,3044360
key,ok,3677653
key,ok,3845691
key,ok,4272677
key,ok,411650
key,ok,5036902
key,ok,2518524
key,ok,4515983
key,ok,3196928
key,ok,2409618
key,ok,3413996
key,ok,1528202
key,ok,4954372
key,ok,4802366
key,ok,232718
key,ok,2885175
key,ok,584572
key,ok,4390380
key,ok,641030
key,ok,3779526
key,ok,5051049
key,ok,3320930
key,ok,525266
key,ok,3470323
key,ok,3171354
key,ok,3856409
key,ok,856022
key,ok,635265
key,ok,1884752
key,ok,3884266
key,ok,1828605
key,ok,4599908
key,ok,2568547
key,ok,1858459
key,ok,1174690
key,ok,781192
key,ok,2565020
key,ok,5227671
key,ok,574122
key,ok,4564001
key,ok,5015345
key,ok,2090208
key,ok,3698576
key,ok,1158898
key,ok,4947807
key,ok,1527465
key,ok,925531
key,ok,988981
key,ok,263359
key,ok,4153845
key,ok,935914
key,ok,5111953
key,ok,1609616
key,ok,2510822
key,ok,4359046
key,ok,4901431
key,ok,5299609
key,ok,520895
key,ok,5285722
key,ok,1431655
key,ok,299865
key,ok,2631847
key,ok,2890159
key,ok,4971049
key,ok,1629558
key,ok,4169641
key,ok,1408711
key,ok,4806295
key,ok,4166901
key,ok,2162409
key,ok,564276
key,ok,3888257
key,ok,5529840
key,ok,3906159
key,ok,2313041
key,ok,4754844
key,ok,59203
key,ok,1072694
key,ok,5285704
key,ok,642733
key,ok,2094233
key,ok,485642
key,ok,4804038
key,ok,4378396
key,ok,4299522
key,ok,4185401
key,ok,4746179
key,ok,2708124
key,ok,1269465
key,ok,4279246
key,ok,2196876
key,ok,669419
key,ok,1281173
key,ok,2827786
key,ok,4098321
key,ok,456240
key,ok,2039058
key,ok,1097134
key,ok,5420745
key,ok,3276284
key,ok,3359241
key,ok,174629
key,ok,1858809
key,ok,5346797
key,ok,5410617
key,ok,3385715
key,ok,5396644
key,ok,2110840
key,ok,4715765
key,ok,3801259
key,ok,2033605
key,ok,1998160
key,ok,1864335
key,ok,2545470
key,ok,124120
key,ok,972504
key,ok,2593744
key,ok,2124408
key,ok,4833902
key,ok,4290943
key,ok,2077637
key,ok,2196116
key,ok,3972066
key,ok,4662405
key,ok,4710123
key,ok,5658539
key,ok,3009306
key,ok,510938
key,ok,3843351
key,ok,4504566
key,ok,3105334
key,ok,4859166
key,ok,1578058
key,ok,4399398
key,ok,2811417
key,ok,3988104
key,ok,779649
key,ok,1296896
key,ok,3175652
key,ok,1886880
key,ok,319427
key,ok,1600528
key,ok,5525403
key,ok,2409693
key,ok,3847024
key,ok,2424229
key,ok,2463800
key,ok,3783814
key,ok,4385860
key,ok,2083822
key,ok,1736346
key,ok,788060
key,ok,2371278
key,ok,901775
key,ok,1432230
key,ok,3275717
key,ok,4113300
key,ok,2507528
key,ok,5315886
key,ok,1982765
key,ok,263171
key,ok,4400512
key,ok,2282924
key,ok,226353
key,ok,1917023
key,ok,838616
key,ok,1571752
key,ok,2027779
key,ok,2372215
key,ok,1112541
key,ok,3836737
key,ok,2593989
key,ok,4762728
key,ok,5507094
key,ok,5195772
key,ok,4922437
key,ok,3721239
key,ok,438286
key,ok,1544912
key,ok,2558146
key,ok,1997470
key,ok,3335919
key,ok,293460
key,ok,2705590
key,ok,1518219
key,ok,5301268
key,ok,2634176
key,ok,152186
key,ok,4392873
key,ok,4221839
key,ok,1508428
key,ok,792264
key,ok,4898391
key,ok,2376542
key,ok,5193262
key,ok,1617269
key,ok,4689398
key,ok,2885482
key,ok,5189758
key,ok,1469709
key,ok,2742975
key,ok,4926116
key,ok,3027901
key,ok,3602559
key,ok,4914354
key,ok,45427
key,ok,1939563
key,ok,2035081
key,ok,2371687
key,ok,3304951
key,ok,4048007
key,ok,4372461
key,ok,3544512
key,ok,3919151
key,ok,5410351
key,ok,2655828
key,ok,4067548
key,ok,935590
key,ok,4026653
key,ok,648617
key,ok,1830621
key,ok,330817
key,ok,4363835
key,ok,1184278
key,ok,2335881
key,ok,5614818
key,ok,5227358
key,ok,1225396
key,ok,2811300
key,ok,4599197
key,ok,3188715
key,ok,5164139
key,ok,3142206
key,ok,5025176
key,ok,2932191
key,ok,991858
key,ok,4549724
key,ok,3187413
key,ok,1664129
key,ok,3217792
key,ok,4126602
key,ok,2703965
key,ok,2178914
key,ok,1947067
key,ok,1827165
key,ok,3665609
key,ok,229864
key,ok,3496987
key,ok,4075119
key,ok,2197068
key,ok,1211472
key,ok,2308493
key,ok,4988048
key,ok,4095630
key,ok,5644209
key,ok,421657
key,ok,2307867
key,ok,748760
key,ok,3049634
key,ok,188072
key,ok,2796265
key,ok,2711356
key,ok,663062
key,ok,1803613
key,ok,86934
key,ok,74226
key,ok,5451875
key,ok,5451820
key,ok,411397
key,ok,3350449
key,ok,1905016
key,ok,2765983
key,ok,3374492
key,ok,3791697
key,ok,2959334
key,ok,2343506
key,ok,1951904
key,ok,5383139
key,ok,4884917
key,ok,4428272
key,ok,745846
key,ok,2034637
key,ok,2396256
key,ok,3947368
key,ok,2100305
key,ok,106899
key,ok,2328093
key,ok,1148697
key,ok,608186
key,ok,5065164
key,ok,2479162
key,ok,4262814
key,ok,2492697
key,ok,5149788
key,ok,5386181
key,ok,387401
key,ok,4448906
key,ok,2442138
key,ok,5480624
key,ok,2971064
key,ok,4166862
key,ok,3266537
key,ok,4289318
key,ok,1552402
key,ok,912568
key,ok,1854963
key,ok,4949404
key,ok,5365293
key,ok,5416414
key,ok,3308203
key,ok,5391516
key,ok,763793
key,ok,5296706
key,ok,4043873
key,ok,331894
key,ok,3505425
key,ok,5407883
key,ok,1908106
key,ok,1660492
key,ok,2197681
key,ok,1928347
key,ok,673498
key,ok,1555889
key,ok,4323884
key,ok,2478446
key,ok,1943415
key,ok,3027109
key,ok,2547342
key,ok,2184580
key,ok,254100
key,ok,3923810
key,ok,1606238
key,ok,361414
key,ok,185542
key,ok,5103262
key,ok,4652139
key,ok,2940146
key,ok,1694806
key,ok,2000380
key,ok,3806596
key,ok,1974096
key,ok,1646323
key,ok,3336766
key,ok,4841676
key,ok,4659048
key,ok,1618724
key,ok,1479232
key,ok,1379497
key,ok,2477615
key,ok,1668829
