vote_date,number_ballots,total_votes,yes_votes,no_votes,abstain_votes,absent_votes,approved_ballots,avg_born_year,avg_percentage_yes,avg_percentage_no,avg_percentage_absent,avg_percentage_abstain,avg_percentage_male,avg_percentage_approved,percentage_yes,percentage_no,percentage_abstain,percentage_absent,percentage_approved
2004-12-13,4,1396,657,329,236,174,4,1954,47.06,23.57,12.46,16.91,53.30,100.00,47.06,23.57,16.91,12.46,100.00
2013-02-25,22,7678,5039,1140,550,949,22,1963,61.69,17.59,12.79,7.94,56.60,100.00,65.63,14.85,7.16,12.36,100.00
2023-11-27,10,3490,2089,554,349,498,10,1975,60.88,16.83,14.61,7.69,53.30,100.00,59.86,15.87,10.00,14.27,100.00
2011-05-30,6,2094,1381,445,15,253,6,1963,73.04,14.47,12.06,0.43,54.44,100.00,65.95,21.25,0.72,12.08,100.00
2004-03-08,33,11517,6888,1880,391,2358,33,1954,61.70,15.09,19.84,3.38,54.73,100.00,59.81,16.32,3.39,20.47,100.00
2013-01-14,3,1047,602,280,56,109,2,1963,57.50,26.74,10.41,5.35,57.02,66.67,57.50,26.74,5.35,10.41,66.67
2006-02-06,28,9772,5146,2114,470,2042,25,1954,54.22,22.40,19.72,3.68,54.12,92.11,52.66,21.63,4.81,20.90,89.29
2012-12-10,11,3839,2197,922,624,96,11,1963,56.85,20.44,2.17,20.55,57.02,100.00,57.23,24.02,16.25,2.50,100.00
2007-04-09,7,2443,1519,391,2,531,7,1958,64.21,13.04,22.59,0.17,51.58,100.00,62.18,16.00,0.08,21.74,100.00
2024-02-12,12,4188,2783,795,21,589,12,1975,66.45,18.98,14.06,0.50,52.44,100.00,66.45,18.98,0.50,14.06,100.00
2024-01-22,6,2094,1459,183,151,301,6,1975,69.68,8.74,14.38,7.21,52.72,100.00,69.68,8.74,7.21,14.37,100.00
2018-04-23,25,8725,5227,1442,537,1519,24,1970,57.55,12.36,18.72,11.38,54.44,97.73,59.91,16.53,6.15,17.41,96.00
2020-03-16,28,9772,1034,241,263,8234,28,1973,10.57,2.26,84.27,2.92,52.44,100.00,10.58,2.47,2.69,84.26,100.00
2020-03-23,12,4188,434,122,103,3529,12,1973,10.47,2.24,84.26,3.03,52.44,100.00,10.36,2.91,2.46,84.26,100.00
2004-04-26,17,5933,3613,1190,200,930,17,1954,62.17,19.36,15.68,2.79,55.01,100.00,60.90,20.06,3.37,15.68,100.00
2012-02-13,8,2792,1568,465,398,361,8,1963,53.17,22.42,12.62,11.80,55.30,100.00,56.16,16.65,14.26,12.93,100.00
2008-10-13,3,1047,618,182,1,246,3,1958,59.02,17.38,23.49,0.10,53.87,100.00,59.03,17.38,0.10,23.50,100.00
2010-04-26,5,1745,890,534,3,318,5,1959,47.14,33.74,19.02,0.11,53.01,100.00,51.00,30.60,0.17,18.22,100.00
2019-03-11,16,5584,3786,713,468,617,16,1973,67.80,12.77,11.05,8.38,53.30,100.00,67.80,12.77,8.38,11.05,100.00
2016-02-29,31,10819,7539,1639,434,1207,31,1969,68.28,16.92,11.37,3.45,55.30,100.00,69.68,15.15,4.01,11.16,100.00
2015-02-16,19,6631,4656,840,349,786,19,1969,66.78,12.96,12.79,7.48,55.01,100.00,70.22,12.67,5.26,11.85,100.00
2021-02-22,12,4188,462,125,85,3516,12,1973,11.03,2.99,83.95,2.03,52.44,100.00,11.03,2.98,2.03,83.95,100.00
2025-11-24,5,1745,1032,344,104,265,5,1975,59.14,19.71,15.19,5.96,55.59,100.00,59.14,19.71,5.96,15.19,100.00
2006-03-06,19,6631,3572,1290,183,1586,18,1954,54.37,18.34,24.56,2.74,54.44,96.43,53.87,19.45,2.76,23.92,94.74
2009-01-26,3,1047,668,132,29,218,3,1959,67.41,10.46,20.06,2.08,52.72,100.00,63.80,12.61,2.77,20.82,100.00
2006-11-27,13,4537,2755,824,224,734,13,1958,60.84,19.07,16.14,3.95,52.72,100.00,60.72,18.16,4.94,16.18,100.00
2008-02-11,6,2094,1362,399,3,330,6,1958,67.95,16.16,15.69,0.22,52.44,100.00,65.04,19.05,0.14,15.76,100.00
2018-01-22,8,2792,1845,459,111,377,8,1969,66.08,16.44,13.51,3.98,53.87,100.00,66.08,16.44,3.98,13.50,100.00
2011-02-14,7,2443,1474,624,81,264,7,1963,55.94,29.97,10.25,3.84,54.30,100.00,60.34,25.54,3.32,10.81,100.00
2017-10-16,1,349,156,152,0,41,1,1969,44.70,43.55,11.75,0.00,53.58,100.00,44.70,43.55,0.00,11.75,100.00
2013-02-11,32,11168,7233,1989,598,1348,32,1963,58.48,21.69,13.42,6.42,56.53,100.00,64.77,17.81,5.35,12.07,100.00
2024-09-30,7,2443,1671,233,103,436,7,1975,68.40,9.54,17.85,4.22,54.44,100.00,68.40,9.54,4.22,17.85,100.00
2019-12-02,3,1047,678,237,21,111,3,1973,66.62,21.14,10.75,1.51,52.44,100.00,64.76,22.64,2.01,10.60,100.00
2024-04-22,37,12913,7434,2257,1545,1677,37,1975,54.12,16.69,14.34,14.86,52.44,100.00,57.57,17.48,11.96,12.99,100.00
2005-10-17,4,1396,599,388,150,259,4,1954,42.91,27.80,18.56,10.75,54.73,100.00,42.91,27.79,10.74,18.55,100.00
2016-05-16,10,3490,2618,433,19,420,10,1969,75.02,12.40,12.03,0.54,54.15,100.00,75.01,12.41,0.54,12.03,100.00
2009-12-07,31,10819,5714,3194,157,1754,31,1959,50.69,31.99,16.10,1.23,53.58,100.00,52.81,29.52,1.45,16.21,100.00
2022-01-24,9,3141,1605,531,105,900,8,1973,51.10,16.90,28.66,3.34,53.87,88.89,51.10,16.91,3.34,28.65,88.89
2009-10-05,10,3490,1961,887,81,561,10,1958,60.14,22.27,15.61,1.99,53.83,100.00,56.19,25.42,2.32,16.07,100.00
2022-10-24,2,698,455,108,34,101,2,1975,65.19,15.47,14.47,4.88,52.72,100.00,65.19,15.47,4.87,14.47,100.00
2025-04-21,27,9423,5016,1654,1360,1393,27,1975,52.14,17.75,15.08,15.04,55.87,100.00,53.23,17.55,14.43,14.78,100.00
2022-02-21,41,14309,8208,3197,899,2005,38,1973,52.73,24.79,14.64,7.85,53.58,95.84,57.36,22.34,6.28,14.01,92.68
2023-06-12,9,3141,1865,466,414,396,9,1975,59.38,14.84,12.61,13.18,52.72,100.00,59.38,14.84,13.18,12.61,100.00
2007-06-11,12,4188,1990,1265,108,825,12,1958,48.67,28.76,19.70,2.87,51.58,100.00,47.52,30.21,2.58,19.70,100.00
2015-01-12,4,1396,994,239,49,114,4,1969,71.20,17.12,8.17,3.51,55.01,100.00,71.20,17.12,3.51,8.17,100.00
2009-03-23,14,4886,2647,1323,47,869,14,1959,53.06,28.19,17.74,1.02,51.86,100.00,54.18,27.08,0.96,17.79,100.00
2014-11-24,5,1745,1255,193,18,279,5,1969,71.92,11.06,15.99,1.03,55.30,100.00,71.92,11.06,1.03,15.99,100.00
2025-03-31,20,6980,3757,1093,1186,944,19,1975,53.83,15.66,13.53,16.99,56.16,95.00,53.83,15.66,16.99,13.52,95.00
2016-03-07,12,4188,2713,832,198,445,12,1969,64.78,19.87,10.62,4.73,55.01,100.00,64.78,19.87,4.73,10.63,100.00
2022-03-14,25,8725,4636,1430,1423,1236,25,1973,52.96,16.42,14.22,16.41,53.87,100.00,53.13,16.39,16.31,14.17,100.00
2003-12-08,4,1396,949,296,24,127,4,1954,67.98,21.20,9.10,1.72,54.73,100.00,67.98,21.20,1.72,9.10,100.00
2007-04-16,3,1047,669,175,0,203,3,1958,66.69,13.90,19.41,0.00,51.58,100.00,63.90,16.71,0.00,19.39,100.00
2021-05-31,27,9423,944,356,212,7911,24,1973,9.83,4.09,83.95,2.13,53.01,85.00,10.02,3.78,2.25,83.95,88.89
2021-06-14,41,14309,1571,517,202,12019,38,1973,10.51,4.06,83.98,1.45,53.01,90.28,10.98,3.61,1.41,84.00,92.68
2017-01-09,2,698,508,90,0,100,2,1969,72.78,12.90,14.33,0.00,53.58,100.00,72.78,12.89,0.00,14.33,100.00
2018-05-21,32,11168,6833,1922,606,1807,32,1970,59.44,17.70,17.23,5.64,54.15,100.00,61.18,17.21,5.43,16.18,100.00
2008-04-21,13,4537,2585,1026,157,769,13,1958,56.98,22.61,16.95,3.46,53.30,100.00,56.98,22.61,3.46,16.95,100.00
2003-04-14,9,3141,2149,540,78,374,9,1954,65.05,19.22,12.04,3.70,55.30,100.00,68.42,17.19,2.48,11.91,100.00
2011-10-31,1,349,269,38,0,42,1,1963,77.08,10.89,12.03,0.00,55.01,100.00,77.08,10.89,0.00,12.03,100.00
2011-09-19,1,349,295,18,0,36,1,1963,84.53,5.16,10.32,0.00,54.44,100.00,84.53,5.16,0.00,10.32,100.00
2009-10-12,4,1396,800,356,0,240,4,1958,57.31,25.51,17.20,0.00,53.58,100.00,57.31,25.50,0.00,17.19,100.00
2025-09-15,2,698,537,37,31,93,2,1975,76.94,5.30,13.33,4.44,55.01,100.00,76.93,5.30,4.44,13.32,100.00
2005-08-22,7,2443,1415,759,0,269,7,1954,57.92,31.07,11.01,0.00,54.15,100.00,57.92,31.07,0.00,11.01,100.00
2010-02-15,2,698,289,275,0,134,2,1959,41.41,39.40,19.20,0.00,53.01,100.00,41.40,39.40,0.00,19.20,100.00
2002-11-25,37,12913,8339,2384,799,1391,36,1954,63.64,19.22,10.78,6.37,54.73,95.84,64.58,18.46,6.19,10.77,97.30
2005-04-04,14,4886,3038,902,21,925,14,1954,62.24,21.28,16.18,0.32,54.59,100.00,62.18,18.46,0.43,18.93,100.00
2002-11-11,2,698,444,70,126,58,2,1954,63.61,10.03,8.31,18.06,54.73,100.00,63.61,10.03,18.05,8.31,100.00
2009-09-28,6,2094,1129,553,72,340,6,1958,53.92,26.41,16.24,3.44,53.96,100.00,53.92,26.41,3.44,16.24,100.00
2025-06-09,20,6980,3961,1370,545,1104,20,1975,54.03,23.78,16.03,6.17,55.01,100.00,56.75,19.63,7.81,15.82,100.00
2006-11-13,4,1396,806,321,38,231,4,1958,57.74,23.00,16.55,2.73,53.01,100.00,57.74,22.99,2.72,16.55,100.00
2004-02-16,51,17799,9786,3815,824,3374,51,1954,53.87,21.50,19.39,5.25,55.02,100.00,54.98,21.43,4.63,18.96,100.00
2005-11-14,18,6282,3718,1145,352,1067,18,1954,57.80,17.12,17.11,7.99,54.12,100.00,59.18,18.23,5.60,16.99,100.00
2015-05-18,9,3141,2070,625,148,298,9,1969,65.90,19.90,9.49,4.71,55.01,100.00,65.90,19.90,4.71,9.49,100.00
2007-01-29,1,349,141,100,34,74,1,1958,40.40,28.65,21.20,9.74,51.86,100.00,40.40,28.65,9.74,21.20,100.00
2012-05-07,23,8027,4996,2167,76,788,22,1963,59.72,29.66,9.88,0.75,57.02,95.83,62.24,27.00,0.95,9.82,95.65
2023-11-13,3,1047,795,93,0,159,3,1975,75.93,8.88,15.19,0.00,53.30,100.00,75.93,8.88,0.00,15.19,100.00
2012-04-16,10,3490,2366,698,0,426,10,1963,68.68,19.25,12.07,0.00,57.02,100.00,67.79,20.00,0.00,12.21,100.00
2021-04-12,26,9074,1028,203,225,7618,26,1973,11.33,2.24,83.95,2.48,53.01,100.00,11.33,2.24,2.48,83.95,100.00
2025-05-19,34,11866,7053,1849,1135,1829,34,1975,60.00,15.04,15.55,9.41,55.30,100.00,59.44,15.58,9.57,15.41,100.00
2024-03-18,23,8027,4319,1657,703,1348,23,1975,54.45,19.51,17.24,8.81,53.01,100.00,53.81,20.64,8.76,16.79,100.00
2005-11-21,35,12215,7354,2105,576,2180,35,1954,60.16,17.27,17.84,4.74,53.88,100.00,60.20,17.23,4.72,17.85,100.00
2017-04-24,23,8027,4730,1421,289,1587,23,1969,57.91,16.48,20.44,5.18,53.87,100.00,58.93,17.70,3.60,19.77,100.00
2011-01-31,1,349,284,39,0,26,1,1963,81.38,11.17,7.45,0.00,54.15,100.00,81.38,11.17,0.00,7.45,100.00
2009-05-18,3,1047,714,188,23,122,3,1959,68.20,17.96,11.65,2.20,52.44,100.00,68.19,17.96,2.20,11.65,100.00
2015-12-07,23,8027,4627,1311,654,1435,23,1969,53.77,14.02,18.36,13.86,55.01,100.00,57.64,16.33,8.15,17.88,100.00
2007-04-23,13,4537,2387,1077,63,1010,13,1958,49.98,24.47,23.67,1.87,51.36,100.00,52.61,23.74,1.39,22.26,100.00
2007-02-19,19,6631,4178,1062,193,1198,19,1958,63.30,15.91,16.45,4.34,52.15,100.00,63.01,16.02,2.91,18.07,100.00
2020-01-13,4,1396,882,187,303,24,4,1973,63.18,13.40,1.72,21.71,52.72,100.00,63.18,13.40,21.70,1.72,100.00
2023-09-11,3,1047,809,77,19,142,3,1975,77.27,7.35,13.56,1.81,53.87,100.00,77.27,7.35,1.81,13.56,100.00
2025-10-13,3,1047,654,246,0,147,3,1975,62.47,23.49,14.04,0.00,55.01,100.00,62.46,23.50,0.00,14.04,100.00
2010-04-12,8,2792,1495,768,33,496,8,1959,52.48,29.37,17.36,0.79,53.01,100.00,53.55,27.51,1.18,17.77,100.00
2021-03-22,23,8027,885,280,120,6742,23,1973,11.03,3.49,83.99,1.49,52.72,100.00,11.03,3.49,1.49,83.99,100.00
2013-11-18,10,3490,2255,315,421,499,10,1963,69.29,7.58,13.56,9.59,55.59,100.00,64.61,9.03,12.06,14.30,100.00
2006-01-23,11,3839,2219,810,153,657,11,1954,57.80,21.10,17.12,3.99,53.58,100.00,57.80,21.10,3.99,17.11,100.00
2024-11-18,7,2443,1331,510,202,400,7,1975,54.48,20.88,16.37,8.27,54.44,100.00,54.48,20.88,8.27,16.37,100.00
2003-12-01,24,8376,5039,1728,662,947,24,1954,61.34,22.65,11.71,4.31,54.73,100.00,60.16,20.63,7.90,11.31,100.00
2006-05-01,30,10470,6107,1993,67,2303,30,1954,58.31,19.50,21.59,0.62,53.86,100.00,58.33,19.04,0.64,22.00,100.00
2013-05-06,18,6282,3750,1613,279,640,17,1963,54.75,33.03,9.91,2.31,56.26,66.67,59.69,25.68,4.44,10.19,94.44
2002-10-14,2,698,527,97,0,74,2,1954,75.50,13.90,10.60,0.00,54.44,100.00,75.50,13.90,0.00,10.60,100.00
2016-02-01,11,3839,2582,771,63,423,11,1969,67.26,20.08,11.02,1.64,55.30,100.00,67.26,20.08,1.64,11.02,100.00
2023-04-10,22,7678,4328,1620,662,1068,22,1975,55.26,22.63,14.26,7.87,52.15,100.00,56.37,21.10,8.62,13.91,100.00
2014-03-03,32,11168,7328,1667,633,1540,32,1963,63.90,15.94,14.12,6.05,57.02,100.00,65.62,14.93,5.67,13.79,100.00
2022-04-18,37,12913,7335,2320,1586,1672,37,1973,58.13,15.86,13.21,12.81,53.01,100.00,56.80,17.97,12.28,12.95,100.00
2018-11-26,4,1396,846,356,80,114,4,1973,60.60,25.50,8.17,5.73,53.30,100.00,60.60,25.50,5.73,8.17,100.00
2013-10-21,10,3490,2107,973,37,373,9,1963,56.96,31.13,11.16,0.76,55.59,83.34,60.37,27.88,1.06,10.69,90.00
2015-03-16,23,8027,5369,1355,344,959,23,1969,68.54,15.79,12.58,3.11,55.30,100.00,66.89,16.88,4.29,11.95,100.00
2024-06-10,25,8725,4966,1421,1000,1338,25,1975,53.63,21.02,15.79,9.57,53.01,100.00,56.92,16.29,11.46,15.34,100.00
2012-04-09,10,3490,2152,701,106,531,10,1963,59.87,22.69,15.01,2.44,56.95,100.00,61.66,20.09,3.04,15.21,100.00
2020-06-15,24,8376,942,266,110,7058,23,1973,11.22,3.16,84.27,1.36,51.86,95.00,11.25,3.18,1.31,84.26,95.83
2015-01-26,2,698,557,61,0,80,2,1969,79.80,8.74,11.46,0.00,55.30,100.00,79.80,8.74,0.00,11.46,100.00
2007-11-05,8,2792,1693,442,78,579,8,1958,60.64,15.83,20.74,2.80,52.72,100.00,60.64,15.83,2.79,20.74,100.00
2013-06-03,16,5584,3760,823,253,748,16,1963,68.52,13.96,13.56,3.95,56.45,100.00,67.34,14.74,4.53,13.40,100.00
2013-06-10,5,1745,1061,469,34,181,5,1963,54.66,31.63,10.78,2.94,56.45,100.00,60.80,26.88,1.95,10.37,100.00
2008-10-06,1,349,140,100,31,78,1,1958,40.11,28.65,22.35,8.88,53.87,100.00,40.11,28.65,8.88,22.35,100.00
2014-01-27,15,5235,3108,1336,143,648,15,1963,59.37,25.52,12.38,2.73,56.73,100.00,59.37,25.52,2.73,12.38,100.00
2009-04-13,6,2094,1227,338,14,515,6,1958,59.36,15.32,24.66,0.67,52.15,100.00,58.60,16.14,0.67,24.59,100.00
2017-06-05,16,5584,3259,1086,335,904,16,1969,58.41,21.80,16.32,3.50,54.01,100.00,58.36,19.45,6.00,16.19,100.00
2013-02-18,17,5933,3719,1288,20,906,17,1963,63.19,21.14,15.40,0.29,56.68,100.00,62.68,21.71,0.34,15.27,100.00
2014-06-16,26,9074,5798,2210,208,858,26,1963,66.25,22.63,8.76,2.38,56.45,100.00,63.90,24.36,2.29,9.46,100.00
2012-11-12,15,5235,3231,989,389,626,15,1963,62.26,18.26,11.89,7.59,56.80,100.00,61.72,18.89,7.43,11.96,100.00
2007-02-26,7,2443,1268,514,143,518,7,1958,57.40,17.38,19.22,6.00,51.29,100.00,51.90,21.04,5.85,21.20,100.00
2011-04-04,25,8725,5188,2204,109,1224,25,1963,55.44,26.59,15.16,2.82,54.28,100.00,59.46,25.26,1.25,14.03,100.00
2011-10-17,3,1047,601,242,63,141,3,1963,57.40,23.11,13.47,6.02,55.01,100.00,57.40,23.11,6.02,13.47,100.00
2004-09-20,5,1745,951,433,82,279,5,1954,50.61,29.05,17.41,2.94,53.58,100.00,54.50,24.81,4.70,15.99,100.00
2021-10-25,4,1396,860,293,75,168,4,1973,61.61,20.99,12.03,5.37,52.44,100.00,61.60,20.99,5.37,12.03,100.00
2007-10-22,3,1047,437,407,1,202,3,1958,41.41,38.47,20.06,0.08,52.72,100.00,41.74,38.87,0.10,19.29,100.00
2002-11-04,1,349,267,47,4,31,1,1954,76.50,13.47,8.88,1.15,54.73,100.00,76.50,13.47,1.15,8.88,100.00
2004-03-15,46,16054,9938,2802,383,2931,45,1954,61.91,17.46,18.26,2.39,54.79,97.83,61.90,17.45,2.39,18.26,97.83
2025-12-08,4,1396,985,184,6,221,4,1975,70.56,13.18,15.83,0.43,55.30,100.00,70.56,13.18,0.43,15.83,100.00
2012-11-19,6,2094,1280,420,182,212,6,1963,61.13,20.06,10.13,8.69,57.02,100.00,61.13,20.06,8.69,10.12,100.00
2009-10-26,2,698,304,290,0,104,2,1958,43.55,41.55,14.90,0.00,54.15,100.00,43.55,41.55,0.00,14.90,100.00
2004-01-19,5,1745,1145,299,1,300,5,1954,65.62,17.13,17.19,0.06,55.01,100.00,65.62,17.13,0.06,17.19,100.00
2006-05-15,40,13960,7306,3347,590,2717,39,1954,52.52,24.18,20.30,3.00,53.34,98.25,52.34,23.98,4.23,19.46,97.50
2022-11-21,6,2094,1555,217,20,302,6,1975,74.26,10.36,14.42,0.96,52.72,100.00,74.26,10.36,0.96,14.42,100.00
2024-09-23,4,1396,930,254,15,197,4,1975,66.62,18.20,14.11,1.08,54.44,100.00,66.62,18.19,1.07,14.11,100.00
2005-10-24,5,1745,948,374,83,340,5,1954,52.44,19.72,20.11,7.74,54.73,100.00,54.33,21.43,4.76,19.48,100.00
2025-03-10,21,7329,4470,866,939,1054,21,1975,59.45,12.19,14.48,13.88,56.16,100.00,60.99,11.82,12.81,14.38,100.00
2019-11-25,10,3490,2234,707,447,102,10,1973,66.33,19.93,3.89,9.86,52.44,100.00,64.01,20.26,12.81,2.92,100.00
2006-12-11,20,6980,3651,2073,255,1001,20,1958,50.33,30.93,13.49,5.27,52.72,100.00,52.31,29.70,3.65,14.34,100.00
2007-12-03,31,10819,5730,2753,352,1984,31,1958,53.09,25.79,18.43,2.70,53.01,100.00,52.96,25.45,3.25,18.34,100.00
2018-01-29,9,3141,2315,523,15,288,9,1969,73.70,16.65,9.17,0.48,54.15,100.00,73.70,16.65,0.48,9.17,100.00
2010-02-22,29,10121,4710,3248,335,1828,29,1959,47.05,32.38,17.69,2.89,53.01,100.00,46.54,32.09,3.31,18.06,100.00
2019-05-13,40,13960,9560,2068,966,1366,40,1973,61.80,14.29,10.67,13.26,53.01,100.00,68.48,14.81,6.92,9.79,100.00
2017-06-19,36,12564,8155,2600,732,1077,36,1969,56.54,25.68,8.96,8.83,53.58,100.00,64.91,20.69,5.83,8.57,100.00
2011-05-16,9,3141,2286,351,59,445,9,1963,72.78,11.17,14.17,1.88,53.99,100.00,72.78,11.17,1.88,14.17,100.00
2009-12-21,3,1047,572,286,2,187,3,1959,54.63,27.32,17.86,0.19,53.30,100.00,54.63,27.32,0.19,17.86,100.00
2018-03-05,38,13262,8226,2378,711,1947,37,1970,61.61,17.99,15.40,5.00,54.15,95.00,62.03,17.93,5.36,14.68,97.37
2012-09-10,1,349,303,20,0,26,1,1963,86.82,5.73,7.45,0.00,56.16,100.00,86.82,5.73,0.00,7.45,100.00
2014-03-10,18,6282,3842,1221,359,860,18,1963,61.31,19.21,14.51,4.96,56.73,100.00,61.16,19.44,5.71,13.69,100.00
2013-09-16,7,2443,1526,440,0,477,7,1963,62.46,18.01,19.52,0.00,55.87,100.00,62.46,18.01,0.00,19.53,100.00
2008-06-09,5,1745,875,498,78,294,5,1958,48.90,29.04,16.86,5.20,53.30,100.00,50.14,28.54,4.47,16.85,100.00
2004-04-12,11,3839,2520,657,45,617,11,1954,65.64,17.11,16.07,1.17,55.01,100.00,65.64,17.11,1.17,16.07,100.00
2022-12-19,7,2443,1803,213,6,421,7,1975,74.44,8.37,16.91,0.29,52.72,100.00,73.80,8.72,0.25,17.23,100.00
2020-11-23,1,349,34,22,0,293,1,1973,9.74,6.30,83.95,0.00,50.72,100.00,9.74,6.30,0.00,83.95,100.00
2019-04-08,38,13262,7376,1934,2152,1800,38,1973,55.62,14.58,13.57,16.23,53.01,100.00,55.62,14.58,16.23,13.57,100.00
2004-04-19,27,9423,5605,1820,635,1363,26,1954,59.55,19.19,14.46,6.80,55.01,96.43,59.48,19.31,6.74,14.46,96.30
2007-02-12,16,5584,3143,1640,87,714,16,1958,56.29,29.37,12.79,1.56,52.15,100.00,56.29,29.37,1.56,12.79,100.00
2018-03-19,32,11168,6369,1828,959,2012,32,1970,55.42,15.43,19.09,10.08,54.44,100.00,57.03,16.37,8.59,18.02,100.00
2003-05-12,35,12215,7133,2412,575,2095,30,1954,58.15,19.90,17.24,4.73,55.11,84.38,58.40,19.75,4.71,17.15,85.71
2014-04-14,9,3141,2008,486,140,507,9,1963,63.93,15.47,16.14,4.46,56.73,100.00,63.93,15.47,4.46,16.14,100.00
2008-10-27,5,1745,936,437,33,339,5,1958,59.21,17.69,21.82,1.29,53.59,100.00,53.64,25.04,1.89,19.43,100.00
2007-11-12,6,2094,1044,595,53,402,6,1958,48.43,30.27,19.27,2.05,52.72,100.00,49.86,28.41,2.53,19.20,100.00
2021-06-07,37,12913,1388,478,202,10845,35,1973,11.20,3.55,83.99,1.27,53.01,96.67,10.75,3.70,1.56,83.99,94.59
2024-05-27,24,8376,4678,1217,1049,1432,24,1975,51.76,17.56,17.67,13.02,52.72,100.00,55.85,14.53,12.52,17.10,100.00
2016-09-26,4,1396,1049,173,30,144,4,1969,75.15,12.39,10.32,2.15,54.15,100.00,75.14,12.39,2.15,10.32,100.00
2011-03-28,22,7678,4199,2344,47,1088,22,1963,52.48,31.02,15.58,0.93,54.44,100.00,54.69,30.53,0.61,14.17,100.00
2020-11-16,9,3141,350,97,55,2639,9,1973,11.14,3.09,84.01,1.75,50.72,100.00,11.14,3.09,1.75,84.02,100.00
2004-02-09,11,3839,2504,642,110,583,11,1954,62.20,19.42,16.64,1.75,55.04,100.00,65.23,16.72,2.87,15.19,100.00
2008-02-18,4,1396,724,396,0,276,4,1958,51.86,28.37,19.77,0.00,52.72,100.00,51.86,28.37,0.00,19.77,100.00
2016-12-12,23,8027,4656,1273,1303,795,23,1969,56.13,14.07,10.97,18.84,54.44,100.00,58.00,15.86,16.23,9.90,100.00
2006-05-29,1,349,135,139,0,75,0,1954,38.68,39.83,21.49,0.00,53.30,0.00,38.68,39.83,0.00,21.49,0.00
2017-05-15,23,8027,5248,1163,471,1145,23,1969,63.38,14.04,14.85,7.75,53.58,100.00,65.38,14.49,5.87,14.26,100.00
2014-03-31,28,9772,6160,1612,523,1477,28,1963,61.55,15.98,15.85,6.64,56.73,100.00,63.04,16.50,5.35,15.11,100.00
2008-11-17,22,7678,4253,1999,245,1181,22,1958,55.13,26.42,15.24,3.22,53.05,100.00,55.39,26.04,3.19,15.38,100.00
2013-05-20,16,5584,3712,1015,114,743,16,1963,65.80,19.35,13.29,1.56,56.33,100.00,66.48,18.18,2.04,13.31,100.00
2005-01-24,12,4188,2309,1021,126,732,10,1954,55.13,24.38,17.48,3.01,53.75,83.33,55.13,24.38,3.01,17.48,83.33
2023-03-13,16,5584,3324,1056,282,922,16,1975,57.47,20.76,16.80,4.98,53.01,100.00,59.53,18.91,5.05,16.51,100.00
2009-02-02,7,2443,1254,580,147,462,7,1959,51.33,23.74,18.91,6.02,52.72,100.00,51.33,23.74,6.02,18.91,100.00
2020-05-11,18,6282,679,281,30,5292,16,1973,11.39,4.12,84.24,0.26,51.86,94.12,10.81,4.47,0.48,84.24,88.89
2010-06-14,5,1745,1213,345,0,187,5,1959,71.83,17.43,10.75,0.00,53.01,100.00,69.51,19.77,0.00,10.72,100.00
2025-01-20,6,2094,1556,206,79,253,6,1976,74.31,9.84,12.08,3.77,55.59,100.00,74.31,9.84,3.77,12.08,100.00
2003-03-31,11,3839,2186,645,230,778,11,1954,56.94,16.80,20.27,5.99,54.44,100.00,56.94,16.80,5.99,20.27,100.00
2017-11-20,7,2443,1377,445,253,368,7,1969,57.36,17.68,15.48,9.49,53.87,100.00,56.37,18.22,10.36,15.06,100.00
2022-12-05,1,349,265,34,0,50,1,1975,75.93,9.74,14.33,0.00,52.72,100.00,75.93,9.74,0.00,14.33,100.00
2008-12-29,3,1047,684,192,45,126,3,1959,65.33,18.34,12.03,4.30,52.25,100.00,65.33,18.34,4.30,12.03,100.00
2014-02-03,6,2094,1188,498,47,361,6,1963,56.73,23.78,17.24,2.25,56.73,100.00,56.73,23.78,2.24,17.24,100.00
2007-03-19,19,6631,4039,1423,44,1125,19,1958,63.09,18.37,17.84,0.70,51.43,100.00,60.91,21.46,0.66,16.97,100.00
2019-11-18,6,2094,1270,470,114,240,6,1973,60.65,22.45,11.46,5.45,52.44,100.00,60.65,22.45,5.44,11.46,100.00
2020-12-14,16,5584,490,151,243,4700,16,1973,8.68,2.57,84.18,4.57,50.91,100.00,8.78,2.70,4.35,84.17,100.00
2006-03-13,33,11517,6851,1990,445,2231,33,1954,61.17,17.17,17.61,4.06,54.54,100.00,59.49,17.28,3.86,19.37,100.00
2024-04-08,22,7678,4370,1336,813,1159,22,1975,57.69,16.89,15.25,10.19,52.44,100.00,56.92,17.40,10.59,15.10,100.00
2020-05-25,17,5933,641,242,35,5015,17,1973,10.80,4.08,84.53,0.59,51.86,100.00,10.80,4.08,0.59,84.53,100.00
2009-12-14,1,349,144,142,1,62,1,1959,41.26,40.69,17.77,0.29,53.30,100.00,41.26,40.69,0.29,17.77,100.00
2006-01-30,3,1047,637,149,2,259,3,1954,63.54,11.97,24.22,0.29,53.87,100.00,60.84,14.23,0.19,24.74,100.00
2016-11-28,9,3141,1971,732,45,393,9,1969,61.95,23.91,12.53,1.62,54.44,100.00,62.75,23.30,1.43,12.51,100.00
2022-06-13,41,14309,7807,3029,1183,2290,34,1973,54.53,21.24,16.15,8.08,52.44,84.60,54.56,21.17,8.27,16.00,82.93
2020-04-20,25,8725,858,299,217,7351,25,1973,10.37,2.74,84.25,2.66,52.44,100.00,9.83,3.43,2.49,84.25,100.00
2004-05-10,16,5584,3331,1053,198,1002,16,1954,61.86,18.11,16.93,3.11,55.01,100.00,59.65,18.86,3.55,17.94,100.00
2009-04-27,10,3490,1789,886,155,660,10,1959,49.50,27.53,19.27,3.70,52.44,100.00,51.26,25.39,4.44,18.91,100.00
2008-05-19,8,2792,1235,826,146,585,8,1958,45.82,29.68,20.16,4.35,53.30,100.00,44.23,29.58,5.23,20.95,100.00
2004-03-29,44,15356,8933,2459,1266,2698,43,1954,57.72,14.37,18.71,9.19,54.85,98.41,58.17,16.01,8.24,17.57,97.73
2023-10-23,3,1047,535,360,0,152,3,1975,51.10,34.38,14.52,0.00,53.01,100.00,51.10,34.38,0.00,14.52,100.00
2014-05-05,20,6980,4822,702,510,946,20,1963,69.61,9.08,15.48,5.83,56.73,100.00,69.08,10.06,7.31,13.55,100.00
2017-05-01,25,8725,5748,1461,409,1107,25,1969,64.07,15.06,13.64,7.26,53.87,100.00,65.88,16.74,4.69,12.69,100.00
2013-11-25,8,2792,1856,581,17,338,8,1963,62.68,24.17,12.65,0.51,55.59,100.00,66.48,20.81,0.61,12.11,100.00
2025-12-15,2,698,459,39,112,88,2,1975,65.76,5.59,12.61,16.05,55.30,100.00,65.76,5.59,16.05,12.61,100.00
2012-10-22,7,2443,1708,243,90,402,7,1963,74.34,8.19,15.33,2.15,56.16,100.00,69.91,9.95,3.68,16.46,100.00
2025-01-27,6,2094,1152,466,163,313,6,1976,55.02,22.25,14.95,7.78,55.59,100.00,55.01,22.25,7.78,14.95,100.00
2022-11-14,5,1745,1334,193,0,218,5,1975,74.32,12.93,12.75,0.00,52.72,100.00,76.45,11.06,0.00,12.49,100.00
2003-05-26,6,2094,1350,256,221,267,6,1954,64.47,12.22,12.75,10.56,55.01,100.00,64.47,12.23,10.55,12.75,100.00
2025-05-12,36,12564,6843,2559,1471,1691,36,1975,54.44,20.15,13.94,11.48,55.59,100.00,54.47,20.37,11.71,13.46,100.00
2011-01-17,12,4188,2916,650,0,622,12,1963,69.63,15.52,14.85,0.00,54.44,100.00,69.63,15.52,0.00,14.85,100.00
2022-03-28,48,16752,9049,3234,1572,2897,46,1973,54.12,19.30,17.26,9.32,53.30,95.83,54.02,19.31,9.38,17.29,95.83
2023-03-20,11,3839,2281,787,255,516,11,1975,60.04,19.71,13.12,7.13,53.01,100.00,59.42,20.50,6.64,13.44,100.00
2011-06-06,12,4188,2788,587,118,695,12,1963,66.83,13.34,16.58,3.26,54.44,100.00,66.57,14.02,2.82,16.60,100.00
2013-03-18,26,9074,6170,1553,495,856,26,1963,70.65,14.74,9.87,4.75,56.35,100.00,68.00,17.11,5.46,9.43,100.00
2018-04-30,29,10121,5732,1755,1014,1620,29,1970,57.46,17.44,15.96,9.15,54.15,100.00,56.63,17.34,10.02,16.01,100.00
2008-02-25,20,6980,3890,1786,181,1123,20,1958,54.14,28.04,15.68,2.14,52.72,100.00,55.73,25.59,2.59,16.09,100.00
2008-03-31,16,5584,2954,1324,108,1198,16,1958,53.67,22.73,21.79,1.82,53.30,100.00,52.90,23.71,1.93,21.45,100.00
2012-10-29,2,698,452,154,0,92,2,1963,64.76,22.07,13.18,0.00,56.16,100.00,64.76,22.06,0.00,13.18,100.00
2011-04-18,3,1047,623,286,0,138,3,1963,59.50,27.32,13.18,0.00,54.15,100.00,59.50,27.32,0.00,13.18,100.00
2007-05-07,8,2792,1637,668,34,453,8,1958,54.63,30.25,14.43,0.70,51.58,100.00,58.63,23.93,1.22,16.22,100.00
2010-03-08,17,5933,2689,1997,93,1154,17,1959,43.74,35.77,19.28,1.21,53.01,100.00,45.32,33.66,1.57,19.45,100.00
2008-03-03,18,6282,3334,1539,191,1218,18,1958,53.17,25.01,19.48,2.35,52.94,100.00,53.07,24.50,3.04,19.39,100.00
2007-02-05,6,2094,1204,567,20,303,6,1958,49.09,33.24,17.19,0.48,52.15,100.00,57.50,27.08,0.96,14.47,100.00
2024-11-25,11,3839,2017,896,358,568,11,1975,50.45,21.18,15.67,12.71,54.44,100.00,52.54,23.34,9.33,14.80,100.00
2006-12-04,17,5933,3339,1380,111,1103,17,1958,61.22,18.29,18.64,1.86,52.72,100.00,56.28,23.26,1.87,18.59,100.00
2003-03-17,12,4188,2537,793,121,737,12,1954,60.58,18.94,17.60,2.89,54.15,100.00,60.58,18.94,2.89,17.60,100.00
2021-04-26,35,12215,1344,395,220,10256,35,1973,10.79,2.76,83.97,2.48,53.01,100.00,11.00,3.23,1.80,83.96,100.00
2005-02-14,27,9423,5934,1467,462,1560,26,1954,63.37,15.75,16.12,4.77,54.23,97.22,62.97,15.57,4.90,16.56,96.30
2005-05-30,27,9423,5013,2583,333,1494,26,1954,52.72,29.11,15.67,2.51,54.44,97.37,53.20,27.41,3.53,15.85,96.30
2019-06-17,31,10819,6732,2224,1127,736,31,1973,64.93,20.40,6.53,8.16,52.72,100.00,62.22,20.56,10.42,6.80,100.00
2008-11-10,12,4188,2367,894,208,719,12,1958,52.19,26.67,17.51,3.63,53.30,100.00,56.52,21.35,4.97,17.17,100.00
2004-02-02,1,349,186,92,4,67,1,1954,53.30,26.36,19.20,1.15,55.01,100.00,53.30,26.36,1.15,19.20,100.00
2021-05-03,19,6631,774,153,137,5567,19,1973,11.67,2.31,83.95,2.07,52.72,100.00,11.67,2.31,2.07,83.95,100.00
2020-06-22,2,698,64,42,4,588,2,1973,9.17,6.02,84.24,0.58,51.86,100.00,9.17,6.02,0.57,84.24,100.00
2011-12-05,38,13262,8351,2833,953,1125,38,1963,58.81,23.90,7.73,9.57,55.59,100.00,62.97,21.36,7.19,8.48,100.00
2015-03-23,26,9074,5197,1770,452,1655,25,1969,57.78,19.62,18.30,4.32,55.30,96.67,57.27,19.51,4.98,18.24,96.15
2017-11-13,12,4188,2830,743,44,571,12,1969,72.02,12.15,15.25,0.58,53.87,100.00,67.57,17.74,1.05,13.63,100.00
2008-09-29,2,698,378,162,0,158,2,1958,54.15,23.21,22.64,0.00,53.87,100.00,54.15,23.21,0.00,22.64,100.00
2008-05-12,23,8027,4420,1846,536,1225,23,1958,56.99,21.09,15.06,6.85,53.30,100.00,55.06,23.00,6.68,15.26,100.00
2006-04-17,21,7329,3436,1560,708,1625,17,1954,56.19,14.44,21.44,7.93,53.87,90.00,46.88,21.29,9.66,22.17,80.95
2025-04-28,14,4886,2739,780,469,898,14,1975,56.06,15.96,18.38,9.60,55.87,100.00,56.06,15.96,9.60,18.38,100.00
2009-04-06,13,4537,2197,1526,38,776,13,1958,48.06,33.57,17.02,1.36,52.13,100.00,48.42,33.63,0.84,17.10,100.00
2014-04-28,8,2792,2040,447,0,305,8,1963,73.06,16.01,10.93,0.00,56.73,100.00,73.07,16.01,0.00,10.92,100.00
2005-05-16,14,4886,2674,1197,170,845,14,1954,56.19,21.46,17.15,5.20,54.49,100.00,54.73,24.50,3.48,17.29,100.00
2020-01-27,6,2094,1117,469,324,184,6,1973,53.34,22.40,8.79,15.47,52.72,100.00,53.34,22.40,15.47,8.79,100.00
2009-03-09,5,1745,823,549,0,373,5,1959,44.74,34.39,20.89,0.00,51.86,100.00,47.16,31.46,0.00,21.38,100.00
2013-03-25,15,5235,3463,1166,60,546,15,1963,66.53,20.68,11.97,0.83,56.19,100.00,66.15,22.27,1.15,10.43,100.00
2023-04-24,40,13960,7896,2354,1737,1973,40,1975,54.96,15.03,13.92,16.11,52.15,100.00,56.56,16.86,12.44,14.13,100.00
2016-04-11,29,10121,7553,1477,147,944,29,1969,74.63,14.59,9.33,1.45,54.44,100.00,74.63,14.59,1.45,9.33,100.00
2010-05-17,14,4886,2444,1320,3,1119,14,1959,53.05,25.15,21.77,0.04,53.01,100.00,50.02,27.02,0.06,22.90,100.00
2009-05-11,8,2792,1443,874,0,475,8,1959,51.91,31.40,16.69,0.00,52.44,100.00,51.68,31.30,0.00,17.01,100.00
2023-05-29,13,4537,2882,679,379,597,13,1975,63.52,14.97,13.16,8.35,53.01,100.00,63.52,14.97,8.35,13.16,100.00
2012-03-12,18,6282,3966,1202,334,780,18,1963,64.67,18.13,12.76,4.45,55.87,100.00,63.13,19.13,5.32,12.42,100.00
2018-02-12,5,1745,1085,340,80,240,5,1969,62.18,19.48,13.75,4.58,54.44,100.00,62.18,19.48,4.58,13.75,100.00
2010-11-29,17,5933,3361,1730,249,593,17,1963,57.25,27.72,9.68,5.36,54.73,100.00,56.65,29.16,4.20,9.99,100.00
2010-05-31,16,5584,3025,1846,167,546,16,1959,57.28,30.48,9.97,2.28,53.01,100.00,54.17,33.06,2.99,9.78,100.00
2007-10-29,3,1047,783,80,0,184,3,1958,74.79,7.64,17.58,0.00,52.72,100.00,74.79,7.64,0.00,17.57,100.00
2019-04-22,33,11517,7424,2032,700,1361,33,1973,65.03,18.15,11.82,5.01,53.01,100.00,64.46,17.64,6.08,11.82,100.00
2022-05-30,56,19544,11043,4521,692,3288,48,1973,56.38,21.92,17.93,3.77,53.01,89.23,56.50,23.13,3.54,16.82,85.71
2020-03-02,22,7678,5041,1551,447,639,22,1973,65.19,14.15,8.26,12.43,52.44,100.00,65.66,20.20,5.82,8.32,100.00
2013-12-16,24,8376,6474,1155,198,549,24,1963,76.38,13.49,7.58,2.57,55.87,100.00,77.29,13.79,2.36,6.55,100.00
2011-02-07,15,5235,3674,964,38,559,15,1963,69.97,19.02,9.97,1.03,54.21,100.00,70.18,18.41,0.73,10.68,100.00
2025-06-16,23,8027,4855,1028,1068,1076,23,1975,53.38,14.79,13.53,18.31,55.01,100.00,60.48,12.81,13.31,13.40,100.00
2017-12-11,26,9074,5159,1728,792,1395,25,1969,55.97,21.65,14.23,8.15,53.87,93.75,56.85,19.04,8.73,15.37,96.15
2022-05-09,26,9074,5224,1675,747,1428,25,1973,48.39,20.51,17.06,14.05,53.30,97.92,57.57,18.46,8.23,15.74,96.15
2019-06-03,3,1047,763,173,2,109,3,1973,72.87,16.53,10.41,0.19,52.72,100.00,72.87,16.52,0.19,10.41,100.00
2011-06-13,14,4886,3361,628,250,647,14,1963,64.23,15.17,13.08,7.53,54.71,100.00,68.79,12.85,5.12,13.24,100.00
2011-05-23,18,6282,3307,1997,157,821,18,1963,51.42,34.11,12.69,1.78,54.18,100.00,52.64,31.79,2.50,13.07,100.00
2012-05-21,33,11517,7250,2037,899,1331,33,1963,62.27,20.25,11.94,5.54,57.02,100.00,62.95,17.69,7.81,11.56,100.00
2021-10-18,1,349,176,120,0,53,1,1973,50.43,34.38,15.19,0.00,52.44,100.00,50.43,34.38,0.00,15.19,100.00
2004-10-25,11,3839,2572,684,60,523,10,1954,67.00,17.82,13.62,1.56,53.30,90.91,67.00,17.82,1.56,13.62,90.91
2003-05-05,7,2443,1588,420,27,408,7,1954,69.32,13.01,17.03,0.65,55.30,100.00,65.00,17.19,1.11,16.70,100.00
2021-02-08,14,4886,553,186,29,4118,13,1973,10.67,4.19,84.39,0.77,52.30,95.84,11.32,3.81,0.59,84.28,92.86
2012-04-30,12,4188,2498,912,423,355,12,1963,59.65,21.78,8.48,10.10,57.02,100.00,59.65,21.78,10.10,8.48,100.00
2021-04-19,19,6631,734,224,101,5572,19,1973,10.83,3.73,84.10,1.35,53.01,100.00,11.07,3.38,1.52,84.03,100.00
2014-12-01,1,349,152,183,0,14,0,1969,43.55,52.44,4.01,0.00,55.59,0.00,43.55,52.44,0.00,4.01,0.00
2025-05-05,29,10121,5657,2009,1161,1294,29,1975,56.03,18.21,13.23,12.54,55.87,100.00,55.89,19.85,11.47,12.79,100.00
2010-04-19,8,2792,1564,741,25,462,8,1959,63.27,19.84,16.19,0.70,53.01,100.00,56.02,26.54,0.90,16.55,100.00
2011-05-02,12,4188,2904,760,38,486,12,1963,69.77,18.15,11.59,0.48,53.87,100.00,69.34,18.15,0.91,11.60,100.00
2024-05-20,17,5933,3459,1080,542,852,17,1975,58.30,18.20,14.36,9.13,52.72,100.00,58.30,18.20,9.14,14.36,100.00
2019-12-09,9,3141,2053,489,377,222,9,1973,65.91,15.57,6.88,11.65,52.44,100.00,65.36,15.57,12.00,7.07,100.00
2005-04-18,2,698,349,214,1,134,2,1954,50.00,30.66,19.20,0.15,54.73,100.00,50.00,30.66,0.14,19.20,100.00
2003-01-20,1,349,269,40,1,39,1,1954,77.08,11.46,11.17,0.29,53.58,100.00,77.08,11.46,0.29,11.17,100.00
2008-12-01,23,8027,3886,2140,343,1658,23,1958,49.67,25.97,20.26,4.10,53.14,100.00,48.41,26.66,4.27,20.66,100.00
2016-11-14,2,698,440,184,0,74,2,1969,63.04,26.36,10.61,0.00,54.44,100.00,63.04,26.36,0.00,10.60,100.00
2010-03-01,9,3141,1483,933,20,705,9,1959,45.82,34.08,19.68,0.43,53.01,100.00,47.21,29.70,0.64,22.45,100.00
2004-01-26,9,3141,1832,635,80,594,9,1954,57.38,20.92,18.89,2.82,55.01,100.00,58.33,20.22,2.55,18.91,100.00
2014-05-26,27,9423,6345,1424,632,1022,27,1963,66.69,14.38,11.17,7.77,56.45,100.00,67.34,15.11,6.71,10.85,100.00
2007-12-17,3,1047,685,203,2,157,3,1958,68.77,16.12,14.90,0.22,53.01,100.00,65.43,19.39,0.19,15.00,100.00
2011-04-25,3,1047,603,246,1,197,3,1963,57.59,23.50,18.81,0.10,53.87,100.00,57.59,23.50,0.10,18.82,100.00
2002-11-18,4,1396,826,218,214,138,4,1954,55.59,23.21,10.99,10.22,54.73,100.00,59.17,15.62,15.33,9.89,100.00
2008-03-24,18,6282,3713,1303,231,1035,18,1958,61.31,18.81,16.71,3.17,53.30,100.00,59.11,20.74,3.68,16.48,100.00
2009-11-30,32,11168,5372,3186,478,2132,32,1959,45.93,31.67,19.47,2.93,53.58,100.00,48.10,28.53,4.28,19.09,100.00
2010-11-15,7,2443,1724,485,20,214,7,1963,70.57,19.85,8.76,0.82,54.65,100.00,70.57,19.85,0.82,8.76,100.00
2007-11-19,3,1047,560,298,0,189,3,1958,53.49,28.46,18.05,0.00,52.72,100.00,53.49,28.46,0.00,18.05,100.00
2015-06-01,17,5933,4068,1010,150,705,17,1969,67.86,14.55,13.84,3.76,54.73,100.00,68.57,17.02,2.53,11.88,100.00
2015-10-12,1,349,254,43,0,52,1,1969,72.78,12.32,14.90,0.00,54.73,100.00,72.78,12.32,0.00,14.90,100.00
2003-02-17,32,11168,7663,2150,106,1249,32,1954,68.96,18.99,11.16,0.91,53.91,100.00,68.62,19.25,0.95,11.18,100.00
2023-05-22,19,6631,3678,1255,632,1066,19,1975,55.47,18.93,16.08,9.53,53.01,100.00,55.47,18.93,9.53,16.08,100.00
2013-05-13,33,11517,7847,1950,437,1283,33,1963,64.87,17.47,9.90,7.77,56.17,100.00,68.13,16.93,3.79,11.14,100.00
2020-04-13,19,6631,763,198,84,5586,18,1973,11.51,2.99,84.24,1.27,52.44,94.74,11.51,2.99,1.27,84.24,94.74
2014-03-17,12,4188,2318,935,343,592,12,1963,54.95,23.20,14.13,7.73,56.73,100.00,55.35,22.33,8.19,14.14,100.00
2014-06-23,29,10121,6294,2341,643,843,29,1963,63.48,22.55,8.39,5.59,56.45,100.00,62.19,23.13,6.35,8.33,100.00
2012-11-05,3,1047,820,73,0,154,3,1963,77.73,7.95,14.33,0.00,56.59,100.00,78.32,6.97,0.00,14.71,100.00
2012-01-30,8,2792,1970,434,47,341,8,1963,69.87,16.67,12.25,1.22,55.30,100.00,70.56,15.54,1.68,12.21,100.00
2016-04-18,22,7678,4932,1124,404,1218,22,1969,64.52,13.89,16.35,5.25,54.44,100.00,64.24,14.64,5.26,15.86,100.00
2018-06-18,30,10470,6297,2085,777,1311,29,1970,60.71,20.35,11.65,7.30,54.15,97.50,60.14,19.91,7.42,12.52,96.67
2010-01-18,7,2443,1263,718,5,457,7,1959,53.72,27.50,18.56,0.23,53.30,100.00,51.70,29.39,0.20,18.71,100.00
2018-03-26,34,11866,7225,2041,1161,1439,33,1970,60.89,17.20,12.12,9.79,54.44,97.06,60.89,17.20,9.78,12.13,97.06
2021-05-17,22,7678,791,395,25,6467,17,1973,11.13,4.61,84.10,0.17,53.01,88.10,10.30,5.14,0.33,84.23,77.27
2011-03-21,26,9074,5432,2112,306,1224,26,1963,58.73,24.07,13.50,3.71,54.44,100.00,59.86,23.28,3.37,13.49,100.00
2005-11-07,19,6631,3538,1370,407,1316,19,1954,51.95,22.10,20.41,5.55,54.57,100.00,53.36,20.66,6.14,19.85,100.00
2012-06-11,5,1745,1257,333,0,155,5,1963,71.85,19.10,9.05,0.00,57.02,100.00,72.03,19.08,0.00,8.88,100.00
2010-03-15,9,3141,1642,736,43,720,9,1959,51.06,24.93,22.78,1.23,53.01,100.00,52.28,23.43,1.37,22.92,100.00
2004-05-24,12,4188,2547,1066,152,423,11,1954,60.82,25.45,10.10,3.63,55.01,91.67,60.82,25.45,3.63,10.10,91.67
2007-03-26,8,2792,1863,523,3,403,8,1958,57.53,29.13,13.29,0.06,51.76,100.00,66.73,18.73,0.11,14.43,100.00
2004-09-27,3,1047,579,277,38,153,3,1954,55.30,26.46,14.61,3.63,53.58,100.00,55.30,26.46,3.63,14.61,100.00
2024-02-05,9,3141,1561,650,291,639,9,1975,49.70,20.69,20.34,9.27,52.44,100.00,49.70,20.69,9.26,20.34,100.00
2025-11-17,5,1745,1199,289,2,255,5,1975,68.71,16.56,14.61,0.11,55.30,100.00,68.71,16.56,0.11,14.61,100.00
2022-06-06,30,10470,6369,1629,830,1642,27,1973,58.76,15.88,16.37,8.99,52.72,89.69,60.83,15.56,7.93,15.68,90.00
2017-01-16,7,2443,1684,504,72,183,7,1969,68.93,20.63,7.49,2.95,53.58,100.00,68.93,20.63,2.95,7.49,100.00
2017-01-23,7,2443,1572,261,183,427,7,1969,64.35,10.68,17.48,7.49,53.58,100.00,64.35,10.68,7.49,17.48,100.00
2023-06-19,20,6980,4248,1394,417,921,20,1975,63.31,17.96,13.19,5.54,52.72,100.00,60.86,19.97,5.97,13.19,100.00
2019-02-25,42,14658,10073,2244,970,1371,42,1973,68.54,13.75,11.26,6.45,53.30,100.00,68.72,15.31,6.62,9.35,100.00
2014-11-17,1,349,278,19,0,52,1,1969,79.66,5.44,14.90,0.00,55.30,100.00,79.66,5.44,0.00,14.90,100.00
2017-04-17,30,10470,6595,1839,697,1339,30,1969,62.85,17.33,13.07,6.76,53.58,100.00,62.99,17.56,6.66,12.79,100.00
2014-04-07,7,2443,1206,601,159,477,7,1963,49.36,24.60,19.52,6.51,57.02,100.00,49.37,24.60,6.51,19.53,100.00
2017-03-27,20,6980,4357,1044,368,1211,20,1969,62.80,15.34,18.35,3.52,53.30,100.00,62.42,14.96,5.27,17.35,100.00
2009-08-31,1,349,148,106,34,61,1,1958,42.41,30.37,17.48,9.74,53.58,100.00,42.41,30.37,9.74,17.48,100.00
2016-03-14,28,9772,6343,1771,337,1321,28,1969,64.91,18.13,13.52,3.45,55.01,100.00,64.91,18.12,3.45,13.52,100.00
2025-03-17,18,6282,3534,1196,714,838,18,1975,56.99,15.54,14.54,12.94,56.16,100.00,56.26,19.04,11.37,13.34,100.00
2011-02-28,13,4537,2559,1527,42,409,12,1963,54.31,38.94,6.21,0.55,54.44,75.00,56.40,33.66,0.93,9.01,92.31
2021-12-13,10,3490,2084,405,505,496,10,1973,59.72,11.60,14.22,14.47,53.58,100.00,59.71,11.60,14.47,14.21,100.00
2021-03-15,28,9772,1026,398,141,8207,26,1973,10.55,3.98,83.99,1.49,52.72,93.34,10.50,4.07,1.44,83.98,92.86
2006-04-24,24,8376,4662,1255,669,1790,24,1954,56.08,13.77,21.15,9.00,53.87,100.00,55.66,14.98,7.99,21.37,100.00
2018-04-09,20,6980,4458,924,381,1217,20,1970,63.92,13.30,17.41,5.38,54.44,100.00,63.87,13.24,5.46,17.44,100.00
2006-05-08,22,7678,3859,1804,214,1801,22,1954,50.28,22.88,23.92,2.93,53.74,100.00,50.26,23.50,2.79,23.46,100.00
2011-12-12,5,1745,1069,407,159,110,5,1963,58.87,27.28,6.43,7.42,55.49,100.00,61.26,23.32,9.11,6.30,100.00
2002-12-16,2,698,463,52,91,92,2,1954,66.34,7.45,13.18,13.04,53.87,100.00,66.33,7.45,13.04,13.18,100.00
2007-11-26,17,5933,3633,1203,172,925,17,1958,60.45,20.98,15.40,3.18,52.87,100.00,61.23,20.28,2.90,15.59,100.00
2021-04-05,32,11168,1199,303,257,9409,32,1973,10.72,2.50,84.25,2.55,53.01,100.00,10.74,2.71,2.30,84.25,100.00
2003-02-10,19,6631,4258,1276,356,741,18,1954,66.31,17.97,11.21,4.52,53.87,95.84,64.21,19.24,5.37,11.17,94.74
2024-02-26,21,7329,4059,1559,576,1135,21,1975,55.38,21.27,15.48,7.86,52.72,100.00,55.38,21.27,7.86,15.49,100.00
2018-02-26,28,9772,6028,1510,500,1734,28,1969,62.19,15.85,17.25,4.72,54.30,100.00,61.69,15.45,5.12,17.74,100.00
2021-10-11,2,698,403,194,18,83,2,1973,57.74,27.80,11.89,2.58,52.72,100.00,57.74,27.79,2.58,11.89,100.00
2013-03-11,28,9772,5810,1795,792,1375,28,1963,64.38,16.38,11.91,7.32,56.52,100.00,59.46,18.37,8.10,14.07,100.00
2012-12-03,46,16054,10466,3426,872,1290,46,1963,58.29,26.27,8.87,6.56,57.02,100.00,65.19,21.34,5.43,8.04,100.00
2018-05-28,28,9772,6042,1739,425,1566,28,1970,61.18,17.76,16.57,4.52,54.15,100.00,61.83,17.80,4.35,16.03,100.00
2018-02-05,12,4188,2711,674,42,761,11,1969,64.73,16.09,18.17,1.00,54.44,91.67,64.73,16.09,1.00,18.17,91.67
2021-11-29,10,3490,2381,648,45,416,10,1973,67.90,19.10,11.94,1.08,53.30,100.00,68.22,18.57,1.29,11.92,100.00
2009-03-30,10,3490,1574,984,145,787,10,1959,44.62,29.39,22.83,3.17,51.98,100.00,45.10,28.19,4.15,22.55,100.00
2005-02-28,22,7678,4536,1657,126,1359,20,1954,59.61,21.11,17.53,1.76,54.39,91.67,59.08,21.58,1.64,17.70,90.91
2016-01-18,1,349,200,96,19,34,1,1969,57.31,27.51,9.74,5.44,55.30,100.00,57.31,27.51,5.44,9.74,100.00
2013-04-08,20,6980,4588,1469,74,849,19,1963,65.65,21.21,12.42,0.71,56.43,94.44,65.73,21.05,1.06,12.16,95.00
2004-03-01,27,9423,5399,1584,588,1852,25,1954,52.20,26.78,17.64,3.38,54.75,96.16,57.30,16.81,6.24,19.65,92.59
2023-06-05,12,4188,2817,513,327,531,12,1975,65.21,14.89,12.78,7.13,52.72,100.00,67.26,12.25,7.81,12.68,100.00
2016-01-25,4,1396,983,110,107,196,4,1969,70.42,7.88,14.04,7.67,55.30,100.00,70.42,7.88,7.66,14.04,100.00
2007-05-28,5,1745,961,482,2,300,5,1958,55.07,27.62,17.19,0.11,51.58,100.00,55.07,27.62,0.11,17.19,100.00
2017-09-25,2,698,535,97,0,66,2,1969,76.65,13.90,9.46,0.00,53.58,100.00,76.65,13.90,0.00,9.46,100.00
2010-06-07,17,5933,3108,2178,22,625,17,1959,52.46,36.35,10.80,0.39,53.01,100.00,52.38,36.71,0.37,10.53,100.00
2007-05-21,16,5584,3203,1119,204,1058,16,1958,55.08,23.86,18.41,2.66,51.58,100.00,57.36,20.04,3.65,18.95,100.00
2021-03-08,14,4886,579,107,84,4116,14,1973,11.85,2.19,84.24,1.72,52.72,100.00,11.85,2.19,1.72,84.24,100.00
2002-12-09,7,2443,1515,326,248,354,7,1954,62.01,13.34,14.49,10.15,54.44,100.00,62.01,13.34,10.15,14.49,100.00
2002-12-30,15,5235,2898,814,626,897,15,1954,55.36,15.55,17.13,11.96,54.42,100.00,55.36,15.55,11.96,17.13,100.00
2020-02-03,5,1745,912,528,134,171,5,1973,52.26,30.26,9.80,7.68,52.72,100.00,52.26,30.26,7.68,9.80,100.00
2016-06-20,24,8376,5098,1443,1014,821,24,1969,60.87,17.23,9.80,12.11,54.44,100.00,60.86,17.23,12.11,9.80,100.00
2010-04-05,4,1396,639,415,16,326,4,1959,45.77,29.73,23.35,1.15,53.01,100.00,45.77,29.73,1.15,23.35,100.00
2011-11-21,4,1396,856,308,0,232,4,1963,61.32,22.07,16.62,0.00,54.87,100.00,61.32,22.06,0.00,16.62,100.00
2022-02-28,32,11168,7058,1921,400,1789,31,1973,71.44,10.82,15.21,2.54,53.58,98.39,63.20,17.20,3.58,16.02,96.88
2021-12-06,2,698,555,49,0,94,2,1973,79.51,7.02,13.47,0.00,53.30,100.00,79.51,7.02,0.00,13.47,100.00
2019-12-16,10,3490,2010,495,744,241,10,1973,57.60,14.19,6.91,21.32,52.72,100.00,57.59,14.18,21.32,6.91,100.00
2019-10-21,7,2443,1381,501,280,281,7,1973,56.53,20.51,11.50,11.46,52.72,100.00,56.53,20.51,11.46,11.50,100.00
2016-10-10,2,698,524,78,0,96,2,1969,75.08,11.17,13.76,0.00,54.15,100.00,75.07,11.17,0.00,13.75,100.00
2013-01-28,12,4188,2841,645,128,574,12,1963,67.84,15.40,13.71,3.06,56.59,100.00,67.84,15.40,3.06,13.71,100.00
2013-05-27,21,7329,4510,1266,667,886,21,1963,60.54,16.53,12.52,10.42,56.43,100.00,61.54,17.27,9.10,12.09,100.00
2009-09-21,1,349,150,138,0,61,1,1958,42.98,39.54,17.48,0.00,53.58,100.00,42.98,39.54,0.00,17.48,100.00
2002-12-02,30,10470,6640,1935,783,1112,29,1954,63.82,18.00,10.87,7.32,54.63,94.45,63.42,18.48,7.48,10.62,96.67
2023-03-27,27,9423,5886,1304,967,1266,27,1975,60.10,12.77,13.40,13.75,53.01,100.00,62.46,13.84,10.26,13.44,100.00
2010-03-22,6,2094,1200,469,120,305,6,1959,66.48,15.51,14.59,3.44,53.01,100.00,57.31,22.40,5.73,14.57,100.00
2008-11-03,7,2443,1409,595,28,411,7,1958,54.13,28.14,16.42,1.32,53.30,100.00,57.67,24.36,1.15,16.82,100.00
2024-06-17,27,9423,5584,1440,1150,1249,27,1975,59.26,15.28,13.25,12.20,53.30,100.00,59.26,15.28,12.20,13.25,100.00
2021-01-25,16,5584,576,279,41,4688,16,1973,10.32,5.00,83.95,0.73,51.29,100.00,10.32,5.00,0.73,83.95,100.00
2011-12-19,4,1396,822,472,0,102,4,1963,58.89,33.81,7.31,0.00,55.30,100.00,58.88,33.81,0.00,7.31,100.00
2017-12-04,13,4537,3029,699,252,557,13,1969,66.91,15.05,12.53,5.53,53.87,100.00,66.76,15.41,5.55,12.28,100.00
2014-06-02,10,3490,2456,468,34,532,10,1963,70.37,13.41,15.25,0.97,56.45,100.00,70.37,13.41,0.97,15.24,100.00
2009-11-02,3,1047,429,403,0,215,3,1958,40.98,38.49,20.53,0.00,54.15,100.00,40.97,38.49,0.00,20.53,100.00
2009-10-19,1,349,151,144,0,54,1,1958,43.27,41.26,15.47,0.00,54.15,100.00,43.27,41.26,0.00,15.47,100.00
2025-09-29,1,349,236,64,0,49,1,1975,67.62,18.34,14.04,0.00,55.01,100.00,67.62,18.34,0.00,14.04,100.00
2004-11-15,31,10819,6492,1886,647,1794,31,1954,59.22,19.62,15.51,5.64,53.30,100.00,60.01,17.43,5.98,16.58,100.00
2017-02-27,35,12215,7985,2342,490,1398,35,1969,63.93,20.62,12.66,2.79,53.87,100.00,65.37,19.17,4.01,11.44,100.00
2018-03-12,8,2792,1916,422,69,385,8,1970,68.62,15.11,13.79,2.47,54.44,100.00,68.62,15.11,2.47,13.79,100.00
2008-12-08,29,10121,5172,3207,281,1461,29,1958,52.50,30.53,14.68,2.30,53.30,100.00,51.10,31.69,2.78,14.44,100.00
2024-12-02,5,1745,1055,295,124,271,5,1975,60.46,16.90,15.53,7.11,54.73,100.00,60.46,16.91,7.11,15.53,100.00
2012-03-05,19,6631,3672,1418,713,828,18,1963,53.97,25.27,12.20,8.57,55.71,91.67,55.38,21.38,10.75,12.49,94.74
2018-12-03,2,698,483,122,43,50,2,1973,69.20,17.48,7.16,6.16,53.30,100.00,69.20,17.48,6.16,7.16,100.00
2025-10-20,14,4886,2920,953,355,658,14,1975,59.76,19.51,13.47,7.27,55.01,100.00,59.76,19.50,7.27,13.47,100.00
2018-11-12,12,4188,3440,601,1,146,12,1973,82.14,14.35,3.49,0.02,53.30,100.00,82.14,14.35,0.02,3.49,100.00
2007-04-30,5,1745,1020,287,2,436,5,1958,58.45,16.45,24.99,0.11,51.58,100.00,58.45,16.45,0.11,24.99,100.00
2012-10-15,1,349,269,19,0,61,1,1963,77.08,5.44,17.48,0.00,56.16,100.00,77.08,5.44,0.00,17.48,100.00
2011-10-03,3,1047,700,222,20,105,3,1963,66.86,21.20,10.03,1.91,55.01,100.00,66.86,21.20,1.91,10.03,100.00
2008-01-28,4,1396,621,533,2,240,4,1958,43.41,38.54,17.96,0.10,52.58,100.00,44.48,38.18,0.14,17.19,100.00
2015-05-04,9,3141,2241,469,20,411,9,1969,71.35,14.93,13.08,0.64,55.01,100.00,71.35,14.93,0.64,13.09,100.00
2005-06-06,1,349,157,125,0,67,1,1954,44.99,35.82,19.20,0.00,54.44,100.00,44.99,35.82,0.00,19.20,100.00
2012-02-27,10,3490,2124,719,155,492,9,1963,65.87,17.16,13.56,3.41,55.73,91.67,60.86,20.60,4.44,14.10,90.00
2025-03-24,20,6980,3618,1768,657,937,20,1975,50.59,22.26,14.54,12.62,56.16,100.00,51.83,25.33,9.41,13.42,100.00
2003-11-17,19,6631,4118,1404,351,758,19,1954,62.10,21.17,11.43,5.29,54.73,100.00,62.10,21.17,5.29,11.43,100.00
2003-03-03,29,10121,6428,1678,656,1359,29,1954,66.87,14.77,12.79,5.58,53.87,100.00,63.51,16.58,6.48,13.43,100.00
2003-03-24,32,11168,6356,2688,366,1758,31,1954,56.31,24.50,15.63,3.56,54.47,97.37,56.91,24.07,3.28,15.74,96.88
2016-05-23,14,4886,3615,732,16,523,14,1969,70.70,17.28,11.81,0.21,54.44,100.00,73.99,14.98,0.33,10.70,100.00
2014-02-17,16,5584,3552,1042,186,804,16,1963,63.61,18.66,14.40,3.33,56.73,100.00,63.61,18.66,3.33,14.40,100.00
2008-05-26,37,12913,6625,3605,201,2482,37,1958,50.18,28.27,20.37,1.17,53.30,100.00,51.30,27.92,1.56,19.22,100.00
2021-11-22,7,2443,1627,498,232,86,7,1973,70.74,16.72,5.91,6.65,52.58,100.00,66.60,20.38,9.50,3.52,100.00
2012-05-28,21,7329,4757,1462,213,897,21,1963,68.58,16.60,12.51,2.32,57.02,100.00,64.91,19.95,2.91,12.24,100.00
2021-02-01,18,6282,600,245,145,5292,18,1973,9.55,3.90,84.24,2.31,51.86,100.00,9.55,3.90,2.31,84.24,100.00
2008-06-16,1,349,143,138,1,67,1,1958,40.97,39.54,19.20,0.29,53.30,100.00,40.97,39.54,0.29,19.20,100.00
2015-11-09,2,698,540,60,14,84,2,1969,77.37,8.60,12.03,2.01,55.01,100.00,77.36,8.60,2.01,12.03,100.00
2023-05-08,42,14658,8467,2521,1584,2086,42,1975,57.33,16.43,14.65,11.60,52.15,100.00,57.76,17.20,10.81,14.23,100.00
2020-02-10,8,2792,1755,554,147,336,8,1973,62.86,19.84,12.03,5.27,52.72,100.00,62.86,19.84,5.27,12.03,100.00
2020-09-28,4,1396,146,74,4,1172,3,1973,10.46,5.30,83.95,0.29,50.72,75.00,10.46,5.30,0.29,83.95,75.00
2003-04-07,21,7329,4656,1267,564,842,21,1954,62.75,18.72,11.93,6.60,55.24,100.00,63.53,17.29,7.70,11.49,100.00
2012-03-19,33,11517,7504,2261,144,1608,32,1963,65.76,20.21,13.28,0.74,56.09,98.44,65.16,19.63,1.25,13.96,96.97
2024-03-04,24,8376,5006,1208,942,1220,24,1975,59.25,15.06,14.78,10.92,53.01,100.00,59.77,14.42,11.25,14.57,100.00
2008-02-04,1,349,266,17,0,66,1,1958,76.22,4.87,18.91,0.00,52.72,100.00,76.22,4.87,0.00,18.91,100.00
2014-12-15,11,3839,2488,498,414,439,11,1969,65.33,13.58,11.05,10.04,55.59,100.00,64.81,12.97,10.78,11.44,100.00
2003-11-10,28,9772,6124,1279,660,1709,27,1954,61.89,16.03,15.47,6.62,54.73,87.50,62.67,13.09,6.75,17.49,96.43
2011-03-07,39,13611,8160,3627,499,1325,39,1963,58.39,26.38,10.61,4.62,54.44,100.00,59.95,26.65,3.67,9.73,100.00
2019-04-29,10,3490,1831,489,818,352,10,1973,52.46,14.01,10.09,23.44,53.01,100.00,52.46,14.01,23.44,10.09,100.00
2020-11-02,4,1396,159,62,3,1172,4,1973,11.39,4.44,83.95,0.22,50.72,100.00,11.39,4.44,0.21,83.95,100.00
2003-11-24,41,14309,8939,2488,1015,1867,40,1954,62.47,17.39,13.05,7.09,54.73,97.56,62.47,17.39,7.09,13.05,97.56
2009-11-09,13,4537,2320,1408,86,723,13,1959,55.30,23.96,19.14,1.60,54.05,100.00,51.14,31.03,1.90,15.94,100.00
2022-05-02,47,16403,8273,3151,2031,2948,37,1973,50.76,18.44,17.86,12.96,53.01,80.84,50.44,19.21,12.38,17.97,78.72
2013-02-04,1,349,259,21,16,53,1,1963,74.21,6.02,15.19,4.58,56.45,100.00,74.21,6.02,4.58,15.19,100.00
2009-02-23,5,1745,784,692,0,269,5,1959,43.34,39.61,17.05,0.00,51.86,100.00,44.93,39.66,0.00,15.42,100.00
2024-04-15,15,5235,3215,953,327,740,15,1975,59.23,22.77,13.31,4.70,52.44,100.00,61.41,18.20,6.25,14.14,100.00
2022-12-12,2,698,300,186,110,102,2,1975,42.98,26.65,14.61,15.76,53.01,100.00,42.98,26.65,15.76,14.61,100.00
2019-10-14,5,1745,1240,249,71,185,5,1973,71.06,14.27,10.60,4.07,52.72,100.00,71.06,14.27,4.07,10.60,100.00
2012-04-23,32,11168,7296,1676,1004,1192,32,1963,68.45,15.48,11.19,4.89,57.02,100.00,65.33,15.01,8.99,10.67,100.00
2025-11-03,7,2443,1410,517,152,364,7,1975,57.72,21.16,14.90,6.22,55.59,100.00,57.72,21.16,6.22,14.90,100.00
2008-11-24,10,3490,2059,966,0,465,10,1958,49.99,35.77,14.24,0.00,53.01,100.00,59.00,27.68,0.00,13.32,100.00
2010-02-01,8,2792,1277,974,18,523,8,1959,44.86,35.48,17.94,1.72,53.30,100.00,45.74,34.89,0.64,18.73,100.00
2019-03-25,43,15007,9692,2295,1575,1445,43,1973,64.76,15.08,9.98,10.20,53.30,100.00,64.58,15.29,10.50,9.63,100.00
2015-04-20,31,10819,6887,1699,319,1914,31,1969,62.53,15.18,18.57,3.73,55.01,100.00,63.66,15.70,2.95,17.69,100.00
2015-06-08,5,1745,1198,240,62,245,5,1969,67.34,14.28,13.95,4.45,54.73,100.00,68.65,13.75,3.55,14.04,100.00
2019-02-11,7,2443,1370,349,270,454,7,1973,56.08,14.29,18.58,11.05,53.58,100.00,56.08,14.29,11.05,18.58,100.00
2015-02-09,3,1047,721,175,0,151,3,1969,68.86,16.71,14.42,0.00,55.01,100.00,68.86,16.71,0.00,14.42,100.00
2011-04-11,29,10121,6286,2038,723,1074,29,1963,64.37,19.79,10.02,5.84,54.15,100.00,62.11,20.14,7.14,10.61,100.00
2016-03-21,12,4188,2484,809,177,718,12,1969,59.31,19.32,17.15,4.23,55.01,100.00,59.31,19.32,4.23,17.14,100.00
2010-05-03,10,3490,1680,1157,19,634,10,1959,50.61,30.88,18.15,0.36,53.01,100.00,48.14,33.15,0.54,18.17,100.00
2020-04-27,24,8376,939,244,135,7058,23,1973,11.21,2.91,84.26,1.61,52.44,95.83,11.21,2.91,1.61,84.26,95.83
2004-11-22,44,15356,9443,3212,794,1907,43,1954,61.24,20.52,13.33,4.92,53.40,98.44,61.49,20.92,5.17,12.42,97.73
2017-09-18,2,698,501,75,0,122,2,1969,71.78,10.75,17.48,0.00,53.58,100.00,71.78,10.74,0.00,17.48,100.00
2025-04-07,33,11517,6896,1725,1012,1884,33,1975,59.81,14.82,16.50,8.87,55.87,100.00,59.88,14.98,8.79,16.36,100.00
2017-10-23,7,2443,1530,440,58,415,7,1969,62.63,18.01,16.99,2.37,53.87,100.00,62.63,18.01,2.37,16.99,100.00
2020-12-07,16,5584,572,218,88,4706,16,1973,9.59,4.03,84.30,2.09,50.72,100.00,10.24,3.90,1.58,84.28,100.00
2018-06-11,45,15705,10734,2435,595,1941,45,1970,67.18,15.71,14.09,3.02,54.44,100.00,68.35,15.50,3.79,12.36,100.00
2017-03-20,29,10121,6696,1861,470,1094,29,1969,62.15,19.64,12.43,5.79,53.30,100.00,66.16,18.39,4.64,10.81,100.00
2007-06-04,6,2094,1017,601,141,335,6,1958,53.95,22.83,16.76,6.46,51.58,100.00,48.57,28.70,6.73,16.00,100.00
2005-04-25,11,3839,2120,918,105,696,11,1954,54.78,24.35,18.16,2.72,54.73,100.00,55.22,23.91,2.74,18.13,100.00
2003-05-19,31,10819,6534,1976,564,1745,31,1954,60.61,19.30,14.52,5.58,55.01,100.00,60.39,18.26,5.21,16.13,100.00
2004-10-18,2,698,416,133,49,100,2,1954,59.60,19.06,14.33,7.02,53.30,100.00,59.60,19.05,7.02,14.33,100.00
2024-05-13,34,11866,7506,2096,583,1681,34,1975,61.81,18.82,14.67,4.70,52.72,100.00,63.26,17.66,4.91,14.17,100.00
2024-04-01,34,11866,6880,1903,1406,1677,34,1975,55.39,17.15,14.77,12.69,52.44,100.00,57.98,16.04,11.85,14.13,100.00
2003-10-27,10,3490,2071,691,179,549,9,1954,59.34,19.80,15.73,5.13,55.01,90.00,59.34,19.80,5.13,15.73,90.00
2017-03-13,27,9423,5802,1801,481,1339,27,1969,61.57,19.11,14.21,5.10,53.30,100.00,61.57,19.11,5.10,14.21,100.00
2006-02-20,22,7678,4243,1711,146,1578,21,1954,54.82,22.33,20.57,2.30,54.40,94.45,55.26,22.28,1.90,20.55,95.45
2012-06-04,6,2094,1362,422,42,268,6,1963,61.95,24.30,11.73,2.01,57.02,100.00,65.04,20.15,2.01,12.80,100.00
2022-04-25,51,17799,9386,3768,1236,3409,45,1973,53.02,21.07,18.96,6.95,53.01,89.71,52.73,21.17,6.94,19.15,88.24
2023-05-01,30,10470,6233,1865,962,1410,30,1975,57.71,18.50,13.62,10.18,52.15,100.00,59.53,17.81,9.19,13.47,100.00
2013-03-04,10,3490,1936,785,198,571,10,1963,54.33,22.31,16.54,6.84,56.73,100.00,55.47,22.49,5.67,16.36,100.00
2021-06-21,50,17450,1828,779,193,14650,43,1973,10.39,4.74,83.95,0.92,53.01,91.86,10.48,4.46,1.11,83.95,86.00
2013-12-09,48,16752,10192,3802,1031,1727,48,1963,60.71,23.23,10.89,5.18,55.87,100.00,60.84,22.70,6.15,10.31,100.00
2008-12-15,3,1047,474,386,35,152,3,1959,44.13,35.18,15.69,5.02,53.30,100.00,45.27,36.87,3.34,14.52,100.00
2007-12-31,5,1745,785,629,16,315,5,1958,44.99,36.05,18.05,0.92,53.30,100.00,44.99,36.05,0.92,18.05,100.00
2022-03-21,20,6980,4445,1033,449,1053,19,1973,63.38,14.69,15.29,6.64,53.58,95.46,63.68,14.80,6.43,15.09,95.00
2009-11-16,12,4188,2147,1340,22,679,12,1959,51.27,32.00,16.22,0.53,53.87,100.00,51.27,32.00,0.53,16.21,100.00
2008-04-14,12,4188,2574,900,69,645,12,1958,67.70,15.95,15.21,1.16,53.30,100.00,61.46,21.49,1.65,15.40,100.00
2003-03-10,41,14309,9063,2318,842,2086,41,1954,62.91,16.24,14.53,6.33,54.08,100.00,63.34,16.20,5.88,14.58,100.00
2019-05-27,5,1745,1171,280,209,85,5,1973,67.10,16.05,4.87,11.98,52.72,100.00,67.11,16.05,11.98,4.87,100.00
2023-01-23,5,1745,1099,415,16,215,5,1975,62.98,23.78,12.32,0.92,52.44,100.00,62.98,23.78,0.92,12.32,100.00
2021-05-24,28,9772,1152,367,47,8206,27,1973,11.79,3.76,83.97,0.48,53.01,96.43,11.79,3.76,0.48,83.97,96.43
2025-02-17,22,7678,4263,1065,1069,1281,22,1975,55.52,13.87,16.69,13.92,55.59,100.00,55.52,13.87,13.92,16.68,100.00
2007-03-05,35,12215,6699,2912,286,2318,35,1958,53.80,25.01,18.89,2.30,51.67,100.00,54.84,23.84,2.34,18.98,100.00
2015-11-23,4,1396,948,222,48,178,4,1969,67.91,15.90,12.75,3.44,55.01,100.00,67.91,15.90,3.44,12.75,100.00
2003-09-29,8,2792,1469,873,0,450,8,1954,50.64,33.26,16.10,0.00,55.30,100.00,52.61,31.27,0.00,16.12,100.00
2015-12-14,29,10121,6505,1906,909,801,29,1969,64.84,18.86,7.68,8.62,55.30,100.00,64.27,18.83,8.98,7.91,100.00
2016-04-04,50,17450,11625,2351,1152,2322,50,1969,67.29,12.20,14.43,6.09,54.44,100.00,66.62,13.47,6.60,13.31,100.00
2006-03-20,31,10819,5922,2222,484,2191,28,1954,54.32,20.39,20.63,4.66,54.44,93.18,54.74,20.54,4.47,20.25,90.32
2008-05-05,17,5933,2845,2046,135,907,17,1958,48.27,33.79,15.04,2.90,53.30,100.00,47.95,34.49,2.28,15.29,100.00
2022-11-28,8,2792,2081,303,0,408,8,1975,74.53,10.85,14.61,0.00,52.72,100.00,74.53,10.85,0.00,14.61,100.00
2011-03-14,23,8027,4415,1975,673,964,23,1963,52.62,31.24,11.57,4.59,54.37,100.00,55.00,24.60,8.38,12.01,100.00
2010-05-10,5,1745,960,465,0,320,5,1959,52.82,28.85,18.34,0.00,53.01,100.00,55.01,26.65,0.00,18.34,100.00
2012-01-23,6,2094,1400,470,53,171,6,1963,66.34,21.99,8.56,3.12,55.30,100.00,66.86,22.45,2.53,8.17,100.00
2013-09-30,1,349,300,0,0,49,1,1963,85.96,0.00,14.04,0.00,55.59,100.00,85.96,0.00,0.00,14.04,100.00
2006-02-13,30,10470,5508,2601,223,2138,27,1954,52.57,24.61,20.40,2.44,54.16,90.28,52.61,24.84,2.13,20.42,90.00
2009-03-16,13,4537,2146,1452,90,849,13,1959,46.75,31.91,18.11,3.24,51.86,100.00,47.30,32.00,1.98,18.71,100.00
2005-12-05,11,3839,2075,872,120,772,9,1954,55.70,20.17,20.04,4.09,53.80,86.67,54.05,22.71,3.13,20.11,81.82
2004-10-11,9,3141,1775,583,171,612,9,1954,56.49,18.84,19.02,5.65,53.58,100.00,56.51,18.56,5.44,19.48,100.00
2006-04-03,26,9074,4883,1836,276,2079,25,1954,53.35,19.63,22.88,4.15,53.87,97.22,53.81,20.23,3.04,22.91,96.15
2004-05-03,11,3839,2489,631,69,650,11,1954,65.02,17.52,16.04,1.43,55.01,100.00,64.83,16.44,1.80,16.93,100.00
2005-03-07,37,12913,7202,2375,674,2662,34,1954,55.97,19.78,19.74,4.52,54.30,90.68,55.77,18.39,5.22,20.61,91.89
2013-11-11,2,698,544,54,1,99,2,1963,77.94,7.74,14.19,0.15,55.30,100.00,77.94,7.74,0.14,14.18,100.00
2020-11-09,6,2094,223,79,28,1764,6,1973,11.32,2.84,84.24,1.61,50.72,100.00,10.65,3.77,1.34,84.24,100.00
2007-01-01,5,1745,913,457,93,282,5,1958,52.32,26.19,16.16,5.33,52.89,100.00,52.32,26.19,5.33,16.16,100.00
2025-02-10,15,5235,3499,618,154,964,15,1975,66.84,11.80,18.41,2.94,55.59,100.00,66.84,11.81,2.94,18.41,100.00
2003-10-20,1,349,222,42,17,68,1,1954,63.61,12.03,19.48,4.87,55.30,100.00,63.61,12.03,4.87,19.48,100.00
2023-11-20,5,1745,985,450,0,310,5,1975,56.45,25.79,17.77,0.00,53.30,100.00,56.45,25.79,0.00,17.77,100.00
2004-11-08,8,2792,1459,604,287,442,8,1954,52.26,21.64,15.84,10.29,53.30,100.00,52.26,21.63,10.28,15.83,100.00
2004-03-22,11,3839,2434,679,121,605,10,1954,63.64,17.45,15.97,2.96,54.89,91.67,63.40,17.69,3.15,15.76,90.91
2005-10-10,7,2443,1285,353,258,547,7,1954,54.80,16.31,22.73,6.16,54.59,100.00,52.60,14.45,10.56,22.39,100.00
2025-06-02,9,3141,1880,495,342,424,9,1975,59.85,15.76,13.50,10.89,55.01,100.00,59.85,15.76,10.89,13.50,100.00
2015-05-25,3,1047,741,191,0,115,3,1969,71.42,16.84,11.75,0.00,55.01,100.00,70.77,18.24,0.00,10.98,100.00
2002-10-21,3,1047,650,252,33,112,3,1954,62.08,24.07,10.70,3.15,54.44,100.00,62.08,24.07,3.15,10.70,100.00
2005-12-12,2,698,345,61,122,170,2,1954,49.43,8.74,24.36,17.48,53.58,100.00,49.43,8.74,17.48,24.36,100.00
2003-12-29,13,4537,2694,774,387,682,13,1954,59.38,17.06,15.03,8.53,54.88,100.00,59.38,17.06,8.53,15.03,100.00
2020-06-01,10,3490,383,150,17,2940,10,1973,11.83,3.67,84.24,0.27,51.86,100.00,10.97,4.30,0.49,84.24,100.00
2005-01-31,13,4537,2241,913,562,821,12,1954,49.44,20.31,18.24,12.02,53.82,93.75,49.39,20.12,12.39,18.10,92.31
2017-02-20,9,3141,1579,559,483,520,9,1969,50.27,17.80,16.55,15.38,54.15,100.00,50.27,17.80,15.38,16.56,100.00
2020-10-19,4,1396,190,30,0,1176,4,1973,13.61,2.15,84.24,0.00,50.72,100.00,13.61,2.15,0.00,84.24,100.00
2023-04-17,36,12564,8058,2097,778,1631,36,1975,63.86,16.16,13.05,6.94,52.15,100.00,64.14,16.69,6.19,12.98,100.00
2007-05-14,16,5584,3184,1047,340,1013,16,1958,59.40,21.22,16.29,3.09,51.58,100.00,57.02,18.75,6.09,18.14,100.00
2025-02-24,29,10121,5719,1807,1166,1429,29,1975,55.97,16.77,14.72,12.55,55.87,100.00,56.51,17.85,11.52,14.12,100.00
2008-09-22,1,349,252,17,0,80,1,1958,72.21,4.87,22.92,0.00,53.87,100.00,72.21,4.87,0.00,22.92,100.00
2018-05-14,15,5235,3356,789,414,676,15,1970,63.38,15.27,13.57,7.78,54.15,100.00,64.11,15.07,7.91,12.91,100.00
2015-11-02,3,1047,758,123,19,147,3,1969,72.40,11.75,14.04,1.81,55.01,100.00,72.40,11.75,1.81,14.04,100.00
2008-06-02,11,3839,2036,1037,143,623,11,1958,59.65,19.75,17.19,3.41,53.30,100.00,53.03,27.01,3.72,16.23,100.00
2016-02-08,19,6631,4348,888,417,978,19,1969,65.57,13.39,14.75,6.29,55.30,100.00,65.57,13.39,6.29,14.75,100.00
2013-04-22,7,2443,1687,467,45,244,7,1963,73.23,13.18,10.25,3.34,56.45,100.00,69.05,19.12,1.84,9.99,100.00
2025-12-01,7,2443,1648,441,23,331,7,1975,67.46,18.05,13.55,0.94,55.59,100.00,67.46,18.05,0.94,13.55,100.00
2020-09-21,1,349,38,10,8,293,1,1973,10.89,2.87,83.95,2.29,50.72,100.00,10.89,2.87,2.29,83.95,100.00
2010-05-24,17,5933,2973,2086,37,837,17,1959,48.91,35.92,14.63,0.53,53.01,100.00,50.11,35.16,0.62,14.11,100.00
2015-03-09,18,6282,4225,926,382,749,18,1969,66.95,15.02,12.17,5.86,55.30,100.00,67.26,14.74,6.08,11.92,100.00
2015-03-02,20,6980,4970,952,147,911,20,1969,69.60,14.21,14.47,1.74,55.01,100.00,71.20,13.64,2.11,13.05,100.00
2011-11-28,20,6980,4095,1352,548,985,20,1963,64.62,16.63,12.79,5.97,55.37,100.00,58.67,19.37,7.85,14.11,100.00
2022-02-14,23,8027,4126,1906,686,1309,23,1973,51.40,23.75,16.31,8.55,53.58,100.00,51.40,23.74,8.55,16.31,100.00
2021-01-04,2,698,96,14,0,588,2,1973,13.75,2.01,84.24,0.00,51.29,100.00,13.75,2.01,0.00,84.24,100.00
2014-12-08,7,2443,1335,529,223,356,6,1969,56.91,17.95,13.38,11.77,55.59,90.00,54.65,21.65,9.13,14.57,85.71
2017-06-12,22,7678,4759,1513,403,1003,22,1969,61.82,19.62,12.49,6.09,53.87,100.00,61.98,19.71,5.25,13.06,100.00
2004-05-17,2,698,396,129,1,172,2,1954,56.74,18.48,24.64,0.15,55.01,100.00,56.73,18.48,0.14,24.64,100.00
2017-02-13,1,349,277,17,0,55,1,1969,79.37,4.87,15.76,0.00,54.15,100.00,79.37,4.87,0.00,15.76,100.00
2012-05-14,17,5933,3965,1000,249,719,17,1963,67.80,15.27,12.56,4.38,57.02,100.00,66.83,16.85,4.20,12.12,100.00
2022-01-17,6,2094,874,471,143,606,6,1973,41.74,22.50,28.94,6.83,53.87,100.00,41.74,22.49,6.83,28.94,100.00
2020-11-30,9,3141,354,108,41,2638,9,1973,11.48,3.19,84.10,1.24,50.72,100.00,11.27,3.44,1.31,83.99,100.00
2004-11-29,30,10470,6619,1940,547,1364,29,1954,61.46,19.59,14.38,4.59,53.45,97.73,63.22,18.53,5.22,13.03,96.67
2013-11-04,6,2094,1209,553,0,332,6,1963,57.74,26.41,15.86,0.00,55.30,100.00,57.74,26.41,0.00,15.85,100.00
2018-06-04,13,4537,2970,771,166,630,13,1970,65.46,16.99,13.88,3.66,54.44,100.00,65.46,16.99,3.66,13.89,100.00
2019-03-04,17,5933,3710,1040,497,686,17,1973,62.53,17.53,11.56,8.38,53.30,100.00,62.53,17.53,8.38,11.56,100.00
2016-12-05,20,6980,4477,1269,306,928,20,1969,63.26,16.48,14.02,6.25,54.44,100.00,64.14,18.18,4.38,13.30,100.00
2019-11-11,4,1396,1073,207,0,116,4,1973,79.42,12.27,8.31,0.00,52.44,100.00,76.86,14.83,0.00,8.31,100.00
2005-11-28,48,16752,9011,3331,1163,3247,48,1954,53.77,19.92,19.19,7.13,53.81,100.00,53.79,19.88,6.94,19.38,100.00
2020-10-12,1,349,41,14,1,293,1,1973,11.75,4.01,83.95,0.29,50.72,100.00,11.75,4.01,0.29,83.95,100.00
2016-11-07,4,1396,770,282,52,292,4,1969,55.16,20.21,20.92,3.73,54.44,100.00,55.16,20.20,3.72,20.92,100.00
2004-09-06,9,3141,1839,531,70,701,9,1954,58.55,16.90,22.32,2.23,53.58,100.00,58.55,16.91,2.23,22.32,100.00
2009-02-16,23,8027,4538,1562,188,1739,23,1959,56.82,18.76,22.24,2.19,52.61,100.00,56.53,19.46,2.34,21.66,100.00
2017-04-03,37,12913,7697,1862,1048,2306,37,1969,59.29,14.79,16.75,9.18,53.58,100.00,59.61,14.42,8.12,17.86,100.00
2012-04-02,24,8376,5911,1116,286,1063,24,1963,67.07,16.02,13.95,2.97,56.74,100.00,70.57,13.32,3.41,12.69,100.00
2009-11-23,16,5584,2829,1618,110,1027,16,1959,46.45,33.32,19.11,1.13,53.58,100.00,50.66,28.98,1.97,18.39,100.00
2018-11-19,8,2792,2105,348,114,225,8,1973,75.39,12.47,8.06,4.08,53.30,100.00,75.39,12.46,4.08,8.06,100.00
2009-06-08,4,1396,623,564,35,174,4,1958,44.84,38.11,12.03,5.02,52.72,100.00,44.63,40.40,2.51,12.46,100.00
2020-01-20,5,1745,1036,552,146,11,4,1973,59.37,31.63,0.63,8.37,52.72,80.00,59.37,31.63,8.37,0.63,80.00
2023-02-06,9,3141,1638,657,357,489,9,1975,52.15,20.92,15.57,11.36,52.44,100.00,52.15,20.92,11.37,15.57,100.00
2003-09-15,3,1047,560,268,0,219,2,1954,53.49,25.60,20.92,0.00,55.30,66.67,53.49,25.60,0.00,20.92,66.67
2016-05-09,22,7678,4715,1502,580,881,21,1969,61.32,19.66,11.58,7.45,54.44,96.16,61.41,19.56,7.55,11.47,95.45
2014-06-09,28,9772,6359,1614,523,1276,28,1963,63.40,16.36,13.20,7.05,56.45,100.00,65.07,16.52,5.35,13.06,100.00
2020-03-30,25,8725,990,264,120,7351,25,1973,11.28,3.06,84.26,1.41,52.44,100.00,11.35,3.03,1.38,84.25,100.00
2021-01-18,4,1396,145,71,8,1172,4,1973,10.39,5.09,83.95,0.57,51.29,100.00,10.39,5.09,0.57,83.95,100.00
2005-03-21,17,5933,3270,1415,76,1172,16,1954,55.11,23.85,19.75,1.28,54.34,94.12,55.12,23.85,1.28,19.75,94.12
2020-03-09,20,6980,4434,1389,710,447,20,1973,62.16,17.45,7.62,12.78,52.44,100.00,63.52,19.90,10.17,6.40,100.00
2015-04-27,10,3490,2109,808,91,482,10,1969,60.43,23.15,13.81,2.61,55.01,100.00,60.43,23.15,2.61,13.81,100.00
2008-03-10,6,2094,1085,505,68,436,6,1958,49.97,26.37,21.25,2.44,53.05,100.00,51.81,24.12,3.25,20.82,100.00
2023-12-11,4,1396,892,296,0,208,4,1975,63.90,21.21,14.90,0.00,53.30,100.00,63.90,21.20,0.00,14.90,100.00
2010-11-22,14,4886,2864,1448,58,516,14,1963,63.00,25.14,11.23,0.64,54.73,100.00,58.62,29.64,1.19,10.56,100.00
2016-10-24,2,698,429,172,21,76,2,1969,61.46,24.64,10.89,3.01,54.44,100.00,61.46,24.64,3.01,10.89,100.00
2017-11-27,15,5235,3110,1001,392,732,14,1969,58.58,17.98,15.10,8.34,53.87,95.00,59.41,19.12,7.49,13.98,93.33
2021-09-27,5,1745,1212,300,20,213,5,1973,69.46,17.19,12.20,1.15,52.72,100.00,69.46,17.19,1.15,12.21,100.00
2023-03-06,23,8027,4708,1423,759,1137,22,1975,58.63,18.14,13.94,9.32,53.01,97.22,58.65,17.73,9.46,14.16,95.65
2021-11-15,8,2792,1624,808,2,358,7,1973,58.17,28.94,12.83,0.08,52.44,87.50,58.17,28.94,0.07,12.82,87.50
2013-12-02,13,4537,2753,904,450,430,13,1963,62.88,15.23,10.35,11.55,55.59,100.00,60.68,19.93,9.92,9.48,100.00
2012-03-26,22,7678,4710,1443,405,1120,22,1963,58.64,21.02,14.24,6.10,56.81,100.00,61.34,18.79,5.27,14.59,100.00
2015-04-06,20,6980,4801,1195,236,748,20,1969,66.04,21.17,10.92,1.88,55.30,100.00,68.78,17.12,3.38,10.72,100.00
2014-02-24,18,6282,3857,1245,354,826,18,1963,52.19,22.90,14.24,10.67,57.02,100.00,61.40,19.82,5.64,13.15,100.00
2005-02-07,9,3141,2077,505,5,554,8,1954,66.13,15.86,17.85,0.16,54.04,90.00,66.13,16.08,0.16,17.64,88.89
2018-04-16,49,17101,10099,2343,1765,2894,49,1970,59.05,14.30,17.54,9.12,54.44,100.00,59.06,13.70,10.32,16.92,100.00
2016-02-22,1,349,133,114,38,64,1,1969,38.11,32.66,18.34,10.89,55.30,100.00,38.11,32.66,10.89,18.34,100.00
2003-06-09,4,1396,805,229,121,241,4,1954,57.66,16.40,17.27,8.67,55.01,100.00,57.66,16.40,8.67,17.26,100.00
2020-02-17,18,6282,4139,1237,234,672,17,1973,65.89,19.69,10.70,3.72,52.72,94.44,65.89,19.69,3.72,10.70,94.44
2011-05-09,15,5235,2823,937,692,783,15,1963,59.62,15.81,14.36,10.21,53.87,100.00,53.93,17.90,13.22,14.96,100.00
2021-11-08,3,1047,721,209,0,117,3,1973,68.86,19.96,11.17,0.00,52.44,100.00,68.86,19.96,0.00,11.17,100.00
2024-12-09,11,3839,2280,940,109,510,11,1975,54.07,30.23,13.91,1.80,54.73,100.00,59.39,24.49,2.84,13.28,100.00
2017-05-29,16,5584,3869,751,295,669,16,1969,62.36,17.07,12.28,8.30,54.15,100.00,69.29,13.45,5.28,11.98,100.00
2011-02-21,15,5235,3174,1221,210,630,14,1963,56.80,27.64,11.55,4.01,54.31,95.00,60.63,23.32,4.01,12.03,93.33
2008-03-17,13,4537,2516,1076,194,751,13,1958,65.18,16.96,15.20,2.67,53.22,100.00,55.46,23.72,4.28,16.55,100.00
2010-12-13,16,5584,3407,1603,110,464,15,1963,66.48,22.75,7.75,3.03,54.57,96.30,61.01,28.71,1.97,8.31,93.75
2004-05-31,6,2094,1266,424,2,402,6,1954,56.33,28.43,15.19,0.06,54.90,100.00,60.46,20.25,0.10,19.20,100.00
2005-03-14,12,4188,2079,709,645,755,12,1954,54.17,14.18,20.62,11.03,54.15,100.00,49.64,16.93,15.40,18.03,100.00
2003-10-13,10,3490,2129,472,194,695,10,1954,61.10,14.79,20.12,4.00,55.30,100.00,61.00,13.52,5.56,19.91,100.00
2006-01-16,7,2443,1367,460,155,461,7,1954,55.95,18.83,18.87,6.34,53.58,100.00,55.96,18.83,6.34,18.87,100.00
2018-11-05,2,698,555,36,0,107,2,1973,79.52,5.16,15.33,0.00,53.58,100.00,79.51,5.16,0.00,15.33,100.00
2018-01-15,4,1396,1122,122,0,152,4,1969,80.37,8.74,10.89,0.00,53.58,100.00,80.37,8.74,0.00,10.89,100.00
2010-02-08,13,4537,2117,1390,81,949,13,1959,46.64,30.17,20.94,2.26,53.27,100.00,46.66,30.64,1.79,20.92,100.00
2010-01-11,5,1745,940,441,49,315,5,1959,49.14,31.06,17.95,1.87,53.30,100.00,53.87,25.27,2.81,18.05,100.00
2006-12-18,8,2792,1409,661,404,318,8,1958,50.47,23.68,11.39,14.47,52.72,100.00,50.47,23.67,14.47,11.39,100.00
2024-10-21,8,2792,1850,465,35,442,8,1975,66.26,16.65,15.83,1.25,54.44,100.00,66.26,16.65,1.25,15.83,100.00
2013-04-01,4,1396,805,391,0,200,4,1963,56.88,30.04,13.09,0.00,56.31,100.00,57.66,28.01,0.00,14.33,100.00
2020-05-04,24,8376,843,160,315,7058,24,1973,9.99,1.88,84.27,3.88,51.86,100.00,10.06,1.91,3.76,84.26,100.00
2008-10-20,2,698,272,262,0,164,2,1958,38.97,37.54,23.50,0.00,53.87,100.00,38.97,37.54,0.00,23.50,100.00
2007-03-12,10,3490,2210,623,15,642,10,1958,66.24,14.54,18.93,0.29,51.37,100.00,63.32,17.85,0.43,18.40,100.00
2011-11-14,23,8027,4377,1757,611,1282,23,1963,56.37,20.47,15.88,7.29,54.73,100.00,54.53,21.89,7.61,15.97,100.00
2024-01-29,6,2094,1250,532,36,276,6,1975,59.70,25.41,13.18,1.72,52.44,100.00,59.69,25.41,1.72,13.18,100.00
2009-05-25,4,1396,721,419,36,220,4,1959,48.29,31.38,17.00,3.34,52.54,100.00,51.65,30.01,2.58,15.76,100.00
2016-06-13,29,10121,6490,2060,520,1051,29,1969,64.04,20.46,10.52,4.99,54.44,100.00,64.12,20.35,5.14,10.38,100.00
2019-05-06,46,16054,9828,2869,1572,1785,45,1973,60.68,17.82,11.26,10.23,52.72,97.22,61.22,17.87,9.79,11.12,97.83
2022-05-16,37,12913,7725,2369,824,1995,37,1973,59.78,18.37,15.49,6.36,53.58,100.00,59.82,18.35,6.38,15.45,100.00
2006-03-27,16,5584,3353,1126,107,998,16,1954,60.48,20.66,17.31,1.57,54.16,100.00,60.05,20.16,1.92,17.87,100.00
2003-04-28,17,5933,3515,984,544,890,16,1954,61.51,18.28,15.03,5.20,55.30,96.67,59.24,16.59,9.17,15.00,94.12
2021-03-01,21,7329,814,198,161,6156,20,1973,11.12,2.69,83.99,2.20,52.72,95.00,11.11,2.70,2.20,84.00,95.24
2013-04-15,34,11866,7756,2268,628,1214,34,1963,69.24,17.82,8.98,3.96,56.45,100.00,65.36,19.11,5.29,10.23,100.00
2008-01-07,1,349,151,111,36,51,1,1958,43.27,31.81,14.61,10.32,53.01,100.00,43.27,31.81,10.32,14.61,100.00
2004-06-07,1,349,150,113,0,86,1,1954,42.98,32.38,24.64,0.00,54.73,100.00,42.98,32.38,0.00,24.64,100.00
2011-01-24,7,2443,1763,350,19,311,6,1963,74.11,11.70,13.53,0.67,54.44,91.67,72.17,14.33,0.78,12.73,85.71
2004-12-06,5,1745,965,281,108,391,5,1954,55.30,16.10,22.41,6.19,53.87,100.00,55.30,16.10,6.19,22.41,100.00
2009-03-02,23,8027,4063,2457,262,1245,23,1959,49.50,33.43,14.65,2.43,51.86,100.00,50.62,30.61,3.26,15.51,100.00
2016-04-25,15,5235,3736,715,256,528,15,1969,71.37,13.66,10.09,4.89,54.44,100.00,71.37,13.66,4.89,10.09,100.00
2022-06-20,59,20591,13077,4571,839,2104,58,1973,66.39,23.62,6.90,3.10,52.44,96.43,63.51,22.20,4.07,10.22,98.31
2005-05-09,20,6980,4017,1408,422,1133,20,1954,57.60,20.41,16.26,5.75,54.63,100.00,57.55,20.17,6.05,16.23,100.00
2003-02-03,15,5235,3752,610,214,659,15,1954,71.67,11.65,12.59,4.09,53.87,100.00,71.67,11.65,4.09,12.59,100.00
2014-01-20,9,3141,1931,680,39,491,9,1963,61.48,21.65,15.63,1.24,56.73,100.00,61.48,21.65,1.24,15.63,100.00
2013-04-29,12,4188,2820,896,7,465,12,1963,67.33,21.39,11.10,0.17,56.28,100.00,67.34,21.39,0.17,11.10,100.00
2009-04-20,9,3141,1504,972,17,648,9,1959,45.61,33.70,20.37,0.32,52.35,100.00,47.88,30.95,0.54,20.63,100.00
2010-12-06,40,13960,8910,3403,457,1190,40,1963,70.14,19.52,8.56,1.79,54.69,100.00,63.83,24.38,3.27,8.52,100.00
2023-12-18,9,3141,1768,656,255,462,9,1975,56.55,21.33,14.75,7.39,53.30,100.00,56.29,20.89,8.12,14.71,100.00
2015-10-19,2,698,397,131,46,124,2,1969,56.88,18.77,17.77,6.59,54.73,100.00,56.88,18.77,6.59,17.77,100.00
2015-06-15,33,11517,7940,1867,440,1270,33,1969,67.45,19.04,10.10,3.41,54.73,100.00,68.94,16.21,3.82,11.03,100.00
2015-11-16,14,4886,3014,1205,106,561,14,1969,62.55,22.33,13.86,1.27,55.01,100.00,61.69,24.66,2.17,11.48,100.00
2024-04-29,10,3490,2075,613,221,581,10,1975,59.45,17.56,16.65,6.33,52.72,100.00,59.46,17.56,6.33,16.65,100.00
2020-06-08,30,10470,1153,354,143,8820,30,1973,12.09,2.95,84.24,0.73,51.86,100.00,11.01,3.38,1.37,84.24,100.00
2024-12-16,10,3490,2134,754,165,437,10,1975,69.38,14.68,13.33,2.63,54.73,100.00,61.15,21.60,4.73,12.52,100.00
2016-11-21,5,1745,1092,311,132,210,5,1969,64.35,16.17,12.18,7.31,54.44,100.00,62.58,17.82,7.56,12.03,100.00
2018-12-10,8,2792,1816,773,142,61,6,1973,65.04,27.69,2.19,5.09,53.30,75.00,65.04,27.69,5.09,2.18,75.00
2019-06-10,12,4188,2500,830,445,413,12,1973,60.46,21.35,9.42,8.79,52.72,100.00,59.69,19.82,10.63,9.86,100.00
2014-03-24,39,13611,8225,2791,990,1605,39,1963,59.82,19.84,13.94,6.40,56.45,100.00,60.43,20.51,7.27,11.79,100.00
2012-02-06,4,1396,793,423,21,159,4,1963,64.62,22.02,10.55,2.82,55.30,100.00,56.81,30.30,1.50,11.39,100.00
2022-01-31,12,4188,2063,758,164,1203,10,1973,49.26,18.10,28.73,3.92,53.87,83.33,49.26,18.10,3.92,28.72,83.33
2018-12-17,13,4537,2651,780,638,468,13,1973,65.00,19.32,8.82,6.87,53.01,100.00,58.43,17.19,14.06,10.32,100.00
2024-03-11,3,1047,771,101,16,159,3,1975,73.64,9.65,15.19,1.53,53.01,100.00,73.64,9.65,1.53,15.19,100.00
2015-11-30,6,2094,1238,390,216,250,6,1969,59.13,18.63,11.94,10.32,55.01,100.00,59.12,18.62,10.32,11.94,100.00
2017-05-08,30,10470,6303,2078,736,1353,30,1969,64.85,17.49,13.91,3.77,53.87,100.00,60.20,19.85,7.03,12.92,100.00
2019-04-01,49,17101,10257,3101,1959,1784,49,1973,60.60,17.48,11.19,10.74,53.01,100.00,59.98,18.13,11.46,10.43,100.00
2017-01-30,5,1745,1179,279,61,226,5,1969,67.56,15.99,12.95,3.50,53.87,100.00,67.56,15.99,3.50,12.95,100.00
2012-02-20,17,5933,4360,696,58,819,17,1963,76.25,10.11,12.78,0.85,55.59,100.00,73.49,11.73,0.98,13.80,100.00
2007-12-10,12,4188,2196,1087,114,791,12,1958,49.05,33.44,16.04,1.49,53.01,100.00,52.44,25.96,2.72,18.89,100.00
2023-02-20,8,2792,1516,415,423,438,8,1975,49.45,19.79,15.35,15.41,52.72,100.00,54.30,14.86,15.15,15.69,100.00
2008-04-28,4,1396,707,424,30,235,4,1958,50.65,30.37,16.84,2.15,53.30,100.00,50.64,30.37,2.15,16.83,100.00
2017-11-06,7,2443,1551,523,32,337,7,1969,63.49,21.41,13.79,1.31,53.87,100.00,63.49,21.41,1.31,13.79,100.00
2009-02-09,3,1047,558,293,1,195,3,1959,50.00,30.45,19.49,0.08,52.72,100.00,53.30,27.98,0.10,18.62,100.00
2005-04-11,8,2792,1416,624,2,750,6,1954,50.72,22.35,26.86,0.07,54.73,75.00,50.72,22.35,0.07,26.86,75.00
2008-04-07,14,4886,2456,1491,66,873,14,1958,49.72,30.14,18.65,1.50,53.30,100.00,50.27,30.52,1.35,17.87,100.00
2022-04-04,33,11517,6328,1687,1516,1986,33,1973,63.17,12.97,16.94,6.93,53.01,100.00,54.94,14.65,13.16,17.24,100.00
2021-09-20,2,698,419,199,0,80,2,1973,60.03,28.52,11.46,0.00,52.44,100.00,60.03,28.51,0.00,11.46,100.00
2003-06-02,2,698,451,104,25,118,2,1954,64.61,14.90,16.91,3.58,55.01,100.00,64.61,14.90,3.58,16.91,100.00
2023-02-13,2,698,411,83,103,101,2,1975,58.89,11.90,14.47,14.76,52.44,100.00,58.88,11.89,14.76,14.47,100.00
2015-04-13,22,7678,5190,1141,235,1112,22,1969,67.60,14.86,14.48,3.06,55.30,100.00,67.60,14.86,3.06,14.48,100.00
2016-06-06,16,5584,3398,932,512,742,16,1969,57.76,15.00,13.67,13.58,54.15,100.00,60.85,16.69,9.17,13.29,100.00
2009-06-01,18,6282,3382,1975,116,809,18,1958,51.13,34.01,13.62,1.24,52.67,100.00,53.84,31.44,1.85,12.88,100.00
2009-05-04,11,3839,1809,1212,14,804,11,1959,46.03,33.00,20.75,0.22,52.44,100.00,47.12,31.57,0.36,20.94,100.00
2012-11-26,22,7678,5365,1215,139,959,22,1963,70.24,15.85,12.35,1.56,57.02,100.00,69.87,15.82,1.81,12.49,100.00
2007-04-02,7,2443,1174,785,50,434,7,1958,44.75,32.24,20.04,2.99,51.58,100.00,48.06,32.13,2.05,17.77,100.00
2005-05-23,23,8027,4969,1484,325,1249,23,1954,64.80,17.00,15.30,2.91,54.44,100.00,61.90,18.49,4.05,15.56,100.00
2009-01-12,7,2443,1202,668,187,386,7,1959,48.40,27.00,16.41,8.20,53.30,100.00,49.20,27.34,7.65,15.80,100.00
