committee_code,committee_name,total_members,chairs_count,vice_chairs_count,regular_members,substitutes,staffing_status,total_decisions_all_time,decisions_last_year,decisions_last_month,latest_decision_date,days_since_last_decision,total_documents,documents_last_year,motions_count,propositions_count,reports_count,decisions_per_member,documents_per_member,ballots_decided_last_year,avg_approval_rate,productivity_score,productivity_level,performance_concerns,recommendation
MJU,Miljö- och jordbruksutskottet,47,1,1,15,30,WELL_STAFFED,561,27,0,2026-02-25,186,51,28,0,0,51,0.57,0.60,0,0.00,71.21,HIGHLY_PRODUCTIVE,Stagnant activity,Investigate inactivity causes
TU,Trafikutskottet,44,1,1,15,27,WELL_STAFFED,439,18,0,2026-04-14,138,41,20,0,0,41,0.41,0.45,0,0.00,70.71,HIGHLY_PRODUCTIVE,Stagnant activity,Investigate inactivity causes
USoU,Sammansatta utrikes- och socialutskottet,0,0,0,0,0,NO_LEADERSHIP,0,0,0,,-1,0,0,0,0,0,0,0,0,0.00,0.00,INACTIVE,Missing leadership | Understaffed | Low decision output | Low document production,Appoint committee leadership immediately
KU,Konstitutionsutskottet,45,1,1,15,28,WELL_STAFFED,746,36,0,2026-05-04,118,78,42,4,1,73,0.80,0.93,0,0.00,84.00,HIGHLY_PRODUCTIVE,Stagnant activity,Investigate inactivity causes
KUU,Sammansatta konstitutions- och utrikesutskottet,0,0,0,0,0,NO_LEADERSHIP,7,0,0,2007-06-15,7016,0,0,0,0,0,0,0,0,0.00,0.00,INACTIVE,Missing leadership | Understaffed | Low decision output | Low document production | Stagnant activity,Appoint committee leadership immediately
LU,Lagutskottet,0,0,0,0,0,NO_LEADERSHIP,147,0,0,2006-06-07,7389,0,0,0,0,0,0,0,0,0.00,0.00,INACTIVE,Missing leadership | Understaffed | Low decision output | Low document production | Stagnant activity,Appoint committee leadership immediately
CKrU,Sammansatta civil- och kulturutskottet,0,0,0,0,0,NO_LEADERSHIP,0,0,0,,-1,0,0,0,0,0,0,0,0,0.00,0.00,INACTIVE,Missing leadership | Understaffed | Low decision output | Low document production,Appoint committee leadership immediately
SfU,Socialförsäkringsutskottet,44,1,1,15,27,WELL_STAFFED,0,0,0,,-1,0,0,0,0,0,0.00,0.00,0,0.00,15.00,INACTIVE,Low decision output | Low document production,Review committee mandate and workload
sou,Socialutskottet,0,0,0,0,0,NO_LEADERSHIP,0,0,0,,-1,0,0,0,0,0,0,0,0,0.00,0.00,INACTIVE,Missing leadership | Understaffed | Low decision output | Low document production,Appoint committee leadership immediately
BoU,Bostadsutskottet,0,0,0,0,0,NO_LEADERSHIP,0,0,0,,-1,0,0,0,0,0,0,0,0,0.00,0.00,INACTIVE,Missing leadership | Understaffed | Low decision output | Low document production,Appoint committee leadership immediately
KrU,Kulturutskottet,45,1,1,15,28,WELL_STAFFED,0,0,0,,-1,0,0,0,0,0,0.00,0.00,0,0.00,15.00,INACTIVE,Low decision output | Low document production,Review committee mandate and workload
V,Riksdagen,0,0,0,0,0,NO_LEADERSHIP,0,0,0,,-1,0,0,0,0,0,0,0,0,0.00,0.00,INACTIVE,Missing leadership | Understaffed | Low decision output | Low document production,Appoint committee leadership immediately
FiU,Finansutskottet,46,1,1,15,29,WELL_STAFFED,0,0,0,,-1,0,0,0,0,0,0.00,0.00,0,0.00,15.00,INACTIVE,Low decision output | Low document production,Review committee mandate and workload
AU,Arbetsmarknadsutskottet,44,1,1,15,27,WELL_STAFFED,300,9,0,2026-01-13,229,23,10,0,0,23,0.20,0.23,0,0.00,37.86,BELOW_AVERAGE,Low decision output | Stagnant activity,Review committee mandate and workload
UbU,Utbildningsutskottet,44,1,1,15,27,WELL_STAFFED,0,0,0,,-1,0,0,0,0,0,0.00,0.00,0,0.00,15.00,INACTIVE,Low decision output | Low document production,Review committee mandate and workload
JuSoU,Sammansatta justitie- och socialutskottet,0,0,0,0,0,NO_LEADERSHIP,0,0,0,,-1,0,0,0,0,0,0,0,0,0.00,0.00,INACTIVE,Missing leadership | Understaffed | Low decision output | Low document production,Appoint committee leadership immediately
SkU,Skatteutskottet,45,1,1,15,28,WELL_STAFFED,0,0,0,,-1,0,0,0,0,0,0.00,0.00,0,0.00,15.00,INACTIVE,Low decision output | Low document production,Review committee mandate and workload
NU,Näringsutskottet,45,1,1,15,28,WELL_STAFFED,542,19,0,2026-02-26,185,41,19,0,2,39,0.42,0.42,0,0.00,61.44,PRODUCTIVE,Stagnant activity,Investigate inactivity causes
EU,EES-utskottet,0,0,0,0,0,NO_LEADERSHIP,0,0,0,,-1,0,0,0,0,0,0,0,0,0.00,0.00,INACTIVE,Missing leadership | Understaffed | Low decision output | Low document production,Appoint committee leadership immediately
UU,Utrikesutskottet,49,1,1,15,32,WELL_STAFFED,438,23,0,2026-03-25,158,42,24,0,2,40,0.47,0.49,0,0.00,77.35,HIGHLY_PRODUCTIVE,Stagnant activity,Investigate inactivity causes
MP,Riksdagen,0,0,0,0,0,NO_LEADERSHIP,0,0,0,,-1,0,0,0,0,0,0,0,0,0.00,0.00,INACTIVE,Missing leadership | Understaffed | Low decision output | Low document production,Appoint committee leadership immediately
CU,Civilutskottet,45,1,1,15,28,WELL_STAFFED,542,40,0,2026-05-28,94,62,40,0,0,62,0.89,0.89,0,0.00,84.44,HIGHLY_PRODUCTIVE,Stagnant activity,Investigate inactivity causes
sku,Skatteutskottet,0,0,0,0,0,NO_LEADERSHIP,0,0,0,,-1,0,0,0,0,0,0,0,0,0.00,0.00,INACTIVE,Missing leadership | Understaffed | Low decision output | Low document production,Appoint committee leadership immediately
FöU,Försvarsutskottet,47,1,1,15,30,WELL_STAFFED,0,0,0,,-1,0,0,0,0,0,0.00,0.00,0,0.00,15.00,INACTIVE,Low decision output | Low document production,Review committee mandate and workload
SoU,Socialutskottet,45,1,1,15,28,WELL_STAFFED,0,0,0,,-1,0,0,0,0,0,0.00,0.00,0,0.00,15.00,INACTIVE,Low decision output | Low document production,Review committee mandate and workload
UFöU,Sammansatta utrikes- och försvarsutskottet,0,0,0,0,0,NO_LEADERSHIP,0,0,0,,-1,0,0,0,0,0,0,0,0,0.00,0.00,INACTIVE,Missing leadership | Understaffed | Low decision output | Low document production,Appoint committee leadership immediately
UMJU,"Sammansatta utrikes-, miljö- och jordbruksutskottet",0,0,0,0,0,NO_LEADERSHIP,1,0,0,2006-03-15,7473,0,0,0,0,0,0,0,0,0.00,0.00,INACTIVE,Missing leadership | Understaffed | Low decision output | Low document production | Stagnant activity,Appoint committee leadership immediately
JuU,Justitieutskottet,44,1,1,15,27,WELL_STAFFED,0,0,0,,-1,0,0,0,0,0,0.00,0.00,0,0.00,15.00,INACTIVE,Low decision output | Low document production,Review committee mandate and workload
M,Riksdagen,0,0,0,0,0,NO_LEADERSHIP,0,0,0,,-1,0,0,0,0,0,0,0,0,0.00,0.00,INACTIVE,Missing leadership | Understaffed | Low decision output | Low document production,Appoint committee leadership immediately
nu,Näringsutskottet,0,0,0,0,0,NO_LEADERSHIP,0,0,0,,-1,0,0,0,0,0,0,0,0,0.00,0.00,INACTIVE,Missing leadership | Understaffed | Low decision output | Low document production,Appoint committee leadership immediately
S,Riksdagen,0,0,0,0,0,NO_LEADERSHIP,0,0,0,,-1,0,0,0,0,0,0,0,0,0.00,0.00,INACTIVE,Missing leadership | Understaffed | Low decision output | Low document production,Appoint committee leadership immediately
EUN,EU-nämnden,102,1,1,15,85,WELL_STAFFED,0,0,0,,-1,0,0,0,0,0,0.00,0.00,0,0.00,15.00,INACTIVE,Low decision output | Low document production,Review committee mandate and workload
