person_id,first_name,last_name,party,role_code,status,assignment_type,org_code,role_tier,role_weight,role_start,role_end,role_start_year,role_end_year,role_instances,total_days_in_role,is_current_role,role_sequence,peak_role_weight,career_first_year,career_last_year,years_in_role,progression_pattern,career_level,advancement_velocity,time_bucket,rn
069436402021,Tomas,Tobé,M,Ledamot,"",Europaparlamentet,EP,OTHER,350,2019-07-02,2029-07-16,2019,2029,2,3667,f,17,600,2006,2029,11,CAREER_PEAK,JUNIOR,,2029-07-01 00:00:00+02,1
0545733815610,Patrick,Reslow,SD,Ledamot,"",Riksdagsorgan,RJ,OTHER,350,2024-11-01,2028-10-31,2024,2028,1,1460,f,21,400,2010,2028,5,CAREER_PEAK,JUNIOR,62.50,2028-10-01 00:00:00+02,1
0559925283228,Teres,Lindberg,S,Ersättare,"",Riksdagsorgan,RAN,SUBSTITUTE,100,2024-04-10,2027-12-31,2024,2027,2,1359,f,25,550,2011,2027,4,CAREER_PEAK,ENTRY_LEVEL,12.50,2027-12-01 00:00:00+01,1
0837394708917,Anders,Ådahl,C,Suppleant,"",Riksdagsorgan,VPN,SUBSTITUTE,100,2023-03-23,2027-03-23,2023,2027,1,1461,f,5,550,2022,2027,5,LATERAL,ENTRY_LEVEL,,2027-03-01 00:00:00+01,1
0671571847522,Mattias,Eriksson Falk,SD,Personlig ersättare,"",Riksdagsorgan,DN,OTHER,50,2023-01-01,2026-12-31,2023,2026,1,1460,f,8,400,2022,2026,4,DESCENDING,ENTRY_LEVEL,-300.00,2026-12-01 00:00:00+01,1
0770363683317,Malin,Björk,C,Ledamot,"",Riksdagsorgan,RRR,OTHER,350,2022-10-27,2026-10-27,2022,2026,1,1461,f,8,400,2021,2026,5,LATERAL,JUNIOR,,2026-10-01 00:00:00+02,1
028954589415,Ann-Sofie,Alm,M,Riksdagsledamot,Tjänstgörande,kammaruppdrag,kam,MP,400,2018-09-24,2026-09-28,2018,2026,2,2926,f,1,400,2018,2026,9,PEAK_ROLE,MID_LEVEL,,2026-09-01 00:00:00+02,1
0847676507229,Stina,Larsson,C,Förste vice gruppledare,"",partiuppdrag,C,OTHER,50,2026-01-07,2026-08-30,2026,2026,1,235,t,25,400,2005,2026,1,DESCENDING,ENTRY_LEVEL,-50.00,2026-08-01 00:00:00+02,1
0564126739422,Åsa,Coenraads,M,Ersättare,Ersättare,kammaruppdrag,kam,SUBSTITUTE,100,2024-10-11,2026-07-07,2024,2026,3,121,f,24,400,2010,2026,3,LATERAL,ENTRY_LEVEL,0.00,2026-07-01 00:00:00+02,1
0604604418610,Jacob,Risberg,MP,Suppleant,"",uppdrag,UFöU,SUBSTITUTE,100,2022-10-20,2026-06-04,2022,2026,5,217,f,6,400,2022,2026,5,LATERAL,ENTRY_LEVEL,,2026-06-01 00:00:00+02,1
0624040854527,Emma,Berginger,MP,Riksdagsledamot,Ledig,kammaruppdrag,kam,MP,400,2021-09-20,2026-05-10,2021,2026,4,531,f,6,400,2018,2026,6,PEAK_ROLE,MID_LEVEL,300.00,2026-05-01 00:00:00+02,1
0764949934324,Ulrika,Heindorff,M,Ledamot,"",uppdrag,SfU,OTHER,350,2022-10-04,2026-04-16,2022,2026,1,1290,f,24,400,2015,2026,5,DESCENDING,JUNIOR,-25.00,2026-04-01 00:00:00+02,1
0522240580423,Arin,Karapet,-,Ledamot,"",uppdrag,AU,OTHER,350,2022-10-27,2026-03-30,2022,2026,2,1250,f,20,600,2018,2026,5,LATERAL,JUNIOR,,2026-03-01 00:00:00+01,1
0831636664429,Mattias,Karlsson,SD,Suppleant,"",Riksdagsorgan,UN,SUBSTITUTE,100,2025-09-09,2026-02-18,2025,2026,1,162,f,30,650,2010,2026,2,LATERAL,ENTRY_LEVEL,,2026-02-01 00:00:00+01,1
0717363246311,Jessica,Stegrud,SD,Ledamot,"",Riksdagsorgan,ER,OTHER,350,2024-09-13,2026-01-21,2024,2026,1,495,f,8,400,2019,2026,3,ASCENDING,JUNIOR,250.00,2026-01-01 00:00:00+01,1
0903081277919,Helena,Vilhelmsson,C,Suppleant,"",uppdrag,SkU,SUBSTITUTE,100,2018-10-02,2025-12-11,2018,2025,2,2619,f,2,400,2018,2026,8,DESCENDING,ENTRY_LEVEL,,2025-12-01 00:00:00+01,1
0410231576416,Lars,Johnsson,M,Ledamot,"",uppdrag,KU,COMMITTEE_MEMBER,350,2022-10-27,2025-11-27,2022,2025,1,1127,f,4,400,2022,2026,4,ASCENDING,JUNIOR,,2025-11-01 00:00:00+01,1
0407081382317,Anna-Caren,Sätherberg,S,Ledamot,"",uppdrag,MJU,OTHER,350,2022-10-19,2025-10-01,2022,2025,1,1078,f,25,900,2014,2026,4,DESCENDING,JUNIOR,-50.00,2025-10-01 00:00:00+02,1
0910272619521,Benjamin,Dousa,M,Statsråd,"",Departement,UD,MINISTER,900,2024-09-10,2025-09-07,2024,2025,3,360,f,1,900,2024,2026,2,PEAK_ROLE,TOP_LEADERSHIP,,2025-09-01 00:00:00+02,1
0770363683317,Malin,Björk,C,Ledamot,"",uppdrag,KU,COMMITTEE_MEMBER,350,2022-10-04,2025-08-31,2022,2025,1,1062,f,6,400,2021,2026,4,ASCENDING,JUNIOR,,2025-08-01 00:00:00+02,1
0198917587520,Maj,Karlsson,V,Suppleant,"",uppdrag,KrU,SUBSTITUTE,100,2016-05-25,2025-06-09,2016,2025,3,2560,f,6,650,2014,2026,10,ASCENDING,ENTRY_LEVEL,,2025-06-01 00:00:00+02,1
041911485722,Magdalena,Thuresson,M,Riksdagsledamot,Ledig,kammaruppdrag,kam,MP,400,2021-12-10,2025-05-11,2021,2025,3,709,f,22,400,2018,2026,5,PEAK_ROLE,MID_LEVEL,,2025-05-01 00:00:00+02,1
0926214745119,Heléne,Björklund,S,Suppleant,"",uppdrag,SoU,SUBSTITUTE,100,2018-10-02,2025-04-04,2018,2025,2,2368,f,3,600,2018,2026,8,LATERAL,ENTRY_LEVEL,,2025-04-01 00:00:00+02,1
010392780417,Marie,Olsson,S,Suppleant,"",uppdrag,SkU,SUBSTITUTE,100,2024-08-20,2025-03-19,2024,2025,1,211,f,5,400,2017,2026,2,DESCENDING,ENTRY_LEVEL,,2025-03-01 00:00:00+01,1
0170585430421,Jimmy,Ståhl,SD,Ledamot,"",uppdrag,TU,OTHER,350,2018-10-02,2025-02-14,2018,2025,2,2319,f,5,400,2014,2026,8,CAREER_PEAK,JUNIOR,250.00,2025-02-01 00:00:00+01,1
0372414474424,Oskar,Svärd,M,Ledamot,"",uppdrag,UbU,OTHER,350,2024-09-19,2025-01-16,2024,2025,1,119,f,5,400,2022,2026,2,CAREER_PEAK,JUNIOR,125.00,2025-01-01 00:00:00+01,1
0514669448526,Elin,Söderberg,MP,Suppleant,"",uppdrag,SkU,SUBSTITUTE,100,2022-10-12,2024-12-02,2022,2024,1,782,f,4,400,2022,2024,3,LATERAL,ENTRY_LEVEL,,2024-12-01 00:00:00+01,1
0836001490919,Ulrika,Heie,C,Ledamot,"",Riksdagsorgan,KD,COMMITTEE_MEMBER,350,2014-10-14,2024-11-14,2014,2024,3,3682,f,9,650,2006,2026,11,ASCENDING,JUNIOR,,2024-11-01 00:00:00+01,1
0744139167426,Rasmus,Ling,MP,Suppleant,"",uppdrag,EUN,SUBSTITUTE,100,2020-03-18,2024-10-04,2020,2024,2,1431,f,17,650,2014,2025,5,LATERAL,ENTRY_LEVEL,,2024-10-01 00:00:00+02,1
0331791853028,Yasmine,Eriksson,SD,Suppleant,"",uppdrag,UU,SUBSTITUTE,100,2020-03-18,2024-09-11,2020,2024,2,750,f,7,400,2018,2026,5,LATERAL,ENTRY_LEVEL,0.00,2024-09-01 00:00:00+02,1
0615175917521,Kent,Kumpula,SD,Extra suppleant,"",uppdrag,FiU,SUBSTITUTE,50,2024-04-01,2024-08-19,2024,2024,1,140,f,1,400,2024,2026,1,ASCENDING,ENTRY_LEVEL,,2024-08-01 00:00:00+02,1
0442629549320,Adnan,Dibrani,S,Suppleant,"",uppdrag,UU,SUBSTITUTE,100,2012-06-20,2024-07-15,2012,2024,3,2936,f,5,400,2010,2029,13,LATERAL,ENTRY_LEVEL,,2024-07-01 00:00:00+02,1
0307835692938,Emelie,Nyman,C,Ersättare,Ersättare,kammaruppdrag,kam,SUBSTITUTE,100,2024-01-10,2024-06-23,2024,2024,1,165,f,1,100,2024,2024,1,PEAK_ROLE,ENTRY_LEVEL,,2024-06-01 00:00:00+02,1
0888807074321,Amanda,Lind,MP,Suppleant,"",uppdrag,KU,SUBSTITUTE,100,2022-10-04,2024-05-16,2022,2024,1,590,f,4,850,2016,2026,3,DESCENDING,ENTRY_LEVEL,,2024-05-01 00:00:00+02,1
0140985614421,Peder,Björk,S,Suppleant,"",uppdrag,SkU,SUBSTITUTE,100,2022-10-04,2024-04-29,2022,2024,1,573,f,3,400,2022,2026,3,LATERAL,ENTRY_LEVEL,,2024-04-01 00:00:00+02,1
0153782796218,Ulf,Rexefjord,SD,Extra suppleant,"",uppdrag,UU,SUBSTITUTE,50,2024-02-27,2024-03-26,2024,2024,1,28,f,2,100,2024,2024,1,DESCENDING,ENTRY_LEVEL,,2024-03-01 00:00:00+01,1
0121939297619,Jamal,El-Haj,-,Suppleant,"",uppdrag,TU,SUBSTITUTE,100,2020-03-18,2024-02-12,2020,2024,2,1247,f,15,400,2016,2026,5,LATERAL,ENTRY_LEVEL,,2024-02-01 00:00:00+01,1
014386615025,Ali,Esbati,V,Riksdagsledamot,Tjänstgörande,kammaruppdrag,kam,MP,400,2014-09-29,2024-01-07,2014,2024,4,3309,f,3,400,2013,2026,11,PEAK_ROLE,MID_LEVEL,300.00,2024-01-01 00:00:00+01,1
0956444284814,Per,Bolund,MP,Ledamot,"",Riksdagsorgan,UN,OTHER,350,2021-12-10,2023-12-31,2021,2023,2,749,f,13,900,2006,2023,3,DESCENDING,JUNIOR,,2023-12-01 00:00:00+01,1
0254161225015,Lars,Wistedt,SD,Ledamot,"",uppdrag,FöU,OTHER,350,2023-11-28,2023-11-30,2023,2023,1,2,f,10,550,2022,2024,1,ASCENDING,JUNIOR,,2023-11-01 00:00:00+01,1
0985426914829,Anna,Lasses,C,Suppleant,"",uppdrag,EUN,SUBSTITUTE,100,2022-12-20,2023-10-17,2022,2023,1,301,f,4,400,2022,2026,2,LATERAL,ENTRY_LEVEL,,2023-10-01 00:00:00+02,1
0345062474310,Mona,Olin,SD,Ledamot,"",uppdrag,SfU,OTHER,350,2022-10-04,2023-09-20,2022,2023,1,351,f,2,400,2022,2026,2,DESCENDING,JUNIOR,,2023-09-01 00:00:00+02,1
0477013214601,Carl B,Hamilton,L,Ledamot,"",uppdrag,FiU,OTHER,350,1997-12-01,2023-08-22,1997,2023,4,2528,f,7,600,1991,2023,27,DESCENDING,JUNIOR,,2023-08-01 00:00:00+02,1
0591055036519,Mauricio,Rojas,L,Riksdagsledamot,Ledig,kammaruppdrag,kam,MP,400,2023-05-22,2023-07-13,2023,2023,1,52,f,11,400,2002,2026,1,PEAK_ROLE,MID_LEVEL,300.00,2023-07-01 00:00:00+02,1
0904448094023,Linus,Lakso,MP,Riksdagsledamot,Ledig,kammaruppdrag,kam,MP,400,2022-11-01,2023-06-25,2022,2023,1,236,f,5,400,2022,2026,2,PEAK_ROLE,MID_LEVEL,,2023-06-01 00:00:00+02,1
0744139167426,Rasmus,Ling,MP,Riksdagsledamot,Ledig,kammaruppdrag,kam,MP,400,2020-05-04,2023-05-07,2020,2023,2,422,f,27,650,2014,2025,4,CAREER_PEAK,MID_LEVEL,,2023-05-01 00:00:00+02,1
0671571847522,Mattias,Eriksson Falk,SD,Suppleant,"",uppdrag,SkU,SUBSTITUTE,100,2022-10-04,2023-04-18,2022,2023,1,196,f,3,400,2022,2026,2,DESCENDING,ENTRY_LEVEL,,2023-04-01 00:00:00+02,1
0121939297619,Jamal,El-Haj,-,Suppleant,"",uppdrag,AU,SUBSTITUTE,100,2020-03-18,2023-03-24,2020,2023,2,1093,f,13,400,2016,2026,4,LATERAL,ENTRY_LEVEL,,2023-03-01 00:00:00+01,1
0587736055221,Niels,Paarup-Petersen,C,Suppleant,"",uppdrag,NU,SUBSTITUTE,100,2019-04-03,2023-02-24,2019,2023,2,1407,f,4,400,2018,2026,5,LATERAL,ENTRY_LEVEL,0.00,2023-02-01 00:00:00+01,1
0254695027922,Malcolm Momodou,Jallow,-,Suppleant,"",uppdrag,TU,SUBSTITUTE,100,2020-03-18,2023-01-24,2020,2023,2,1026,f,7,600,2017,2026,4,LATERAL,ENTRY_LEVEL,,2023-01-01 00:00:00+01,1
TEST_PERSON_002,Anna,Testsson,MP,Ledamot,Tjänstgörande riksdagsledamot,uppdrag,MP,OTHER,350,2015-04-01,2022-12-31,2015,2022,2,2830,f,2,350,2012,2022,8,PEAK_ROLE,JUNIOR,0.00,2022-12-01 00:00:00+01,1
0246927519019,Karin,Rågsjö,V,Kvittningsperson,"",partiuppdrag,V,OTHER,50,2017-11-08,2022-11-24,2017,2022,1,1842,f,4,400,2014,2026,6,DESCENDING,ENTRY_LEVEL,-16.67,2022-11-01 00:00:00+01,1
0516528386117,Patrik,Björck,S,Suppleant,"",Riksdagsorgan,NR,SUBSTITUTE,100,2018-10-09,2022-10-11,2018,2022,4,1463,f,9,400,2006,2026,5,LATERAL,ENTRY_LEVEL,,2022-10-01 00:00:00+02,1
0499755198526,Mattias,Jonsson,S,Suppleant,"",uppdrag,AU,SUBSTITUTE,100,2020-03-18,2022-09-26,2020,2022,1,922,f,14,550,2010,2026,3,LATERAL,ENTRY_LEVEL,,2022-09-01 00:00:00+02,1
0833552896828,Jasmin,Farid,M,Suppleant,"",uppdrag,SkU,SUBSTITUTE,100,2022-03-23,2022-08-01,2022,2022,1,131,f,2,100,2022,2022,1,PEAK_ROLE,ENTRY_LEVEL,,2022-08-01 00:00:00+02,1
0685749336810,Dag,Larsson,S,Suppleant,"",uppdrag,SfU,SUBSTITUTE,100,2018-10-02,2022-06-07,2018,2022,1,1344,f,2,550,2018,2022,5,DESCENDING,ENTRY_LEVEL,,2022-06-01 00:00:00+02,1
0415959965211,Mia,Sydow Mölleby,V,Suppleant,"",uppdrag,AU,SUBSTITUTE,100,2020-03-18,2022-05-05,2020,2022,1,778,f,25,650,2010,2022,3,LATERAL,ENTRY_LEVEL,,2022-05-01 00:00:00+02,1
0161616238120,Lina,Nordquist,L,Andre vice gruppledare,"",partiuppdrag,L,OTHER,50,2022-01-01,2022-04-19,2022,2022,1,108,f,19,650,2018,2026,1,DESCENDING,ENTRY_LEVEL,-50.00,2022-04-01 00:00:00+02,1
0210198640127,Fredrik,Schulte,M,Suppleant,"",uppdrag,SfU,SUBSTITUTE,100,2019-06-17,2022-03-22,2019,2022,1,1009,f,12,400,2006,2022,4,ASCENDING,ENTRY_LEVEL,,2022-03-01 00:00:00+01,1
0496341906327,Alexandra,Völker,S,Ledamot,"",uppdrag,FöU,OTHER,350,2014-10-07,2022-02-16,2014,2022,2,2681,f,2,400,2014,2026,9,DESCENDING,JUNIOR,,2022-02-01 00:00:00+01,1
0334816698724,Karolina,Skog,MP,Suppleant,"",uppdrag,UbU,SUBSTITUTE,100,2020-03-18,2022-01-10,2020,2022,1,663,f,11,850,2016,2022,3,LATERAL,ENTRY_LEVEL,,2022-01-01 00:00:00+01,1
0339894357417,Jennie,Nilsson,S,Ledamot,"",uppdrag,NU,OTHER,350,2012-02-24,2021-12-14,2012,2021,3,952,f,6,900,2006,2026,10,DESCENDING,JUNIOR,-200.00,2021-12-01 00:00:00+01,1
0704744533715,Pernilla,Stålhammar,MP,Suppleant,"",uppdrag,TU,SUBSTITUTE,100,2021-10-13,2021-11-30,2021,2021,1,48,f,18,400,2014,2021,1,LATERAL,ENTRY_LEVEL,,2021-11-01 00:00:00+01,1
0111479807829,Anna,Wallentheim,S,Ledamot,"",uppdrag,KrU,COMMITTEE_MEMBER,350,2014-10-07,2021-10-13,2014,2021,3,2555,f,3,400,2014,2026,8,CAREER_PEAK,JUNIOR,,2021-10-01 00:00:00+02,1
0313210809828,Emil,Källström,C,Suppleant,"",uppdrag,NU,SUBSTITUTE,100,2020-03-18,2021-09-13,2020,2021,1,544,f,14,400,2010,2021,2,LATERAL,ENTRY_LEVEL,,2021-09-01 00:00:00+02,1
012576033427,Hannah,Bergstedt,S,Suppleant,"",uppdrag,SoU,SUBSTITUTE,100,2021-03-15,2021-08-27,2021,2021,1,165,f,21,400,2007,2022,1,LATERAL,ENTRY_LEVEL,,2021-08-01 00:00:00+02,1
0737073162411,Emma,Carlsson Löfdahl,-,Riksdagsledamot,Tjänstgörande,kammaruppdrag,kam,MP,400,2010-10-06,2021-07-31,2010,2021,3,3951,f,8,400,2006,2021,12,PEAK_ROLE,MID_LEVEL,300.00,2021-07-01 00:00:00+02,1
0873650166625,Sara,Heikkinen Breitholtz,S,Suppleant,"",uppdrag,JuU,SUBSTITUTE,100,2020-03-18,2021-06-30,2020,2021,1,469,f,13,350,2019,2021,2,LATERAL,ENTRY_LEVEL,,2021-06-01 00:00:00+02,1
0575584900819,Daniel,Färm,S,Extra suppleant,"",uppdrag,FöU,SUBSTITUTE,50,2021-05-10,2021-05-31,2021,2021,1,21,f,1,100,2021,2021,1,ASCENDING,ENTRY_LEVEL,,2021-05-01 00:00:00+02,1
0582811195313,Tina,Acketoft,L,Ledamot,"",uppdrag,EUN,OTHER,350,2014-12-19,2021-04-06,2014,2021,2,2292,f,9,400,2002,2022,8,LATERAL,JUNIOR,0.00,2021-04-01 00:00:00+02,1
0947572086414,Anne-Li,Sjölund,C,Suppleant,"",uppdrag,FiU,SUBSTITUTE,100,2020-09-22,2021-03-31,2020,2021,1,190,f,9,400,2020,2026,2,LATERAL,ENTRY_LEVEL,,2021-03-01 00:00:00+01,1
0911490574010,Isabella,Lövin,MP,Miljö- och klimatminister,"",Departement,M,MINISTER,850,2019-01-21,2021-02-04,2019,2021,2,744,f,5,900,2009,2029,3,CAREER_PEAK,TOP_LEADERSHIP,450.00,2021-02-01 00:00:00+01,1
042413114103,Anne,Oskarsson,SD,Suppleant,"",uppdrag,SkU,SUBSTITUTE,100,2018-10-09,2021-01-15,2018,2021,2,829,f,5,400,2018,2022,4,LATERAL,ENTRY_LEVEL,,2021-01-01 00:00:00+01,1
0196077326617,Solveig,Zander,C,Kvittningsperson,"",partiuppdrag,C,OTHER,50,2006-10-08,2020-12-31,2006,2020,3,5177,f,2,400,2006,2020,15,DESCENDING,ENTRY_LEVEL,,2020-12-01 00:00:00+01,1
0847676507229,Stina,Larsson,C,Extra suppleant,"",uppdrag,UbU,SUBSTITUTE,50,2020-04-08,2020-11-29,2020,2020,1,235,f,6,400,2005,2026,1,LATERAL,ENTRY_LEVEL,,2020-11-01 00:00:00+01,1
0653904370212,Fredrik,Olovsson,S,Suppleant,"",uppdrag,UbU,SUBSTITUTE,100,2020-03-18,2020-10-14,2020,2020,1,210,f,27,600,2002,2026,1,LATERAL,ENTRY_LEVEL,,2020-10-01 00:00:00+02,1
0564126739422,Åsa,Coenraads,M,Suppleant,"",uppdrag,KU,SUBSTITUTE,100,2020-03-18,2020-09-03,2020,2020,1,169,f,15,400,2010,2026,1,LATERAL,ENTRY_LEVEL,,2020-09-01 00:00:00+02,1
0256404677510,Cecilia,Engström,KD,Ersättare,Ersättare,kammaruppdrag,kam,SUBSTITUTE,100,2020-01-14,2020-08-30,2020,2020,1,229,f,1,400,2020,2026,1,CAREER_PEAK,ENTRY_LEVEL,,2020-08-01 00:00:00+02,1
0505783078517,Helene,Hellmark Knutsson,S,Suppleant,"",uppdrag,TU,SUBSTITUTE,100,2020-03-18,2020-07-31,2020,2020,1,135,f,13,900,2014,2020,1,LATERAL,ENTRY_LEVEL,,2020-07-01 00:00:00+02,1
0316870450511,Harald,Hjalmarsson,M,Ersättare,Ersättare,kammaruppdrag,kam,SUBSTITUTE,100,2020-03-09,2020-06-21,2020,2020,1,104,f,2,100,2020,2020,1,PEAK_ROLE,ENTRY_LEVEL,,2020-06-01 00:00:00+02,1
0970709885516,Inga-Lill,Sjöblom,S,Suppleant,"",uppdrag,KU,SUBSTITUTE,100,2020-03-18,2020-05-17,2020,2020,1,60,f,12,400,2019,2026,1,LATERAL,ENTRY_LEVEL,,2020-05-01 00:00:00+02,1
0616721755222,Louise,Meijer,M,Suppleant,"",uppdrag,JuU,SUBSTITUTE,100,2020-03-18,2020-04-30,2020,2020,1,43,f,19,550,2018,2026,1,LATERAL,ENTRY_LEVEL,,2020-04-01 00:00:00+02,1
0989755177525,Mattias,Ingeson,KD,Ersättare,Ersättare,kammaruppdrag,kam,SUBSTITUTE,100,2018-09-24,2020-03-18,2018,2020,2,91,f,1,100,2018,2020,3,PEAK_ROLE,ENTRY_LEVEL,,2020-03-01 00:00:00+01,1
0932000030511,Maria,Stockhaus,M,Ledamot,"",Riksdagsorgan,CPAR,OTHER,350,2018-10-24,2020-02-04,2018,2020,1,468,f,8,550,2014,2026,3,CAREER_PEAK,JUNIOR,,2020-02-01 00:00:00+01,1
0758652610,Maria,Arnholm,L,Ledamot,"",uppdrag,AU,OTHER,350,2019-11-15,2020-01-31,2019,2020,1,77,f,18,900,2013,2020,2,LATERAL,JUNIOR,,2020-01-01 00:00:00+01,1
0262017901513,Beatrice,Ask,M,Riksdagsledamot,Tjänstgörande,kammaruppdrag,kam,MP,400,1988-10-04,2019-12-31,1988,2019,7,6318,f,1,850,1988,2019,32,CAREER_PEAK,MID_LEVEL,,2019-12-01 00:00:00+01,1
012576033427,Hannah,Bergstedt,S,Extra suppleant,"",uppdrag,UU,SUBSTITUTE,50,2019-02-26,2019-11-30,2019,2019,1,277,f,15,400,2007,2022,1,LATERAL,ENTRY_LEVEL,,2019-11-01 00:00:00+01,1
0911067396229,Mattias,Vepsä,S,Statsrådsersättare,Ledig Ersättare,kammaruppdrag,kam,OTHER,50,2019-07-15,2019-10-01,2019,2019,1,78,f,12,400,2017,2026,1,DESCENDING,ENTRY_LEVEL,,2019-10-01 00:00:00+02,1
0731442709013,Christer,Nylander,L,Ledamot,"",Riksdagsorgan,VB,OTHER,350,2018-09-24,2019-09-26,2018,2019,1,367,f,22,650,2000,2022,2,LATERAL,JUNIOR,0.00,2019-09-01 00:00:00+02,1
0582811195313,Tina,Acketoft,L,Förste vice gruppledare,"",partiuppdrag,L,OTHER,50,2015-11-24,2019-08-12,2015,2019,2,1334,f,13,400,2002,2022,5,DESCENDING,ENTRY_LEVEL,,2019-08-01 00:00:00+02,1
0631624321702,Olle,Ludvigsson,S,Ledamot,"",Europaparlamentet,EP,OTHER,350,2009-07-14,2019-07-02,2009,2019,1,3640,f,1,350,2009,2019,11,PEAK_ROLE,JUNIOR,,2019-07-01 00:00:00+02,1
0157062733618,Jonas,Eriksson,MP,Förste vice gruppledare,"",partiuppdrag,MP,OTHER,50,2014-09-29,2019-06-30,2014,2019,5,846,f,7,650,2010,2019,6,DESCENDING,ENTRY_LEVEL,-50.00,2019-06-01 00:00:00+02,1
0238588409223,Gustav,Fridolin,MP,Språkrör,"",partiuppdrag,MP,OTHER,50,2011-05-21,2019-05-04,2011,2019,1,2905,f,14,850,2002,2019,9,DESCENDING,ENTRY_LEVEL,-50.00,2019-05-01 00:00:00+02,1
0513020576128,Erik,Bengtzboe,M,Riksdagsledamot,Tjänstgörande,kammaruppdrag,kam,MP,400,2014-12-31,2019-04-26,2014,2019,2,1577,f,4,400,2010,2019,6,PEAK_ROLE,MID_LEVEL,,2019-04-01 00:00:00+02,1
0494054455310,David,Lång,SD,Ledamot,"",Riksdagsorgan,RRPR,OTHER,350,2011-01-01,2019-03-31,2011,2019,3,3011,f,5,400,2010,2024,9,LATERAL,JUNIOR,0.00,2019-03-01 00:00:00+01,1
0732677378827,Marta,Obminska,M,Vice ordförande,"",uppdrag,KU,COMMITTEE_VICE_CHAIR,550,2018-10-02,2019-02-26,2018,2019,2,146,f,8,550,2010,2022,2,PEAK_ROLE,MID_LEVEL,200.00,2019-02-01 00:00:00+01,1
0199751900210,Annelie,Karlsson,S,Förste vice gruppledare,"",partiuppdrag,S,OTHER,50,2018-03-27,2019-01-31,2018,2019,2,295,f,7,650,2010,2026,2,DESCENDING,ENTRY_LEVEL,-150.00,2019-01-01 00:00:00+01,1
0860429409414,Désirée,Pethrus,KD,Riksdagsledamot,Ledig,kammaruppdrag,kam,MP,400,2018-02-05,2018-12-31,2018,2018,2,328,f,19,400,1999,2021,1,PEAK_ROLE,MID_LEVEL,75.00,2018-12-01 00:00:00+01,1
0480085646428,Erik,Andersson,M,Suppleant,"",uppdrag,UU,SUBSTITUTE,100,2018-10-02,2018-11-11,2018,2018,1,40,f,6,400,2014,2018,1,LATERAL,ENTRY_LEVEL,0.00,2018-11-01 00:00:00+01,1
0182190010218,Esabelle,Dingizian,MP,Suppleant,"",Riksdagsorgan,RB,SUBSTITUTE,100,2014-12-02,2018-10-09,2014,2018,1,1407,f,13,750,2006,2018,5,DESCENDING,ENTRY_LEVEL,,2018-10-01 00:00:00+02,1
0448155122323,Olof,Lavesson,M,Riksdagsledamot,Tjänstgörande,kammaruppdrag,kam,MP,400,2006-10-02,2018-09-24,2006,2018,3,4375,f,1,600,2006,2018,13,CAREER_PEAK,MID_LEVEL,,2018-09-01 00:00:00+02,1
0598053101129,David,Lindvall,S,Ersättare,Ersättare,kammaruppdrag,kam,SUBSTITUTE,100,2017-10-09,2018-07-15,2017,2018,1,279,f,1,100,2017,2018,2,PEAK_ROLE,ENTRY_LEVEL,,2018-07-01 00:00:00+02,1
067992138910,Peter,Jeppsson,S,Deputerad,"",uppdrag,UFöU,OTHER,50,2010-11-23,2018-06-14,2010,2018,13,330,f,9,400,2006,2018,9,DESCENDING,ENTRY_LEVEL,,2018-06-01 00:00:00+02,1
0759167494321,Petra,Ekerum,S,Suppleant,"",uppdrag,MJU,SUBSTITUTE,100,2017-01-10,2018-05-24,2017,2018,1,499,f,1,400,2017,2018,2,ASCENDING,ENTRY_LEVEL,,2018-05-01 00:00:00+02,1
0488357052317,Mats,Pertoft,MP,Suppleant,"",uppdrag,UbU,SUBSTITUTE,100,2018-01-25,2018-04-17,2018,2018,1,82,f,10,550,2006,2018,1,CAREER_PEAK,ENTRY_LEVEL,16.67,2018-04-01 00:00:00+02,1
0802546764724,Åsa,Westlund,S,Ledamot,"",uppdrag,NU,OTHER,350,2014-10-07,2018-03-22,2014,2018,1,1262,f,3,600,2004,2028,5,DESCENDING,JUNIOR,,2018-03-01 00:00:00+01,1
0644591005314,Crister,Spets,SD,Suppleant,"",uppdrag,UbU,SUBSTITUTE,100,2016-10-28,2018-02-28,2016,2018,5,272,f,3,100,2015,2018,3,PEAK_ROLE,ENTRY_LEVEL,0.00,2018-02-01 00:00:00+01,1
088028607414,Lena,Asplund,M,Ledamot,"",uppdrag,FöU,OTHER,350,2014-10-07,2018-01-19,2014,2018,2,1199,f,7,400,2006,2018,5,ASCENDING,JUNIOR,,2018-01-01 00:00:00+01,1
075747847023,Gustaf,Lantz,S,Extra suppleant,"",uppdrag,UbU,SUBSTITUTE,50,2017-04-24,2017-12-31,2017,2017,1,251,f,3,400,2017,2026,1,LATERAL,ENTRY_LEVEL,,2017-12-01 00:00:00+01,1
0321885416125,Rossana,Dinamarca,V,Ledamot,"",uppdrag,KrU,COMMITTEE_MEMBER,350,2002-10-08,2017-11-09,2002,2017,2,2584,f,5,400,1999,2018,16,DESCENDING,JUNIOR,,2017-11-01 00:00:00+01,1
0644177413119,Stig,Henriksson,V,Riksdagsledamot,Tjänstgörande,kammaruppdrag,kam,MP,400,2002-09-30,2017-10-31,2002,2017,2,1128,f,1,400,2002,2017,16,PEAK_ROLE,MID_LEVEL,,2017-10-01 00:00:00+02,1
0720249554818,Börje,Vestlund,S,Personlig suppleant,"",Riksdagsorgan,RJ,OTHER,50,2004-11-01,2017-09-22,2004,2017,2,1025,f,6,400,2002,2017,14,DESCENDING,ENTRY_LEVEL,,2017-09-01 00:00:00+02,1
0397073482210,Camilla,Mårtensen,L,Extra suppleant,"",uppdrag,AU,SUBSTITUTE,50,2017-05-02,2017-08-06,2017,2017,2,92,f,3,350,2017,2025,1,LATERAL,ENTRY_LEVEL,,2017-08-01 00:00:00+02,1
0157062733618,Jonas,Eriksson,MP,Ledamot,"",uppdrag,EUN,OTHER,350,2017-07-15,2017-07-15,2017,2017,1,0,f,20,650,2010,2019,1,DESCENDING,JUNIOR,,2017-07-01 00:00:00+02,1
0262017901513,Beatrice,Ask,M,Ordförande,"",uppdrag,JuU,COMMITTEE_CHAIR,600,2014-10-07,2017-06-15,2014,2017,1,982,f,18,850,1988,2019,4,DESCENDING,SENIOR_LEADERSHIP,-31.25,2017-06-01 00:00:00+02,1
0397924710612,Ulrika,Karlsson,M,Suppleant,"",uppdrag,CU,SUBSTITUTE,100,2006-10-10,2017-05-02,2006,2017,3,3841,f,5,600,2004,2022,12,DESCENDING,ENTRY_LEVEL,,2017-05-01 00:00:00+02,1
0502688311316,Anna,Vikström,S,Extra suppleant,"",uppdrag,KrU,SUBSTITUTE,50,2016-08-14,2017-04-01,2016,2017,1,230,f,3,400,2015,2026,2,LATERAL,ENTRY_LEVEL,0.00,2017-04-01 00:00:00+02,1
0111479807829,Anna,Wallentheim,S,Riksdagsledamot,Ledig,kammaruppdrag,kam,MP,400,2016-07-01,2017-03-05,2016,2017,1,247,f,5,400,2014,2026,2,PEAK_ROLE,MID_LEVEL,150.00,2017-03-01 00:00:00+01,1
0196024739401,Margareta B,Kjellin,M,Ledamot,"",uppdrag,SoU,OTHER,350,2006-10-10,2017-02-14,2006,2017,4,3763,f,3,400,2006,2017,12,CAREER_PEAK,JUNIOR,,2017-02-01 00:00:00+01,1
0866055333028,Alexandra,Anstrell,M,Ersättare,Ersättare,kammaruppdrag,kam,SUBSTITUTE,100,2016-08-01,2017-01-31,2016,2017,1,183,f,2,600,2014,2026,2,CAREER_PEAK,ENTRY_LEVEL,25.00,2017-01-01 00:00:00+01,1
0252067342313,Åsa,Lindestam,S,Deputerad,"",uppdrag,UFöU,OTHER,50,2005-11-22,2016-12-14,2005,2016,23,799,f,7,750,2002,2022,12,DESCENDING,ENTRY_LEVEL,-50.00,2016-12-01 00:00:00+01,1
0462699892622,Maria,Ferm,MP,Ersättare,"",Riksdagsorgan,LR,SUBSTITUTE,100,2014-10-15,2016-11-09,2014,2016,2,700,f,11,650,2010,2022,3,DESCENDING,ENTRY_LEVEL,,2016-11-01 00:00:00+01,1
0190560012714,Pia,Hallström,M,Suppleant,"",uppdrag,JuU,SUBSTITUTE,100,2010-10-12,2016-10-11,2010,2016,3,2182,f,3,400,2010,2016,7,LATERAL,ENTRY_LEVEL,,2016-10-01 00:00:00+02,1
0266517781926,Christina,Örnebjär,L,Ledamot,"",uppdrag,TU,OTHER,350,2016-01-14,2016-09-08,2016,2016,1,238,f,4,400,2015,2018,1,CAREER_PEAK,JUNIOR,250.00,2016-09-01 00:00:00+02,1
0882001830516,Carin,Jämtin,S,Partisekreterare,"",partiuppdrag,S,PARTY_LEADER,500,2011-03-26,2016-08-27,2011,2016,1,1981,f,5,900,2002,2017,6,CAREER_PEAK,MID_LEVEL,30.00,2016-08-01 00:00:00+02,1
0393199907225,Jenny,Bengtsson,V,Extra suppleant,"",uppdrag,UU,SUBSTITUTE,50,2016-05-13,2016-07-27,2016,2016,2,71,f,4,100,2016,2016,1,LATERAL,ENTRY_LEVEL,,2016-07-01 00:00:00+02,1
0849219210615,Jabar,Amin,MP,Ledamot,"",uppdrag,UbU,OTHER,350,2010-10-12,2016-06-22,2010,2016,2,2072,f,2,400,2010,2018,7,DESCENDING,JUNIOR,,2016-06-01 00:00:00+02,1
0951854268017,Åsa,Romson,MP,Klimat- och miljöminister,"",Departement,M,MINISTER,850,2015-01-01,2016-05-25,2015,2016,1,510,f,10,850,2006,2017,2,PEAK_ROLE,TOP_LEADERSHIP,0.00,2016-05-01 00:00:00+02,1
0150027900515,Anders,Lönnberg,S,Ersättare,Ersättare,kammaruppdrag,kam,SUBSTITUTE,100,2015-11-01,2016-04-30,2015,2016,1,181,f,1,100,2015,2019,2,PEAK_ROLE,ENTRY_LEVEL,,2016-04-01 00:00:00+02,1
069436402021,Tomas,Tobé,M,Ledamot,"",Riksdagsorgan,KD,COMMITTEE_MEMBER,350,2010-10-19,2016-03-18,2010,2016,2,1977,f,7,600,2006,2029,7,DESCENDING,JUNIOR,,2016-03-01 00:00:00+01,1
0901257862125,Hans,Linde,V,Gruppledare,"",partiuppdrag,V,PARTY_LEADER,650,2010-10-05,2016-02-02,2010,2016,2,1946,f,7,650,2006,2017,7,PEAK_ROLE,SENIOR_LEADERSHIP,,2016-02-01 00:00:00+01,1
0150118366721,Linda,W Snecker,V,Riksdagsledamot,Ledig,kammaruppdrag,kam,MP,400,2015-04-07,2016-01-04,2015,2016,2,229,f,4,400,2014,2024,2,PEAK_ROLE,MID_LEVEL,300.00,2016-01-01 00:00:00+01,1
037508021018,Torbjörn,Björlund,V,Extra suppleant,"",uppdrag,JuU,SUBSTITUTE,50,2015-04-07,2015-12-21,2015,2015,2,201,f,11,400,2006,2016,1,DESCENDING,ENTRY_LEVEL,,2015-12-01 00:00:00+01,1
0590042760718,Annicka,Engblom,M,Ledamot,"",Riksdagsorgan,NR,OTHER,350,2012-10-04,2015-11-05,2012,2015,4,1118,f,8,400,2006,2022,4,ASCENDING,JUNIOR,300.00,2015-11-01 00:00:00+01,1
0544046588414,Jan-Olof,Larsson,S,Ledamot,"",uppdrag,EUN,OTHER,350,2014-10-07,2015-10-14,2014,2015,1,372,f,8,400,2001,2017,2,CAREER_PEAK,JUNIOR,62.50,2015-10-01 00:00:00+02,1
0548314774911,Veronica,Palm,S,Riksdagsledamot,Tjänstgörande,kammaruppdrag,kam,MP,400,2002-09-30,2015-09-30,2002,2015,4,4748,f,1,600,2002,2015,14,CAREER_PEAK,MID_LEVEL,,2015-09-01 00:00:00+02,1
0788526088220,Emma,Henriksson,KD,Ledamot,"",Riksdagsorgan,VB,OTHER,350,2014-09-29,2015-08-27,2014,2015,1,332,f,15,650,2006,2018,2,LATERAL,JUNIOR,0.00,2015-08-01 00:00:00+02,1
0541320528015,Nina,Lundström,L,Ersättare,Ersättare,kammaruppdrag,kam,SUBSTITUTE,100,2010-02-03,2015-07-03,2010,2015,2,471,f,8,550,2002,2022,6,LATERAL,ENTRY_LEVEL,0.00,2015-07-01 00:00:00+02,1
0251617324715,Katarina,Köhler,S,Suppleant,"",uppdrag,UFöU,SUBSTITUTE,100,2014-11-20,2015-06-16,2014,2015,2,90,f,12,400,2006,2018,2,DESCENDING,ENTRY_LEVEL,,2015-06-01 00:00:00+02,1
0697941234716,Margareta,Gunsdotter,-,Riksdagsledamot,Ledig,kammaruppdrag,kam,MP,400,2013-05-02,2015-05-15,2013,2015,2,214,f,21,400,2010,2018,3,PEAK_ROLE,MID_LEVEL,50.00,2015-05-01 00:00:00+02,1
0535526562910,Lars,Tysklind,L,Suppleant,"",uppdrag,SoU,SUBSTITUTE,100,2014-11-05,2015-04-22,2014,2015,1,168,f,16,400,2002,2018,2,LATERAL,ENTRY_LEVEL,,2015-04-01 00:00:00+02,1
0766496753128,Fredrik,Malm,L,Suppleant,"",uppdrag,UU,SUBSTITUTE,100,2013-02-16,2015-03-12,2013,2015,2,348,f,12,600,2006,2026,3,ASCENDING,ENTRY_LEVEL,,2015-03-01 00:00:00+01,1
0155487380917,Kerstin,Lundgren,C,Suppleant,"",Riksdagsorgan,VPN,SUBSTITUTE,100,2011-04-06,2015-02-18,2011,2015,1,1414,f,17,750,2002,2026,5,LATERAL,ENTRY_LEVEL,0.00,2015-02-01 00:00:00+01,1
069436402021,Tomas,Tobé,M,Ledamot,"",Riksdagsorgan,RS,OTHER,350,2010-10-12,2015-01-28,2010,2015,2,1569,f,5,600,2006,2029,6,ASCENDING,JUNIOR,250.00,2015-01-01 00:00:00+01,1
0737073162411,Emma,Carlsson Löfdahl,-,Förste vice gruppledare,"",partiuppdrag,FP,OTHER,50,2014-10-04,2014-12-20,2014,2014,1,77,f,11,400,2006,2021,1,DESCENDING,ENTRY_LEVEL,-12.50,2014-12-01 00:00:00+01,1
0787533297400,Björn,von Sydow,S,Ledamot,"",Riksdagsorgan,NATO,OTHER,350,2014-10-28,2014-11-05,2014,2014,1,8,f,18,900,1994,2018,1,DESCENDING,JUNIOR,,2014-11-01 00:00:00+01,1
0185498861416,Lena,Sommestad,S,Ledamot,"",Riksdagsorgan,RB,OTHER,350,2010-10-19,2014-10-14,2010,2014,1,1456,f,3,900,2002,2014,5,CAREER_PEAK,JUNIOR,62.50,2014-10-01 00:00:00+02,1
0679667648714,Marianne,Berg,V,Suppleant,"",uppdrag,KU,SUBSTITUTE,100,2010-10-12,2014-09-29,2010,2014,1,1448,f,8,400,2006,2014,5,DESCENDING,ENTRY_LEVEL,,2014-09-01 00:00:00+02,1
0379072486818,Anna,Ibrisagic,M,Ledamot,"",Europaparlamentet,EP,OTHER,350,2004-07-20,2014-07-01,2004,2014,2,3633,f,4,400,2002,2014,11,LATERAL,JUNIOR,0.00,2014-07-01 00:00:00+02,1
0637028706011,Bodil,Ceballos,MP,Suppleant,"",uppdrag,FöU,SUBSTITUTE,100,2010-10-12,2014-06-23,2010,2014,1,1350,f,9,400,2006,2019,5,LATERAL,ENTRY_LEVEL,,2014-06-01 00:00:00+02,1
0232670694320,Gustav,Schyllert,M,Extra suppleant,"",uppdrag,MJU,SUBSTITUTE,50,2013-10-14,2014-05-23,2013,2014,2,213,f,2,100,2013,2014,2,DESCENDING,ENTRY_LEVEL,,2014-05-01 00:00:00+02,1
0186989169008,Nils Oskar,Nilsson,M,Extra suppleant,"",uppdrag,TU,SUBSTITUTE,50,2014-03-01,2014-04-10,2014,2014,1,40,f,10,400,2003,2014,1,DESCENDING,ENTRY_LEVEL,-6.25,2014-04-01 00:00:00+02,1
0338458649710,Anti,Avsan,M,Extra suppleant,"",uppdrag,UU,SUBSTITUTE,50,2014-01-24,2014-03-14,2014,2014,1,49,f,8,600,2006,2018,1,DESCENDING,ENTRY_LEVEL,-150.00,2014-03-01 00:00:00+01,1
0979018047922,Kajsa,Lunderquist,M,Statsrådsersättare,Ersättare,kammaruppdrag,kam,OTHER,50,2010-10-04,2014-02-23,2010,2014,2,1036,f,1,350,2010,2014,5,ASCENDING,ENTRY_LEVEL,,2014-02-01 00:00:00+01,1
0285352171912,Henrik,Ripa,M,Suppleant,"",uppdrag,SoU,SUBSTITUTE,100,2010-10-12,2014-01-15,2010,2014,1,1191,f,2,400,2010,2014,5,DESCENDING,ENTRY_LEVEL,,2014-01-01 00:00:00+01,1
0893004490313,Cecilia,Widegren,M,Deputerad,"",uppdrag,UFöU,OTHER,50,2010-11-23,2013-12-17,2010,2013,5,77,f,15,600,2002,2022,4,DESCENDING,ENTRY_LEVEL,,2013-12-01 00:00:00+01,1
0116603319117,Josefin,Brink,V,Riksdagsledamot,Tjänstgörande,kammaruppdrag,kam,MP,400,2006-10-02,2013-11-13,2006,2013,3,2521,f,2,400,2006,2014,8,PEAK_ROLE,MID_LEVEL,,2013-11-01 00:00:00+01,1
0463955388312,Bengt-Anders,Johansson,M,Suppleant,"",uppdrag,EUN,SUBSTITUTE,100,2010-11-17,2013-10-03,2010,2013,1,1051,f,9,550,2002,2023,4,DESCENDING,ENTRY_LEVEL,,2013-10-01 00:00:00+02,1
0899112324519,Elisabeth,Svantesson,M,Vice ordförande,"",Riksdagsorgan,RJ,COMMITTEE_VICE_CHAIR,550,2012-11-01,2013-09-17,2012,2013,1,320,f,11,850,2006,2026,2,DESCENDING,MID_LEVEL,,2013-09-01 00:00:00+02,1
0831039938224,Adam,Marttinen,SD,Ersättare,Ersättare,kammaruppdrag,kam,SUBSTITUTE,100,2013-05-02,2013-08-25,2013,2013,1,115,f,1,600,2013,2026,1,CAREER_PEAK,ENTRY_LEVEL,,2013-08-01 00:00:00+02,1
0194498232620,Roza,Güclü Hedin,S,Riksdagsledamot,Ledig,kammaruppdrag,kam,MP,400,2013-01-15,2013-07-31,2013,2013,1,197,f,6,400,2010,2022,1,PEAK_ROLE,MID_LEVEL,300.00,2013-07-01 00:00:00+02,1
0959102638818,Roger,Tiefensee,C,Riksdagsledamot,Ledig,kammaruppdrag,kam,MP,400,2007-04-18,2013-06-02,2007,2013,4,302,f,11,650,2002,2022,7,CAREER_PEAK,MID_LEVEL,50.00,2013-06-01 00:00:00+02,1
0665485817222,Daniel,Bäckström,C,Extra suppleant,"",uppdrag,SkU,SUBSTITUTE,50,2013-04-24,2013-05-31,2013,2013,1,37,f,2,650,2013,2026,1,DESCENDING,ENTRY_LEVEL,,2013-05-01 00:00:00+02,1
0910587614018,Mohamoud,M. Enow,M,Ersättare,Ersättare,kammaruppdrag,kam,SUBSTITUTE,100,2012-11-19,2013-04-28,2012,2013,2,159,f,1,100,2012,2013,2,PEAK_ROLE,ENTRY_LEVEL,,2013-04-01 00:00:00+02,1
0352254228107,Staffan,Danielsson,C,Deputerad,"",uppdrag,UFöU,OTHER,50,2007-10-18,2013-03-06,2007,2013,5,332,f,11,400,2003,2018,7,DESCENDING,ENTRY_LEVEL,-300.00,2013-03-01 00:00:00+01,1
0697941234716,Margareta,Gunsdotter,-,Suppleant,"",uppdrag,AU,SUBSTITUTE,100,2011-11-18,2013-02-21,2011,2013,1,461,f,9,400,2010,2018,3,LATERAL,ENTRY_LEVEL,,2013-02-01 00:00:00+01,1
0700424025906,Mats,Odell,KD,Ledamot,"",uppdrag,NU,OTHER,350,2010-10-12,2013-01-01,2010,2013,2,89,f,20,900,1988,2026,4,DESCENDING,JUNIOR,,2013-01-01 00:00:00+01,1
0843345349823,Anders,Hansson,M,Deputerad,"",uppdrag,UFöU,OTHER,50,2011-03-31,2012-12-19,2011,2012,3,24,f,9,400,2006,2022,2,DESCENDING,ENTRY_LEVEL,-50.00,2012-12-01 00:00:00+01,1
0157062733618,Jonas,Eriksson,MP,Ledamot,"",uppdrag,NU,OTHER,350,2011-09-19,2012-11-03,2011,2012,2,2,f,4,650,2010,2019,2,ASCENDING,JUNIOR,250.00,2012-11-01 00:00:00+01,1
0519740099915,Saila,Quicklund,M,Ledamot,"",uppdrag,SfU,OTHER,350,2010-10-12,2012-10-14,2010,2012,1,733,f,2,400,2010,2026,3,DESCENDING,JUNIOR,,2012-10-01 00:00:00+02,1
0714307225418,Sven-Erik,Österberg,S,Ledamot,"",uppdrag,KU,COMMITTEE_MEMBER,350,2011-04-08,2012-09-30,2011,2012,1,541,f,21,900,1994,2025,2,DESCENDING,JUNIOR,-66.67,2012-09-01 00:00:00+02,1
0824721092613,Carina,Moberg,S,Suppleant,"",uppdrag,SkU,SUBSTITUTE,100,1998-10-13,2012-08-15,1998,2012,2,1593,f,7,650,1994,2012,15,LATERAL,ENTRY_LEVEL,,2012-08-01 00:00:00+02,1
0905637653912,Kerstin,Nilsson,S,Suppleant,"",uppdrag,KU,SUBSTITUTE,100,2011-02-04,2012-07-31,2011,2012,1,543,f,4,400,2010,2018,2,LATERAL,ENTRY_LEVEL,0.00,2012-07-01 00:00:00+02,1
0836813859011,Martin,Andreasson,L,Statsrådsersättare,Ersättare,kammaruppdrag,kam,OTHER,50,2012-03-20,2012-06-20,2012,2012,1,92,f,6,400,2002,2015,1,DESCENDING,ENTRY_LEVEL,-300.00,2012-06-01 00:00:00+02,1
0932188207010,Leif,Lindström,V,Extra suppleant,"",uppdrag,JuU,SUBSTITUTE,50,2012-04-25,2012-05-20,2012,2012,1,25,f,2,100,2012,2012,1,DESCENDING,ENTRY_LEVEL,,2012-05-01 00:00:00+02,1
0115834246514,Emma,Wallrup,V,Extra suppleant,"",uppdrag,MJU,SUBSTITUTE,50,2012-01-18,2012-04-09,2012,2012,1,82,f,3,400,2012,2018,1,LATERAL,ENTRY_LEVEL,,2012-04-01 00:00:00+02,1
0950559490627,Marie,Wickberg,C,Extra suppleant,"",uppdrag,SkU,SUBSTITUTE,50,2011-05-13,2012-03-04,2011,2012,3,133,f,2,100,2011,2012,2,DESCENDING,ENTRY_LEVEL,,2012-03-01 00:00:00+01,1
0100689229625,Hannes,Beckman,M,Extra suppleant,"",uppdrag,AU,SUBSTITUTE,50,2011-12-14,2012-02-24,2011,2012,1,72,f,4,100,2011,2012,2,DESCENDING,ENTRY_LEVEL,,2012-02-01 00:00:00+01,1
0132698667318,Thoralf,Alfsson,SD,Suppleant,"",uppdrag,MJU,SUBSTITUTE,100,2010-11-26,2012-01-24,2010,2012,1,424,f,16,400,2010,2014,3,LATERAL,ENTRY_LEVEL,,2012-01-01 00:00:00+01,1
0194498232620,Roza,Güclü Hedin,S,Suppleant,"",uppdrag,UFöU,SUBSTITUTE,100,2011-03-31,2011-12-14,2011,2011,2,21,f,4,400,2010,2022,1,LATERAL,ENTRY_LEVEL,0.00,2011-12-01 00:00:00+01,1
0238588409223,Gustav,Fridolin,MP,Suppleant,"",uppdrag,NU,SUBSTITUTE,100,2010-10-12,2011-11-06,2010,2011,1,390,f,13,850,2002,2019,2,LATERAL,ENTRY_LEVEL,,2011-11-01 00:00:00+01,1
082878762718,Anders,Flanking,C,Ledamot,"",Riksdagsorgan,RB,OTHER,350,2006-10-17,2011-10-11,2006,2011,2,1820,f,1,400,2006,2014,6,ASCENDING,JUNIOR,,2011-10-01 00:00:00+02,1
0862868280923,Annie,Lööf,C,Ledamot,"",uppdrag,FiU,OTHER,350,2010-10-12,2011-09-28,2010,2011,1,351,f,7,850,2006,2023,2,ASCENDING,JUNIOR,250.00,2011-09-01 00:00:00+02,1
0115057914316,Lars,Lilja,S,Ersättare,Ersättare,kammaruppdrag,kam,SUBSTITUTE,100,1999-03-08,2011-08-15,1999,2011,3,354,f,4,400,1995,2011,13,LATERAL,ENTRY_LEVEL,0.00,2011-08-01 00:00:00+02,1
0741005094627,Gustav,Blix,M,Riksdagsledamot,Ledig,kammaruppdrag,kam,MP,400,2008-09-08,2011-06-03,2008,2011,2,206,f,9,400,2006,2016,4,PEAK_ROLE,MID_LEVEL,350.00,2011-06-01 00:00:00+02,1
031414803913,Maria,Wetterstrand,MP,Språkrör,"",partiuppdrag,MP,OTHER,50,2002-05-10,2011-05-21,2002,2011,1,3298,f,3,550,2001,2011,10,DESCENDING,ENTRY_LEVEL,-300.00,2011-05-01 00:00:00+02,1
0824721092613,Carina,Moberg,S,Suppleant,"",uppdrag,SoU,SUBSTITUTE,100,2010-10-12,2011-04-12,2010,2011,1,182,f,13,650,1994,2012,2,DESCENDING,ENTRY_LEVEL,-300.00,2011-04-01 00:00:00+02,1
0728463811911,Åsa,Ågren Wikström,M,Riksdagsledamot,Tjänstgörande,kammaruppdrag,kam,MP,400,2010-10-04,2011-03-06,2010,2011,1,153,f,1,400,2010,2011,2,PEAK_ROLE,MID_LEVEL,,2011-03-01 00:00:00+01,1
0701525641715,Bo,Bernhardsson,S,Suppleant,"",uppdrag,KU,SUBSTITUTE,100,2010-10-12,2011-01-27,2010,2011,1,107,f,14,400,1991,2014,2,DESCENDING,ENTRY_LEVEL,-83.33,2011-01-01 00:00:00+01,1
0235494367806,Ingegerd,Saarinen,MP,Suppleant,"",Riksdagsorgan,RRS,SUBSTITUTE,100,2006-10-17,2010-12-31,2006,2010,2,1536,f,11,400,1999,2010,5,LATERAL,ENTRY_LEVEL,0.00,2010-12-01 00:00:00+01,1
0125165702713,Marietta,de Pourbaix-Lundin,M,Ledamot,"",Riksdagsorgan,ER,OTHER,350,2006-11-01,2010-11-01,2006,2010,2,1460,f,10,600,1995,2014,5,ASCENDING,JUNIOR,,2010-11-01 00:00:00+01,1
0977023188809,Sylvia,Lindgren,S,Ledamot,"",uppdrag,AU,OTHER,350,2006-10-10,2010-10-04,2006,2010,1,1455,f,11,400,1987,2010,5,CAREER_PEAK,JUNIOR,83.33,2010-10-01 00:00:00+02,1
0263862488414,Sven Otto,Littorin,M,Arbetsmarknadsminister,"",Departement,A,MINISTER,850,2007-01-01,2010-07-06,2007,2010,1,1282,f,2,900,2006,2010,4,DESCENDING,TOP_LEADERSHIP,-50.00,2010-07-01 00:00:00+02,1
0284604377408,Jörgen,Johansson,C,Ledamot,"",uppdrag,SkU,OTHER,350,2004-09-20,2010-06-13,2004,2010,2,2084,f,4,400,2002,2010,7,ASCENDING,JUNIOR,125.00,2010-06-01 00:00:00+02,1
0197306878612,Greger,Tidlund,S,Ersättare,Ersättare,kammaruppdrag,kam,SUBSTITUTE,100,2010-02-01,2010-05-31,2010,2010,1,119,f,2,100,2010,2010,1,PEAK_ROLE,ENTRY_LEVEL,,2010-05-01 00:00:00+02,1
0977557986415,Gunnel,Söderberg,M,Extra suppleant,"",uppdrag,UbU,SUBSTITUTE,50,2010-01-18,2010-04-05,2010,2010,1,77,f,2,100,2010,2010,1,DESCENDING,ENTRY_LEVEL,,2010-04-01 00:00:00+02,1
0186989169008,Nils Oskar,Nilsson,M,Deputerad,"",uppdrag,UFöU,OTHER,50,2004-05-11,2010-03-03,2004,2010,5,341,f,5,400,2003,2014,7,DESCENDING,ENTRY_LEVEL,,2010-03-01 00:00:00+01,1
0457213878205,Jan Erik,Ågren,KD,Suppleant,"",uppdrag,NU,SUBSTITUTE,100,2002-01-18,2010-02-28,2002,2010,3,497,f,11,400,1991,2010,9,LATERAL,ENTRY_LEVEL,0.00,2010-02-01 00:00:00+01,1
0824343942006,Göran,Thingwall,-,Suppleant,"",uppdrag,UbU,SUBSTITUTE,100,2007-09-27,2010-01-27,2007,2010,1,853,f,2,100,2006,2010,4,PEAK_ROLE,ENTRY_LEVEL,0.00,2010-01-01 00:00:00+01,1
0780836041816,Mats,Berglind,S,Suppleant,"",uppdrag,UFöU,SUBSTITUTE,100,2006-10-10,2009-12-09,2006,2009,6,402,f,11,400,1996,2011,4,DESCENDING,ENTRY_LEVEL,,2009-12-01 00:00:00+01,1
0612837785809,Curt,Linderoth,M,Ersättare,Ersättare,kammaruppdrag,kam,SUBSTITUTE,100,2008-09-08,2009-11-23,2008,2009,2,306,f,1,100,2008,2009,2,PEAK_ROLE,ENTRY_LEVEL,,2009-11-01 00:00:00+01,1
0377384542907,Chatrine,Pålsson Ahlgren,KD,Ledamot,"",uppdrag,SoU,OTHER,350,1994-10-11,2009-10-31,1994,2009,3,4019,f,3,550,1991,2009,16,ASCENDING,JUNIOR,83.33,2009-10-01 00:00:00+02,1
0574724112206,Rosita,Runegrund,KD,Suppleant,"",uppdrag,AU,SUBSTITUTE,100,1998-10-13,2009-09-03,1998,2009,2,2350,f,3,400,1998,2010,12,LATERAL,ENTRY_LEVEL,,2009-09-01 00:00:00+02,1
0879055385113,Jeppe,Johnsson,M,Riksdagsledamot,Tjänstgörande,kammaruppdrag,kam,MP,400,1994-10-03,2009-08-15,1994,2009,4,5430,f,1,400,1994,2009,16,PEAK_ROLE,MID_LEVEL,,2009-08-01 00:00:00+02,1
0638431210311,Cecilia,Wikström,L,Riksdagsledamot,Tjänstgörande,kammaruppdrag,kam,MP,400,2002-09-30,2009-07-13,2002,2009,2,2478,f,1,550,2002,2019,8,CAREER_PEAK,MID_LEVEL,,2009-07-01 00:00:00+02,1
099373212513,Tobias,Krantz,L,Suppleant,"",uppdrag,KrU,SUBSTITUTE,100,2006-10-24,2009-06-17,2006,2009,1,967,f,10,900,2002,2010,4,LATERAL,ENTRY_LEVEL,,2009-06-01 00:00:00+02,1
0181728423812,Walburga,Habsburg Douglas,M,Deputerad,"",uppdrag,KUU,OTHER,50,2007-03-27,2009-05-06,2007,2009,1,771,f,7,600,2006,2014,3,DESCENDING,ENTRY_LEVEL,-550.00,2009-05-01 00:00:00+02,1
0286498639614,Willemo,Carlsson,M,Ersättare,Ersättare,kammaruppdrag,kam,SUBSTITUTE,100,2008-11-01,2009-04-30,2008,2009,1,180,f,1,100,2008,2009,2,PEAK_ROLE,ENTRY_LEVEL,,2009-04-01 00:00:00+02,1
0634917636517,Margareta,Israelsson,S,Ledamot,"",uppdrag,KrU,COMMITTEE_MEMBER,350,2006-10-10,2009-03-27,2006,2009,1,899,f,17,400,1982,2010,4,LATERAL,JUNIOR,,2009-03-01 00:00:00+01,1
0820673454606,Inger,Davidson,KD,Suppleant,"",uppdrag,KrU,SUBSTITUTE,100,2007-03-16,2009-02-09,2007,2009,1,696,f,10,600,1991,2010,3,DESCENDING,ENTRY_LEVEL,-450.00,2009-02-01 00:00:00+01,1
0393583311409,Lars,Lindén,KD,Riksdagsledamot,Tjänstgörande,kammaruppdrag,kam,MP,400,2002-09-30,2009-01-14,2002,2009,2,2298,f,1,400,2002,2009,8,PEAK_ROLE,MID_LEVEL,,2009-01-01 00:00:00+01,1
0758217192418,Sven Gunnar,Persson,KD,Ledamot,"",uppdrag,EUN,OTHER,350,2006-10-10,2008-12-31,2006,2008,1,813,f,4,400,2002,2008,3,CAREER_PEAK,JUNIOR,100.00,2008-12-01 00:00:00+01,1
0916145693524,Camilla,Lindberg,L,Suppleant,"",uppdrag,JuU,SUBSTITUTE,100,2007-01-11,2008-11-13,2007,2008,1,672,f,5,400,2006,2010,2,ASCENDING,ENTRY_LEVEL,50.00,2008-11-01 00:00:00+01,1
0355151001911,Aleksander,Gabelic,S,Suppleant,"",Riksdagsorgan,OSSE,SUBSTITUTE,100,2006-10-17,2008-10-21,2006,2008,1,735,f,3,400,2006,2019,3,LATERAL,ENTRY_LEVEL,,2008-10-01 00:00:00+02,1
089057453314,Ulf,Sjösten,M,Suppleant,"",Riksdagsorgan,VB,SUBSTITUTE,100,2006-10-26,2008-09-29,2006,2008,1,704,f,8,400,2002,2014,3,DESCENDING,ENTRY_LEVEL,,2008-09-01 00:00:00+02,1
0699354970600,Rose-Marie,Frebran,KD,Ledamot,"",Riksdagsorgan,RRS,OTHER,350,2003-03-12,2008-08-31,2003,2008,2,1998,f,12,750,1991,2008,6,CAREER_PEAK,JUNIOR,50.00,2008-08-01 00:00:00+02,1
0677210453318,Pernilla,Zethraeus,V,Suppleant,"",uppdrag,CU,SUBSTITUTE,100,2006-10-24,2008-06-17,2006,2008,1,602,f,3,400,2006,2008,3,LATERAL,ENTRY_LEVEL,,2008-06-01 00:00:00+02,1
0654147472012,Sten,Nordin,M,Riksdagsledamot,Tjänstgörande,kammaruppdrag,kam,MP,400,2006-10-02,2008-05-07,2006,2008,1,583,f,1,400,2006,2008,3,PEAK_ROLE,MID_LEVEL,,2008-05-01 00:00:00+02,1
0135730306412,Tommy,Waidelich,S,Riksdagsledamot,Ledig,kammaruppdrag,kam,MP,400,1995-01-10,2008-04-13,1995,2008,2,334,f,6,600,1991,2018,14,CAREER_PEAK,MID_LEVEL,,2008-04-01 00:00:00+02,1
0970259744617,Margareta,Cederfelt,M,Ledamot,"",uppdrag,TU,OTHER,350,2006-11-15,2008-03-06,2006,2008,1,477,f,9,600,1999,2026,3,CAREER_PEAK,JUNIOR,,2008-03-01 00:00:00+01,1
064601872511,Catharina,Elmsäter-Svärd,M,Ordförande,"",uppdrag,AU,COMMITTEE_CHAIR,600,2006-10-10,2008-02-14,2006,2008,1,492,f,17,900,1996,2014,3,CAREER_PEAK,SENIOR_LEADERSHIP,,2008-02-01 00:00:00+01,1
0618560932311,Hillevi,Engström,M,Ledamot,"",uppdrag,EUN,OTHER,350,2006-10-10,2008-01-15,2006,2008,1,462,f,7,900,2002,2015,3,ASCENDING,JUNIOR,,2008-01-01 00:00:00+01,1
0355822136816,Lotta,Jonsson,KD,Suppleant,"",uppdrag,KU,SUBSTITUTE,100,2007-03-19,2007-12-05,2007,2007,2,53,f,2,100,2007,2007,1,PEAK_ROLE,ENTRY_LEVEL,,2007-12-01 00:00:00+01,1
0390912778804,Peter,Althin,KD,Riksdagsledamot,Tjänstgörande,kammaruppdrag,kam,MP,400,2002-09-30,2007-11-04,2002,2007,2,1861,f,1,400,2002,2007,6,PEAK_ROLE,MID_LEVEL,,2007-11-01 00:00:00+01,1
0125036219125,Nina,Larsson,L,Suppleant,"",uppdrag,MJU,SUBSTITUTE,100,2006-10-10,2007-10-25,2006,2007,1,380,f,2,900,2006,2026,2,DESCENDING,ENTRY_LEVEL,,2007-10-01 00:00:00+02,1
0784309503313,Ewa,Björling,M,Personlig suppleant,"",Riksdagsorgan,RJ,OTHER,50,2006-11-01,2007-09-11,2006,2007,1,314,f,11,900,2002,2014,2,DESCENDING,ENTRY_LEVEL,,2007-09-01 00:00:00+02,1
0874331493311,Helena,Frisk,S,Ersättare,Ersättare,kammaruppdrag,kam,SUBSTITUTE,100,2006-10-06,2007-08-28,2006,2007,1,326,f,9,400,1994,2007,2,ASCENDING,ENTRY_LEVEL,,2007-08-01 00:00:00+02,1
0214849275619,Christopher,Ödmann,MP,Suppleant,"",uppdrag,JuU,SUBSTITUTE,100,2007-05-28,2007-07-08,2007,2007,1,41,f,4,100,2007,2008,1,PEAK_ROLE,ENTRY_LEVEL,,2007-07-01 00:00:00+02,1
0784309503313,Ewa,Björling,M,Deputerad,"",uppdrag,UFöU,OTHER,50,2004-02-05,2007-06-01,2004,2007,5,159,f,7,900,2002,2014,4,DESCENDING,ENTRY_LEVEL,-50.00,2007-06-01 00:00:00+02,1
0510486065729,Magdalena,Streijffert,S,Suppleant,"",uppdrag,UbU,SUBSTITUTE,100,2006-10-10,2007-05-21,2006,2007,1,223,f,3,400,2006,2010,2,LATERAL,ENTRY_LEVEL,,2007-05-01 00:00:00+02,1
0825004049003,Göran,Persson,S,Ledamot,"",Riksdagsorgan,UN,OTHER,350,2006-10-10,2007-04-30,2006,2007,1,202,f,11,1000,1979,2007,2,DESCENDING,JUNIOR,-65.00,2007-04-01 00:00:00+02,1
0214849275619,Christopher,Ödmann,MP,Suppleant,"",uppdrag,UU,SUBSTITUTE,100,2007-02-20,2007-03-18,2007,2007,1,26,f,3,100,2007,2008,1,PEAK_ROLE,ENTRY_LEVEL,,2007-03-01 00:00:00+01,1
0264838147315,Catharina,Bråkenhielm,S,Suppleant,"",uppdrag,SoU,SUBSTITUTE,100,2006-10-10,2007-02-01,2006,2007,1,114,f,5,400,2002,2018,2,LATERAL,ENTRY_LEVEL,,2007-02-01 00:00:00+01,1
09812885803,Jan,Ertsborn,L,Suppleant,"",Riksdagsorgan,ER,SUBSTITUTE,100,2003-05-18,2007-01-10,2003,2007,1,1333,f,5,750,2002,2014,5,LATERAL,ENTRY_LEVEL,0.00,2007-01-01 00:00:00+01,1
0367418588113,Liselott,Hagberg,L,Ledamot,"",uppdrag,KU,COMMITTEE_MEMBER,350,2006-10-10,2006-12-22,2006,2006,1,73,f,8,750,2002,2012,1,DESCENDING,JUNIOR,,2006-12-01 00:00:00+01,1
0485476395125,Christian,Holm Barenfeld,M,Suppleant,"",uppdrag,UU,SUBSTITUTE,100,2006-10-10,2006-11-15,2006,2006,1,36,f,3,400,2006,2018,1,LATERAL,ENTRY_LEVEL,,2006-11-01 00:00:00+01,1
0517869568019,Mikael,Johansson,MP,Suppleant,"",uppdrag,FiU,SUBSTITUTE,100,2003-01-22,2006-10-02,2003,2006,1,1349,f,8,400,1998,2010,4,LATERAL,ENTRY_LEVEL,0.00,2006-10-01 00:00:00+02,1
0992604658114,Cecilia,Wigström,L,Ledamot,"",uppdrag,UU,OTHER,350,2002-10-08,2006-09-25,2002,2006,2,2896,f,2,400,2002,2010,5,DESCENDING,JUNIOR,,2006-09-01 00:00:00+02,1
0924947945722,Maryam,Yazdanfar,S,Suppleant,"",uppdrag,AU,SUBSTITUTE,100,2006-01-01,2006-08-31,2006,2006,2,241,f,3,600,2004,2013,1,LATERAL,ENTRY_LEVEL,0.00,2006-08-01 00:00:00+02,1
0909948830718,Ann-Christin,Ahlberg,S,Ersättare,Ersättare,kammaruppdrag,kam,SUBSTITUTE,100,2005-01-18,2006-07-31,2005,2006,1,559,f,1,400,2005,2022,2,ASCENDING,ENTRY_LEVEL,,2006-07-01 00:00:00+02,1
0976656359110,Kaj,Nordquist,S,Deputerad,"",uppdrag,UFöU,OTHER,50,2006-05-18,2006-06-14,2006,2006,1,27,f,11,350,2003,2006,1,LATERAL,ENTRY_LEVEL,0.00,2006-06-01 00:00:00+02,1
0924947945722,Maryam,Yazdanfar,S,Ersättare,Ersättare,kammaruppdrag,kam,SUBSTITUTE,100,2004-04-05,2006-05-30,2004,2006,3,219,f,1,600,2004,2013,3,ASCENDING,ENTRY_LEVEL,,2006-05-01 00:00:00+02,1
0874331493311,Helena,Frisk,S,Deputerad,"",uppdrag,JuSoU,OTHER,50,2006-02-21,2006-04-26,2006,2006,1,64,f,7,400,1994,2007,1,DESCENDING,ENTRY_LEVEL,-12.50,2006-04-01 00:00:00+02,1
0165360915617,Christer,Adelsbo,S,Suppleant,"",uppdrag,UbU,SUBSTITUTE,100,2002-10-08,2006-03-15,2002,2006,1,1254,f,2,400,2002,2017,5,DESCENDING,ENTRY_LEVEL,,2006-03-01 00:00:00+01,1
0512424416400,Inger,Lundberg,S,Ledamot,"",Riksdagsorgan,IPU,OTHER,350,2002-12-19,2006-02-18,2002,2006,1,1157,f,12,400,1991,2006,5,CAREER_PEAK,JUNIOR,,2006-02-01 00:00:00+01,1
0161597857912,Tuve,Skånberg,KD,Suppleant,"",uppdrag,KU,SUBSTITUTE,100,2002-10-08,2006-01-17,2002,2006,1,1197,f,15,600,1991,2027,5,DESCENDING,ENTRY_LEVEL,-62.50,2006-01-01 00:00:00+01,1
0384833975200,Bo,Könberg,L,Riksdagsledamot,Tjänstgörande,kammaruppdrag,kam,MP,400,1995-10-10,2005-12-31,1995,2005,3,3735,f,5,900,1991,2005,11,CAREER_PEAK,MID_LEVEL,,2005-12-01 00:00:00+01,1
0185680273604,Åke,Bergbäck,L,Ersättare,Ersättare,kammaruppdrag,kam,SUBSTITUTE,100,2005-07-13,2005-11-30,2005,2005,2,109,f,1,100,2005,2005,1,PEAK_ROLE,ENTRY_LEVEL,,2005-11-01 00:00:00+01,1
0927576375115,Kenth,Högström,S,Ledamot,"",uppdrag,KU,COMMITTEE_MEMBER,350,2000-09-20,2005-10-03,2000,2005,2,1830,f,4,350,1982,2005,6,PEAK_ROLE,JUNIOR,125.00,2005-10-01 00:00:00+02,1
0950203660913,Annika,Nilsson,S,Riksdagsledamot,Tjänstgörande,kammaruppdrag,kam,MP,400,1994-10-03,2005-09-19,1994,2005,6,3664,f,1,550,1994,2006,12,CAREER_PEAK,MID_LEVEL,,2005-09-01 00:00:00+02,1
0488772415405,Ingrid,Hammarberg,L,Ersättare,Ersättare,kammaruppdrag,kam,SUBSTITUTE,100,2005-07-04,2005-08-17,2005,2005,1,44,f,1,100,2005,2005,1,PEAK_ROLE,ENTRY_LEVEL,,2005-08-01 00:00:00+02,1
0442872782509,Harald,Nordlund,L,Ersättare,Ersättare,kammaruppdrag,kam,SUBSTITUTE,100,2005-01-15,2005-07-15,2005,2005,1,181,f,5,400,1998,2005,1,LATERAL,ENTRY_LEVEL,0.00,2005-07-01 00:00:00+02,1
0556347007015,Peter,Pedersen,V,Ledamot,"",uppdrag,KrU,COMMITTEE_MEMBER,350,1998-10-13,2005-06-18,1998,2005,2,2432,f,3,400,1998,2010,8,CAREER_PEAK,JUNIOR,,2005-06-01 00:00:00+02,1
0427321850912,Lars Mejern,Larsson,S,Riksdagsledamot,Ersättare,kammaruppdrag,kam,MP,400,2005-03-01,2005-05-26,2005,2005,1,86,f,1,400,2005,2026,1,PEAK_ROLE,MID_LEVEL,,2005-05-01 00:00:00+02,1
0640669898710,Gunvor,G Ericson,MP,Suppleant,"",uppdrag,MJU,SUBSTITUTE,100,2004-10-19,2005-04-17,2004,2005,1,180,f,4,650,2004,2014,2,LATERAL,ENTRY_LEVEL,,2005-04-01 00:00:00+02,1
0263304349100,Christina,Andersson,C,Suppleant,"",uppdrag,SkU,SUBSTITUTE,100,2005-01-31,2005-03-16,2005,2005,1,44,f,1,100,2005,2009,1,PEAK_ROLE,ENTRY_LEVEL,,2005-03-01 00:00:00+01,1
087735695612,Anders,Karlsson,S,Suppleant,"",uppdrag,EUN,SUBSTITUTE,100,2002-10-08,2005-02-28,2002,2005,1,874,f,6,600,1998,2018,4,DESCENDING,ENTRY_LEVEL,,2005-02-01 00:00:00+01,1
0928223863802,Berit,Jóhannesson,V,Ledamot,"",Riksdagsorgan,VB,OTHER,350,2003-02-20,2005-01-27,2003,2005,1,707,f,8,400,1998,2006,3,CAREER_PEAK,JUNIOR,250.00,2005-01-01 00:00:00+01,1
0599736947819,Ola,Sundell,M,Suppleant,"",uppdrag,UFöU,SUBSTITUTE,100,2004-10-19,2004-12-15,2004,2004,1,57,f,12,400,1994,2015,1,LATERAL,ENTRY_LEVEL,0.00,2004-12-01 00:00:00+01,1
0186490041606,Kerstin-Maria,Stalin,MP,Suppleant,"",uppdrag,SfU,SUBSTITUTE,100,2002-10-08,2004-11-14,2002,2004,1,768,f,6,400,1998,2004,3,DESCENDING,ENTRY_LEVEL,,2004-11-01 00:00:00+01,1
0815435847817,Lars-Erik,Lövdén,S,Riksdagsledamot,Ledig,kammaruppdrag,kam,MP,400,1998-11-23,2004-10-31,1998,2004,2,2169,f,11,550,1979,2004,7,CAREER_PEAK,MID_LEVEL,75.00,2004-10-01 00:00:00+02,1
0702674089702,Carl-Axel,Roslund,M,Suppleant,"",uppdrag,NU,SUBSTITUTE,100,2002-10-08,2004-09-23,2002,2004,1,716,f,4,400,2002,2006,3,LATERAL,ENTRY_LEVEL,,2004-09-01 00:00:00+02,1
0924947945722,Maryam,Yazdanfar,S,Suppleant,"",uppdrag,UbU,SUBSTITUTE,100,2004-06-19,2004-08-15,2004,2004,1,57,f,2,600,2004,2013,1,LATERAL,ENTRY_LEVEL,,2004-08-01 00:00:00+02,1
0438928446810,Lena,Ek,C,Ledamot,"",Riksdagsorgan,VB,OTHER,350,2002-09-30,2004-07-19,2002,2004,1,658,f,4,850,1998,2015,3,CAREER_PEAK,JUNIOR,62.50,2004-07-01 00:00:00+02,1
0228907110117,Mariam,Osman Sherifay,S,Suppleant,"",uppdrag,TU,SUBSTITUTE,100,2004-03-08,2004-06-14,2004,2004,1,98,f,8,350,2002,2006,1,LATERAL,ENTRY_LEVEL,0.00,2004-06-01 00:00:00+02,1
0222234581210,Claes,Västerteg,C,Suppleant,"",uppdrag,UFöU,SUBSTITUTE,100,2004-05-11,2004-05-26,2004,2004,1,15,f,6,550,2002,2010,1,LATERAL,ENTRY_LEVEL,,2004-05-01 00:00:00+02,1
0236004923301,Gudrun,Schyman,-,Suppleant,"",uppdrag,UU,SUBSTITUTE,100,1994-10-18,2004-04-26,1994,2004,3,3292,f,10,400,1988,2006,11,LATERAL,ENTRY_LEVEL,,2004-04-01 00:00:00+02,1
0213183979300,Margareta,Persson,S,Suppleant,"",uppdrag,KU,SUBSTITUTE,100,2003-10-03,2004-03-31,2003,2004,1,180,f,4,400,1994,2010,2,LATERAL,ENTRY_LEVEL,0.00,2004-03-01 00:00:00+01,1
0205071690103,Erling,Wälivaara,KD,Ordförande,"",uppdrag,UFöU,COMMITTEE_CHAIR,600,2004-02-05,2004-02-18,2004,2004,1,13,f,7,600,1998,2006,1,PEAK_ROLE,SENIOR_LEADERSHIP,200.00,2004-02-01 00:00:00+01,1
0238588409223,Gustav,Fridolin,MP,Suppleant,"",uppdrag,FöU,SUBSTITUTE,100,2002-10-08,2004-01-30,2002,2004,1,479,f,2,850,2002,2019,3,DESCENDING,ENTRY_LEVEL,,2004-01-01 00:00:00+01,1
0817433088402,Nils Fredrik,Aurelius,M,Ledamot,"",Riksdagsorgan,VPN,OTHER,350,2002-12-10,2003-12-09,2002,2003,1,364,f,11,400,1991,2006,2,ASCENDING,JUNIOR,,2003-12-01 00:00:00+01,1
0817433088402,Nils Fredrik,Aurelius,M,Deputerad,"",uppdrag,KUU,OTHER,50,2001-10-16,2003-11-20,2001,2003,2,326,f,9,400,1991,2006,3,DESCENDING,ENTRY_LEVEL,,2003-11-01 00:00:00+01,1
0537484650407,Bo,Lundgren,M,Ledamot,"",Riksdagsorgan,KD,COMMITTEE_MEMBER,350,1997-09-23,2003-10-26,1997,2003,3,2208,f,10,900,1976,2004,7,DESCENDING,JUNIOR,-91.67,2003-10-01 00:00:00+02,1
0388920259006,Inger,René,M,Suppleant,"",uppdrag,EUN,SUBSTITUTE,100,2002-10-15,2003-09-16,2002,2003,1,336,f,16,600,1988,2010,2,DESCENDING,ENTRY_LEVEL,,2003-09-01 00:00:00+02,1
0976656359110,Kaj,Nordquist,S,Suppleant,"",uppdrag,KUU,SUBSTITUTE,100,2003-02-20,2003-08-01,2003,2003,1,162,f,1,350,2003,2006,1,ASCENDING,ENTRY_LEVEL,,2003-08-01 00:00:00+02,1
0113077554312,Raimo,Pärssinen,S,Suppleant,"",Riksdagsorgan,BN,SUBSTITUTE,100,2002-10-15,2003-07-01,2002,2003,1,259,f,9,600,1992,2018,2,LATERAL,ENTRY_LEVEL,,2003-07-01 00:00:00+02,1
0900533740700,Marianne,Samuelsson,MP,Ersättare,Ersättare,kammaruppdrag,kam,SUBSTITUTE,100,2003-03-28,2003-06-29,2003,2003,1,93,f,22,400,1988,2004,1,LATERAL,ENTRY_LEVEL,,2003-06-01 00:00:00+02,1
0992604658114,Cecilia,Wigström,L,Suppleant,"",uppdrag,UMJU,SUBSTITUTE,100,2003-02-18,2003-05-21,2003,2003,1,92,f,7,400,2002,2010,1,LATERAL,ENTRY_LEVEL,,2003-05-01 00:00:00+02,1
0456373360003,Louise,Edlind-Friberg,L,Suppleant,"",uppdrag,SoU,SUBSTITUTE,100,2003-03-03,2003-04-06,2003,2003,1,34,f,3,400,2003,2006,1,LATERAL,ENTRY_LEVEL,,2003-04-01 00:00:00+02,1
0837462035506,Lena,Ödeen,L,Ersättare,Ersättare,kammaruppdrag,kam,SUBSTITUTE,100,2003-01-21,2003-03-28,2003,2003,1,66,f,3,100,2003,2003,1,PEAK_ROLE,ENTRY_LEVEL,,2003-03-01 00:00:00+01,1
0681085425612,Per,Rosengren,V,Ledamot,"",Riksdagsorgan,VB,OTHER,350,2002-09-30,2003-02-19,2002,2003,1,142,f,7,400,1994,2010,2,ASCENDING,JUNIOR,62.50,2003-02-01 00:00:00+01,1
0238588409223,Gustav,Fridolin,MP,Suppleant,"",uppdrag,FiU,SUBSTITUTE,100,2002-10-15,2003-01-21,2002,2003,1,98,f,4,850,2002,2019,2,DESCENDING,ENTRY_LEVEL,,2003-01-01 00:00:00+01,1
037063714405,Anders,Björck,M,Suppleant,"",Riksdagsorgan,VB,SUBSTITUTE,100,2002-09-30,2002-12-31,2002,2002,1,92,f,16,850,1976,2002,1,DESCENDING,ENTRY_LEVEL,-125.00,2002-12-01 00:00:00+01,1
0181478122414,Anne Marie,Brodén,M,Suppleant,"",uppdrag,SoU,SUBSTITUTE,100,2002-10-08,2002-11-14,2002,2002,1,37,f,4,400,2002,2014,1,LATERAL,ENTRY_LEVEL,,2002-11-01 00:00:00+01,1
0739152363302,Göran,Lennmarker,M,Vice ordförande,"",uppdrag,EUN,COMMITTEE_VICE_CHAIR,550,2002-01-01,2002-10-08,2002,2002,1,280,f,20,600,1991,2012,1,CAREER_PEAK,MID_LEVEL,500.00,2002-10-01 00:00:00+02,1
0387494457202,Catharina,Hagen,M,Suppleant,"",uppdrag,FiU,SUBSTITUTE,100,1998-10-13,2002-09-30,1998,2002,1,1448,f,2,400,1998,2002,5,DESCENDING,ENTRY_LEVEL,,2002-09-01 00:00:00+02,1
0739152363302,Göran,Lennmarker,M,Deputerad,"",uppdrag,KUU,OTHER,50,2001-03-27,2002-06-04,2001,2002,3,128,f,19,600,1991,2012,2,LATERAL,ENTRY_LEVEL,0.00,2002-06-01 00:00:00+02,1
0567842515701,Monica,Öhman,S,Ordförande,"",uppdrag,TU,COMMITTEE_CHAIR,600,1994-10-12,2002-05-31,1994,2002,3,4105,f,8,600,1985,2002,9,PEAK_ROLE,SENIOR_LEADERSHIP,,2002-05-01 00:00:00+02,1
0903751303011,Catherine,Persson,S,Suppleant,"",uppdrag,SoU,SUBSTITUTE,100,1996-09-26,2002-04-24,1996,2002,2,2027,f,4,400,1996,2007,7,LATERAL,ENTRY_LEVEL,,2002-04-01 00:00:00+02,1
0214302391005,Rinaldo,Karlsson,S,Riksdagsledamot,Tjänstgörande,kammaruppdrag,kam,MP,400,1986-10-07,2002-03-28,1986,2002,5,5651,f,1,400,1986,2002,17,PEAK_ROLE,MID_LEVEL,,2002-03-01 00:00:00+01,1
0837512963116,Camilla,Dahlin-Andersson,L,Suppleant,"",uppdrag,FiU,SUBSTITUTE,100,1998-10-15,2002-02-27,1998,2002,2,109,f,3,400,1998,2002,5,LATERAL,ENTRY_LEVEL,,2002-02-01 00:00:00+01,1
0245320188502,Lars,Tobisson,M,Suppleant,"",uppdrag,UU,SUBSTITUTE,100,1999-09-23,2002-01-01,1999,2002,2,1662,f,20,600,1979,2002,4,DESCENDING,ENTRY_LEVEL,-112.50,2002-01-01 00:00:00+01,1
0330714384902,Inger,Strömbom,KD,Suppleant,"",uppdrag,KUU,SUBSTITUTE,100,2001-10-16,2001-12-06,2001,2001,1,51,f,6,400,1998,2002,1,LATERAL,ENTRY_LEVEL,0.00,2001-12-01 00:00:00+01,1
0512357753412,Britt,Bohlin Olsson,S,Ledamot,"",Riksdagsorgan,RB,OTHER,350,1998-12-02,2001-11-23,1998,2001,1,1087,f,12,600,1982,2008,4,LATERAL,JUNIOR,0.00,2001-11-01 00:00:00+01,1
0648161048508,Margareta,Nachmanson,M,Ersättare,Ersättare,kammaruppdrag,kam,SUBSTITUTE,100,2001-01-31,2001-10-16,2001,2001,1,258,f,1,400,2001,2002,1,ASCENDING,ENTRY_LEVEL,,2001-10-01 00:00:00+02,1
0673622610409,Birgitta,Carlsson,C,Suppleant,"",uppdrag,EUN,SUBSTITUTE,100,2000-10-12,2001-09-27,2000,2001,1,350,f,11,400,1991,2010,2,DESCENDING,ENTRY_LEVEL,-125.00,2001-09-01 00:00:00+02,1
0791588767213,Staffan,Werme,L,Suppleant,"",uppdrag,JuU,SUBSTITUTE,100,2000-12-06,2001-05-16,2000,2001,2,53,f,1,100,2000,2001,2,PEAK_ROLE,ENTRY_LEVEL,,2001-05-01 00:00:00+02,1
0425391168202,Liselotte,Wågö,M,Suppleant,"",uppdrag,KUU,SUBSTITUTE,100,2001-03-27,2001-04-26,2001,2001,1,30,f,9,400,1991,2002,1,LATERAL,ENTRY_LEVEL,0.00,2001-04-01 00:00:00+02,1
0529963707818,Martin,Nilsson,S,Suppleant,"",Riksdagsorgan,VB,SUBSTITUTE,100,1998-10-05,2001-03-21,1998,2001,1,898,f,11,400,1991,2006,4,DESCENDING,ENTRY_LEVEL,-83.33,2001-03-01 00:00:00+01,1
0789353702707,Mats,Lindberg,S,Riksdagsledamot,Tjänstgörande,kammaruppdrag,kam,MP,400,1986-03-01,2001-02-28,1986,2001,5,5478,f,1,550,1986,2001,16,CAREER_PEAK,MID_LEVEL,,2001-02-01 00:00:00+01,1
0664794700308,Jerry,Martinger,M,Ledamot,"",uppdrag,KU,COMMITTEE_MEMBER,350,1994-10-11,2001-01-31,1994,2001,3,3136,f,7,400,1986,2001,8,ASCENDING,JUNIOR,,2001-01-01 00:00:00+01,1
0806172169007,Siw,Persson,-,Riksdagsledamot,Ledig,kammaruppdrag,kam,MP,400,2000-11-21,2000-12-20,2000,2000,1,29,f,10,400,1985,2002,1,PEAK_ROLE,MID_LEVEL,300.00,2000-12-01 00:00:00+01,1
0520793981601,Sonia,Karlsson,S,Suppleant,"",uppdrag,EUN,SUBSTITUTE,100,1998-10-13,2000-11-27,1998,2000,1,776,f,5,400,1988,2014,3,DESCENDING,ENTRY_LEVEL,-35.71,2000-11-01 00:00:00+01,1
0864542495614,Sten,Tolgfors,M,Ledamot,"",Riksdagsorgan,NR,OTHER,350,1998-10-20,2000-10-18,1998,2000,1,729,f,9,900,1994,2013,3,CAREER_PEAK,JUNIOR,,2000-10-01 00:00:00+02,1
0184488075016,Dan,Ericsson,KD,Riksdagsledamot,Tjänstgörande,kammaruppdrag,kam,MP,400,1991-09-30,2000-09-03,1991,2000,3,3261,f,2,600,1991,2000,10,CAREER_PEAK,MID_LEVEL,,2000-09-01 00:00:00+02,1
0594584559201,Johnny,Ahlqvist,S,Ordförande,"",uppdrag,AU,COMMITTEE_CHAIR,600,1994-10-12,2000-07-31,1994,2000,2,2110,f,6,600,1985,2000,7,PEAK_ROLE,SENIOR_LEADERSHIP,83.33,2000-07-01 00:00:00+02,1
0465398691116,Eskil,Erlandsson,C,Ledamot,"",Riksdagsorgan,RFK,OTHER,350,1998-10-13,2000-06-30,1998,2000,1,626,f,5,850,1994,2019,3,ASCENDING,JUNIOR,125.00,2000-06-01 00:00:00+02,1
0860429409414,Désirée,Pethrus,KD,Ledamot,"",uppdrag,SkU,OTHER,350,2000-02-01,2000-05-31,2000,2000,1,120,f,4,400,1999,2021,1,CAREER_PEAK,JUNIOR,250.00,2000-05-01 00:00:00+02,1
0222691314314,Ulf,Kristersson,M,Ledamot,"",uppdrag,SfU,OTHER,350,1994-10-11,2000-04-30,1994,2000,2,2019,f,5,1000,1991,2026,7,DESCENDING,JUNIOR,,2000-04-01 00:00:00+02,1
0771794334400,Marianne,Nilsson,S,Suppleant,"",uppdrag,UU,SUBSTITUTE,100,1998-10-13,2000-03-28,1998,2000,1,532,f,6,400,1994,2002,3,DESCENDING,ENTRY_LEVEL,,2000-03-01 00:00:00+01,1
0133282248705,Helena,Bargholtz,L,Suppleant,"",uppdrag,SfU,SUBSTITUTE,100,1999-10-01,2000-02-15,1999,2000,1,137,f,5,400,1998,2010,2,LATERAL,ENTRY_LEVEL,0.00,2000-02-01 00:00:00+01,1
0841779272604,Ingrid,Näslund,KD,Ledamot,"",uppdrag,EUN,OTHER,350,1998-10-13,2000-01-31,1998,2000,1,475,f,8,400,1991,2000,3,ASCENDING,JUNIOR,83.33,2000-01-01 00:00:00+01,1
02010491012,Bijan,Fahimi,L,Ersättare,Ersättare,kammaruppdrag,kam,SUBSTITUTE,100,1999-11-22,1999-12-28,1999,1999,1,36,f,1,100,1999,1999,1,PEAK_ROLE,ENTRY_LEVEL,,1999-12-01 00:00:00+01,1
0666473608905,Kjell,Dahlström,MP,Suppleant,"",Riksdagsorgan,VPN,SUBSTITUTE,100,1998-12-02,1999-11-16,1998,1999,1,349,f,6,400,1988,1999,2,LATERAL,ENTRY_LEVEL,0.00,1999-11-01 00:00:00+01,1
0558392779801,Ester,Lindstedt-Staaf,KD,Suppleant,"",uppdrag,SfU,SUBSTITUTE,100,1998-10-13,1999-10-18,1998,1999,1,370,f,3,400,1998,2002,2,LATERAL,ENTRY_LEVEL,,1999-10-01 00:00:00+02,1
0738969851001,Karl-Göran,Biörsmark,L,Deputerad,"",uppdrag,UFöU,OTHER,50,1999-03-23,1999-09-13,1999,1999,1,174,f,13,600,1985,2006,1,DESCENDING,ENTRY_LEVEL,-300.00,1999-09-01 00:00:00+02,1
0928800583601,Pierre,Schori,S,Riksdagsledamot,Ledig,kammaruppdrag,kam,MP,400,1994-10-08,1999-06-14,1994,1999,3,1710,f,8,900,1991,1999,6,DESCENDING,MID_LEVEL,,1999-06-01 00:00:00+02,1
0346261747912,Helena,Höij,KD,Suppleant,"",uppdrag,UbU,SUBSTITUTE,100,1998-10-13,1999-05-04,1998,1999,1,203,f,2,400,1998,2010,2,DESCENDING,ENTRY_LEVEL,,1999-05-01 00:00:00+02,1
0997123540801,Agneta,Brendt,S,Ersättare,Ersättare,kammaruppdrag,kam,SUBSTITUTE,100,1995-01-10,1999-04-12,1995,1999,4,1406,f,1,400,1995,2002,5,ASCENDING,ENTRY_LEVEL,,1999-04-01 00:00:00+02,1
0476457225115,Pär Axel,Sahlberg,S,Ersättare,Ersättare,kammaruppdrag,kam,SUBSTITUTE,100,1998-10-05,1999-03-31,1998,1999,2,163,f,5,400,1994,2010,2,LATERAL,ENTRY_LEVEL,0.00,1999-03-01 00:00:00+01,1
043961676409,Roland,Larsson,S,Ledamot,"",uppdrag,LU,OTHER,350,1998-10-13,1999-02-02,1998,1999,1,112,f,2,400,1998,1999,2,DESCENDING,JUNIOR,,1999-02-01 00:00:00+01,1
0384833975200,Bo,Könberg,L,Ledamot,"",uppdrag,KU,COMMITTEE_MEMBER,350,1997-09-16,1999-01-19,1997,1999,2,489,f,6,900,1991,2005,3,DESCENDING,JUNIOR,-25.00,1999-01-01 00:00:00+01,1
0447198048312,Peter,Eriksson,MP,Ledamot,"",uppdrag,FiU,OTHER,350,1998-10-13,1998-12-31,1998,1998,1,79,f,10,900,1994,2020,1,CAREER_PEAK,JUNIOR,,1998-12-01 00:00:00+01,1
0815435847817,Lars-Erik,Lövdén,S,Vice ordförande,"",uppdrag,JuU,COMMITTEE_VICE_CHAIR,550,1986-10-07,1998-11-19,1986,1998,5,4405,f,7,550,1979,2004,13,PEAK_ROLE,MID_LEVEL,,1998-11-01 00:00:00+01,1
0539980182314,Marie,Wilén,C,Riksdagsledamot,Tjänstgörande,kammaruppdrag,kam,MP,400,1994-10-03,1998-10-05,1994,1998,2,1350,f,1,400,1994,1998,5,PEAK_ROLE,MID_LEVEL,,1998-10-01 00:00:00+02,1
0370034713503,Helena,Nilsson,C,Vice ordförande,"",Riksdagsorgan,OSSE,COMMITTEE_VICE_CHAIR,550,1995-01-01,1998-08-31,1995,1998,1,1338,f,8,550,1994,1998,4,PEAK_ROLE,MID_LEVEL,,1998-08-01 00:00:00+02,1
0824721092613,Carina,Moberg,S,Suppleant,"",uppdrag,BoU,SUBSTITUTE,100,1994-10-11,1998-06-03,1994,1998,2,1065,f,2,650,1994,2012,5,DESCENDING,ENTRY_LEVEL,,1998-06-01 00:00:00+02,1
0689455922419,Eva,Thede,MP,Suppleant,"",uppdrag,BoU,SUBSTITUTE,100,1998-04-14,1998-05-06,1998,1998,1,22,f,2,100,1998,1998,1,PEAK_ROLE,ENTRY_LEVEL,,1998-05-01 00:00:00+02,1
0747552775209,Birgitta,Johansson,S,Ledamot,"",Riksdagsorgan,RB,OTHER,350,1989-01-11,1998-04-15,1989,1998,2,3366,f,8,600,1976,1998,10,ASCENDING,JUNIOR,83.33,1998-04-01 00:00:00+02,1
0161018662505,Ragnhild,Pohanka,MP,Riksdagsledamot,Ledig,kammaruppdrag,kam,MP,400,1998-01-23,1998-02-22,1998,1998,1,30,f,8,400,1988,1998,1,PEAK_ROLE,MID_LEVEL,75.00,1998-02-01 00:00:00+01,1
0466882162014,Jörgen,Persson,S,Riksdagsledamot,Ersättare,kammaruppdrag,kam,MP,400,1994-10-08,1998-01-19,1994,1998,1,1199,f,1,400,1994,1998,5,PEAK_ROLE,MID_LEVEL,,1998-01-01 00:00:00+01,1
0626451252310,Mikael,Janson,L,Suppleant,"",uppdrag,NU,SUBSTITUTE,100,1997-10-22,1997-12-19,1997,1997,1,58,f,2,100,1997,2002,1,PEAK_ROLE,ENTRY_LEVEL,,1997-12-01 00:00:00+01,1
0303930476905,Isa,Halvarsson,L,Suppleant,"",uppdrag,EUN,SUBSTITUTE,100,1995-01-01,1997-11-30,1995,1997,1,1064,f,11,400,1988,1998,3,DESCENDING,ENTRY_LEVEL,-250.00,1997-11-01 00:00:00+01,1
0821986001816,Torgny,Danielsson,S,Suppleant,"",uppdrag,SfU,SUBSTITUTE,100,1995-01-26,1997-10-09,1995,1997,1,987,f,3,400,1994,2002,3,DESCENDING,ENTRY_LEVEL,-250.00,1997-10-01 00:00:00+02,1
0906336297511,Marie,Engström,V,Suppleant,"",uppdrag,SoU,SUBSTITUTE,100,1996-09-24,1997-09-23,1996,1997,1,364,f,2,400,1996,2010,2,LATERAL,ENTRY_LEVEL,,1997-09-01 00:00:00+02,1
0512424416400,Inger,Lundberg,S,Suppleant,"",uppdrag,EUN,SUBSTITUTE,100,1996-10-30,1997-06-08,1996,1997,1,221,f,8,400,1991,2006,2,LATERAL,ENTRY_LEVEL,0.00,1997-06-01 00:00:00+02,1
0370034713503,Helena,Nilsson,C,Riksdagsledamot,Ledig,kammaruppdrag,kam,MP,400,1996-03-11,1997-05-31,1996,1997,2,121,f,11,550,1994,1998,2,CAREER_PEAK,MID_LEVEL,,1997-05-01 00:00:00+02,1
0661583406713,Eva,Nordmark,S,Riksdagsledamot,Ledig,kammaruppdrag,kam,MP,400,1996-09-18,1997-04-30,1996,1997,1,224,f,6,850,1995,2022,2,ASCENDING,MID_LEVEL,300.00,1997-04-01 00:00:00+02,1
0717130693403,Bo,Finnkvist,S,Riksdagsledamot,Tjänstgörande,kammaruppdrag,kam,MP,400,1981-03-09,1997-02-16,1981,1997,7,4948,f,1,400,1981,1997,17,PEAK_ROLE,MID_LEVEL,,1997-02-01 00:00:00+01,1
0787533297400,Björn,von Sydow,S,Statsråd,"",Departement,N,MINISTER,900,1996-03-22,1997-01-31,1996,1997,1,315,f,7,900,1994,2018,2,PEAK_ROLE,TOP_LEADERSHIP,800.00,1997-01-01 00:00:00+01,1
0567603564903,Viola,Furubjelke,S,Ledamot,"",Riksdagsorgan,OSSE,OTHER,350,1996-12-13,1996-12-19,1996,1996,1,6,f,15,600,1985,2002,1,LATERAL,JUNIOR,0.00,1996-12-01 00:00:00+01,1
0235331390700,Kristina,Svensson,S,Suppleant,"",uppdrag,KU,SUBSTITUTE,100,1985-09-30,1996-11-08,1985,1996,2,1143,f,1,600,1985,1996,12,ASCENDING,ENTRY_LEVEL,,1996-11-01 00:00:00+01,1
0933523418809,Ingbritt,Irhammar,C,Riksdagsledamot,Tjänstgörande,kammaruppdrag,kam,MP,400,1985-09-30,1996-10-10,1985,1996,5,3607,f,1,400,1985,1998,12,PEAK_ROLE,MID_LEVEL,,1996-10-01 00:00:00+02,1
0703309898919,Charlotta L,Bjälkebring,V,Suppleant,"",uppdrag,SoU,SUBSTITUTE,100,1994-10-11,1996-09-16,1994,1996,1,706,f,2,400,1994,2002,3,DESCENDING,ENTRY_LEVEL,,1996-09-01 00:00:00+02,1
0484493492213,Sofia,Steiner,S,Ersättare,Ersättare,kammaruppdrag,kam,SUBSTITUTE,100,1995-10-03,1996-08-31,1995,1996,2,332,f,1,100,1995,1996,2,PEAK_ROLE,ENTRY_LEVEL,,1996-08-01 00:00:00+02,1
0334042720405,Mats,Hellström,S,Riksdagsledamot,Tjänstgörande,kammaruppdrag,kam,MP,400,1976-10-04,1996-07-31,1976,1996,7,4611,f,1,900,1976,1996,21,CAREER_PEAK,MID_LEVEL,,1996-07-01 00:00:00+02,1
0226234976000,Rolf,Edlund,C,Suppleant,"",uppdrag,MJU,SUBSTITUTE,100,1996-03-12,1996-06-30,1996,1996,1,110,f,3,100,1996,1996,1,PEAK_ROLE,ENTRY_LEVEL,,1996-06-01 00:00:00+02,1
0311892218602,Ingegerd,Sahlström,S,Ledamot,"",Riksdagsorgan,UN,OTHER,350,1994-10-18,1996-05-20,1994,1996,1,580,f,7,400,1988,1999,3,LATERAL,JUNIOR,,1996-05-01 00:00:00+02,1
0145888252000,Axel,Andersson,S,Ledamot,"",uppdrag,UU,OTHER,350,1982-10-04,1996-04-17,1982,1996,5,3568,f,4,400,1976,1998,15,ASCENDING,JUNIOR,41.67,1996-04-01 00:00:00+02,1
0181942435301,Ingela,Thalén,S,Socialminister,"",Departement,S,MINISTER,850,1990-02-27,1996-03-22,1990,1996,3,1647,f,3,900,1987,2004,7,CAREER_PEAK,TOP_LEADERSHIP,225.00,1996-03-01 00:00:00+01,1
0409817272107,Birgitta,Hambraeus,C,Riksdagsledamot,Ledig,kammaruppdrag,kam,MP,400,1988-11-11,1996-02-29,1988,1996,2,62,f,5,400,1976,1998,9,PEAK_ROLE,MID_LEVEL,,1996-02-01 00:00:00+01,1
0525479453308,Börje,Hörnlund,C,Ledamot,"",uppdrag,EUN,OTHER,350,1995-01-01,1996-01-31,1995,1996,1,395,f,6,400,1976,1996,2,CAREER_PEAK,JUNIOR,250.00,1996-01-01 00:00:00+01,1
0972781465305,Ylva,Annerstedt,L,Ledamot,"",Riksdagsorgan,VPN,OTHER,350,1988-11-10,1995-12-20,1988,1995,1,2596,f,4,400,1985,1998,8,LATERAL,JUNIOR,,1995-12-01 00:00:00+01,1
0960030082916,Ann-Kristine,Johansson,S,Suppleant,"",Riksdagsorgan,IPU,SUBSTITUTE,100,1994-12-08,1995-11-21,1994,1995,1,348,f,3,400,1994,2018,2,DESCENDING,ENTRY_LEVEL,,1995-11-01 00:00:00+01,1
0332721987700,Bo,Nilsson,S,Suppleant,"",uppdrag,SoU,SUBSTITUTE,100,1991-10-08,1995-10-10,1991,1995,2,1454,f,6,400,1982,1998,5,DESCENDING,ENTRY_LEVEL,,1995-10-01 00:00:00+01,1
0314386385815,Rune,Backlund,C,Riksdagsledamot,Tjänstgörande,kammaruppdrag,kam,MP,400,1982-10-04,1995-09-30,1982,1995,5,4744,f,1,400,1982,1995,14,PEAK_ROLE,MID_LEVEL,,1995-09-01 00:00:00+02,1
0668587997616,Juan,Fonseca,S,Ersättare,Ersättare,kammaruppdrag,kam,SUBSTITUTE,100,1994-10-08,1995-07-31,1994,1995,1,296,f,1,400,1994,1998,2,ASCENDING,ENTRY_LEVEL,,1995-07-01 00:00:00+02,1
0144891150008,Berit,Oscarsson,S,Suppleant,"",uppdrag,EUN,SUBSTITUTE,100,1995-01-01,1995-06-14,1995,1995,1,164,f,8,400,1980,1998,1,LATERAL,ENTRY_LEVEL,0.00,1995-06-01 00:00:00+02,1
0970500642209,Allan,Larsson,S,Riksdagsledamot,Tjänstgörande,kammaruppdrag,kam,MP,400,1991-10-05,1995-05-14,1991,1995,2,1317,f,2,400,1991,1995,5,PEAK_ROLE,MID_LEVEL,,1995-05-01 00:00:00+02,1
0446973363306,Lennart,Nilsson,S,Suppleant,"",uppdrag,EUN,SUBSTITUTE,100,1995-01-19,1995-04-19,1995,1995,1,90,f,8,550,1976,2006,1,DESCENDING,ENTRY_LEVEL,-250.00,1995-04-01 00:00:00+02,1
018160186302,Margaretha,af Ugglas,M,Ledamot,"",Riksdagsorgan,KD,COMMITTEE_MEMBER,350,1994-10-18,1995-03-15,1994,1995,1,148,f,8,850,1976,2006,2,DESCENDING,JUNIOR,,1995-03-01 00:00:00+01,1
0897304708905,Sinikka,Bohlin,S,Ledamot,"",uppdrag,MJU,OTHER,350,1991-10-08,1995-02-06,1991,1995,2,1208,f,6,600,1988,2010,5,CAREER_PEAK,JUNIOR,,1995-02-01 00:00:00+01,1
0137934715906,Lena,Klevenås,MP,Suppleant,"",uppdrag,UU,SUBSTITUTE,100,1994-10-11,1995-01-18,1994,1995,1,99,f,6,400,1991,1998,2,LATERAL,ENTRY_LEVEL,,1995-01-01 00:00:00+01,1
0195228370311,Andreas,Carlgren,C,Suppleant,"",Riksdagsorgan,ESK,SUBSTITUTE,100,1994-10-18,1994-12-31,1994,1994,1,74,f,4,850,1994,2011,1,DESCENDING,ENTRY_LEVEL,,1994-12-01 00:00:00+01,1
0137934715906,Lena,Klevenås,MP,Suppleant,"",Riksdagsorgan,VB,SUBSTITUTE,100,1994-10-03,1994-11-14,1994,1994,1,42,f,5,400,1991,1998,1,LATERAL,ENTRY_LEVEL,,1994-11-01 00:00:00+01,1
053444143093,Hans,Nyhage,M,Ordförande,"",uppdrag,UbU,COMMITTEE_CHAIR,600,1993-10-07,1994-10-02,1993,1994,1,360,f,3,600,1976,1994,2,PEAK_ROLE,SENIOR_LEADERSHIP,,1994-10-01 00:00:00+01,1
0272248812808,Ian,Wachtmeister,NYD,Suppleant,"",uppdrag,UU,SUBSTITUTE,100,1991-10-15,1994-06-10,1991,1994,1,969,f,3,400,1991,1994,4,DESCENDING,ENTRY_LEVEL,,1994-06-01 00:00:00+02,1
0514532571208,Kjell-Arne,Welin,L,Ersättare,Ersättare,kammaruppdrag,kam,SUBSTITUTE,100,1994-02-07,1994-05-29,1994,1994,1,111,f,5,400,1985,1994,1,LATERAL,ENTRY_LEVEL,,1994-05-01 00:00:00+02,1
0598571445305,Jan,Fransson,S,Riksdagsledamot,Tjänstgörande,kammaruppdrag,kam,MP,400,1979-10-01,1994-04-17,1979,1994,5,5312,f,1,550,1979,1994,16,CAREER_PEAK,MID_LEVEL,,1994-04-01 00:00:00+02,1
0315172621102,Bengt,Ahlquist,L,Suppleant,"",uppdrag,UU,SUBSTITUTE,100,1993-03-09,1994-03-31,1993,1994,2,86,f,2,100,1993,1994,2,PEAK_ROLE,ENTRY_LEVEL,,1994-03-01 00:00:00+01,1
0272248812808,Ian,Wachtmeister,NYD,Ledamot,"",Riksdagsorgan,VB,OTHER,350,1991-09-30,1994-02-24,1991,1994,1,878,f,2,400,1991,1994,4,DESCENDING,JUNIOR,,1994-02-01 00:00:00+01,1
0575287564902,Inger,Hestvik,S,Suppleant,"",uppdrag,UbU,SUBSTITUTE,100,1988-10-11,1994-01-26,1988,1994,2,1932,f,2,400,1982,1994,7,DESCENDING,ENTRY_LEVEL,-50.00,1994-01-01 00:00:00+01,1
0440497495914,Tomas,Högström,M,Suppleant,"",uppdrag,JuU,SUBSTITUTE,100,1993-11-08,1993-12-08,1993,1993,1,30,f,1,400,1993,2006,1,ASCENDING,ENTRY_LEVEL,,1993-12-01 00:00:00+01,1
0908744384705,Barbro,Glansén,V,Suppleant,"",uppdrag,SkU,SUBSTITUTE,100,1993-10-22,1993-11-21,1993,1993,1,30,f,1,100,1993,1993,1,PEAK_ROLE,ENTRY_LEVEL,,1993-11-01 00:00:00+01,1
0477013214601,Carl B,Hamilton,L,Suppleant,"",Riksdagsorgan,EG,SUBSTITUTE,100,1993-01-21,1993-10-20,1993,1993,1,272,f,5,600,1991,2023,1,LATERAL,ENTRY_LEVEL,0.00,1993-10-01 00:00:00+01,1
0379333062002,Kjell,Ericsson,C,Suppleant,"",uppdrag,EU,SUBSTITUTE,100,1992-06-10,1993-06-04,1992,1993,2,718,f,7,400,1988,1998,2,LATERAL,ENTRY_LEVEL,0.00,1993-06-01 00:00:00+02,1
0528100184906,Eivor,Husing,S,Suppleant,"",uppdrag,UU,SUBSTITUTE,100,1993-03-09,1993-05-31,1993,1993,1,83,f,5,350,1988,1993,1,LATERAL,ENTRY_LEVEL,,1993-05-01 00:00:00+02,1
0612453628106,Christer,Windén,NYD,Ledamot,"",uppdrag,MJU,OTHER,350,1991-10-08,1993-04-22,1991,1993,1,562,f,2,400,1991,1994,3,DESCENDING,JUNIOR,,1993-04-01 00:00:00+02,1
0637482737005,Arne,Jansson,NYD,Suppleant,"",uppdrag,SfU,SUBSTITUTE,100,1992-01-16,1993-03-17,1992,1993,1,426,f,6,400,1991,1994,2,LATERAL,ENTRY_LEVEL,,1993-03-01 00:00:00+01,1
0839411947603,Odd,Engström,S,Riksdagsledamot,Tjänstgörande,kammaruppdrag,kam,MP,400,1991-10-05,1993-02-09,1991,1993,1,493,f,2,400,1991,1993,3,PEAK_ROLE,MID_LEVEL,,1993-02-01 00:00:00+01,1
0525247903009,Birger,Rosqvist,S,Riksdagsledamot,Ledig,kammaruppdrag,kam,MP,400,1992-03-17,1993-01-22,1992,1993,3,121,f,2,400,1976,1993,2,PEAK_ROLE,MID_LEVEL,0.00,1993-01-01 00:00:00+01,1
0740062037201,Lars,Petersson,C,Ersättare,Ersättare,kammaruppdrag,kam,SUBSTITUTE,100,1992-11-16,1992-12-18,1992,1992,1,32,f,2,100,1992,1992,1,PEAK_ROLE,ENTRY_LEVEL,,1992-12-01 00:00:00+01,1
0433320766008,Lola,Björkquist,L,Suppleant,"",uppdrag,JuU,SUBSTITUTE,100,1991-10-18,1992-11-16,1991,1992,2,54,f,6,400,1988,1992,2,LATERAL,ENTRY_LEVEL,,1992-11-01 00:00:00+01,1
0911372158609,Barbro,Evermo Palmerlund,S,Suppleant,"",uppdrag,BoU,SUBSTITUTE,100,1988-11-07,1992-10-05,1988,1992,2,1427,f,4,400,1982,1993,5,DESCENDING,ENTRY_LEVEL,,1992-10-01 00:00:00+01,1
0668927708809,Görel,Bohlin,M,Ordförande,"",Riksdagsorgan,VB,COMMITTEE_CHAIR,600,1991-11-22,1992-09-30,1991,1992,1,313,f,4,600,1981,1992,2,PEAK_ROLE,SENIOR_LEADERSHIP,,1992-09-01 00:00:00+02,1
0558681738602,Lars-Ove,Hagberg,V,Riksdagsledamot,Tjänstgörande,kammaruppdrag,kam,MP,400,1976-10-04,1992-08-31,1976,1992,6,5810,f,1,400,1976,1992,17,PEAK_ROLE,MID_LEVEL,,1992-08-01 00:00:00+02,1
0477013214601,Carl B,Hamilton,L,Suppleant,"",uppdrag,LU,SUBSTITUTE,100,1991-10-24,1992-07-01,1991,1992,1,251,f,3,600,1991,2023,2,LATERAL,ENTRY_LEVEL,,1992-07-01 00:00:00+02,1
0139582082909,Charlotte,Branting,L,Ledamot,"",uppdrag,KrU,COMMITTEE_MEMBER,350,1991-10-08,1992-06-30,1991,1992,1,266,f,2,550,1985,1994,2,DESCENDING,JUNIOR,-8.33,1992-06-01 00:00:00+02,1
0634917636517,Margareta,Israelsson,S,Riksdagsledamot,Ledig,kammaruppdrag,kam,MP,400,1991-10-05,1992-05-22,1991,1992,2,164,f,6,400,1982,2010,2,PEAK_ROLE,MID_LEVEL,100.00,1992-05-01 00:00:00+02,1
0334042720405,Mats,Hellström,S,Ledamot,"",Riksdagsorgan,ER,OTHER,350,1991-11-20,1992-04-08,1991,1992,1,140,f,10,900,1976,1996,2,ASCENDING,JUNIOR,,1992-04-01 00:00:00+02,1
0322353141309,Ulf,Eriksson,NYD,Suppleant,"",uppdrag,FiU,SUBSTITUTE,100,1991-10-08,1992-03-22,1991,1992,1,166,f,3,400,1991,1994,2,LATERAL,ENTRY_LEVEL,,1992-03-01 00:00:00+01,1
0529963707818,Martin,Nilsson,S,Suppleant,"",uppdrag,SfU,SUBSTITUTE,100,1992-01-10,1992-02-22,1992,1992,1,43,f,4,400,1991,2006,1,LATERAL,ENTRY_LEVEL,,1992-02-01 00:00:00+01,1
0173299755202,Ingegerd,Elm,S,Suppleant,"",uppdrag,SkU,SUBSTITUTE,100,1988-11-07,1992-01-20,1988,1992,2,1168,f,2,400,1979,1992,5,DESCENDING,ENTRY_LEVEL,-33.33,1992-01-01 00:00:00+01,1
0637482737005,Arne,Jansson,NYD,Suppleant,"",uppdrag,UU,SUBSTITUTE,100,1991-11-08,1991-12-09,1991,1991,1,31,f,3,400,1991,1994,1,LATERAL,ENTRY_LEVEL,,1991-12-01 00:00:00+01,1
0748447264503,Margit,Gennser,M,Riksdagsledamot,Ledig,kammaruppdrag,kam,MP,400,1991-10-15,1991-11-17,1991,1991,1,33,f,5,400,1982,2002,1,PEAK_ROLE,MID_LEVEL,16.67,1991-11-01 00:00:00+01,1
037063714405,Anders,Björck,M,Ledamot,"",Riksdagsorgan,VB,OTHER,350,1982-10-04,1991-10-03,1982,1991,1,3286,f,3,850,1976,2002,10,LATERAL,JUNIOR,0.00,1991-10-01 00:00:00+01,1
0503986647505,Aina,Westin,S,Riksdagsledamot,Tjänstgörande,kammaruppdrag,kam,MP,400,1982-10-04,1991-09-30,1982,1991,3,3283,f,1,400,1982,1991,10,PEAK_ROLE,MID_LEVEL,,1991-09-01 00:00:00+02,1
0112898942202,Anne-Marie,von Essen,M,Suppleant,"",uppdrag,AU,SUBSTITUTE,100,1991-04-19,1991-06-02,1991,1991,1,44,f,1,100,1991,1991,1,PEAK_ROLE,ENTRY_LEVEL,,1991-06-01 00:00:00+02,1
0200943027702,Rosa-Lill,Wåhlstedt,S,Suppleant,"",uppdrag,KU,SUBSTITUTE,100,1988-10-11,1991-05-26,1988,1991,1,957,f,2,400,1988,1991,4,DESCENDING,ENTRY_LEVEL,,1991-05-01 00:00:00+02,1
0213691891904,Bo,Toresson,S,Riksdagsledamot,Tjänstgörande,kammaruppdrag,kam,MP,400,1991-01-01,1991-01-10,1991,1991,1,9,f,2,400,1991,1991,1,PEAK_ROLE,MID_LEVEL,,1991-01-01 00:00:00+01,1
0392711595808,Conny,Fredriksson,S,Suppleant,"",uppdrag,KU,SUBSTITUTE,100,1990-11-12,1990-12-12,1990,1990,1,30,f,1,100,1990,1990,1,PEAK_ROLE,ENTRY_LEVEL,,1990-12-01 00:00:00+01,1
0207544889903,Eva,Rydén,C,Suppleant,"",uppdrag,TU,SUBSTITUTE,100,1988-10-13,1990-11-12,1988,1990,2,63,f,2,400,1987,1990,3,DESCENDING,ENTRY_LEVEL,-300.00,1990-11-01 00:00:00+01,1
0144653147601,Inger,Schörling,MP,Suppleant,"",uppdrag,LU,SUBSTITUTE,100,1989-03-17,1990-10-03,1989,1990,1,565,f,5,400,1988,1991,2,LATERAL,ENTRY_LEVEL,0.00,1990-10-01 00:00:00+01,1
0558681738602,Lars-Ove,Hagberg,V,Suppleant,"",uppdrag,AU,SUBSTITUTE,100,1989-10-04,1990-09-29,1989,1990,1,360,f,4,400,1976,1992,2,DESCENDING,ENTRY_LEVEL,,1990-09-01 00:00:00+02,1
0968100864203,Ingemar,Eliasson,L,Riksdagsledamot,Tjänstgörande,kammaruppdrag,kam,MP,400,1982-10-04,1990-06-30,1982,1990,3,2826,f,1,400,1982,1990,9,PEAK_ROLE,MID_LEVEL,,1990-06-01 00:00:00+02,1
0505599928316,Carl Fredrik,Graf,M,Suppleant,"",uppdrag,LU,SUBSTITUTE,100,1990-03-19,1990-05-13,1990,1990,1,55,f,3,550,1990,2002,1,LATERAL,ENTRY_LEVEL,,1990-05-01 00:00:00+02,1
0389619060499,Gösta,Bohman,M,Riksdagsledamot,Ledig,kammaruppdrag,kam,MP,400,1986-04-28,1990-04-19,1986,1990,3,106,f,2,400,1976,1991,5,PEAK_ROLE,MID_LEVEL,0.00,1990-04-01 00:00:00+02,1
0393820702706,John,Rignell,M,Ersättare,Ersättare,kammaruppdrag,kam,SUBSTITUTE,100,1990-02-12,1990-03-23,1990,1990,1,39,f,1,100,1990,1990,1,PEAK_ROLE,ENTRY_LEVEL,,1990-03-01 00:00:00+01,1
0898090064906,Sven-Erik,Alkemark,S,Riksdagsledamot,Tjänstgörande,kammaruppdrag,kam,MP,400,1988-10-03,1990-02-16,1988,1990,1,501,f,2,400,1985,1990,3,PEAK_ROLE,MID_LEVEL,100.00,1990-02-01 00:00:00+01,1
0806338394516,Mona,Sahlin,S,Suppleant,"",uppdrag,KU,SUBSTITUTE,100,1984-10-02,1990-01-12,1984,1990,3,1926,f,3,900,1982,2011,7,DESCENDING,ENTRY_LEVEL,-300.00,1990-01-01 00:00:00+01,1
0633602773606,Christer,Häll,S,Suppleant,"",uppdrag,UbU,SUBSTITUTE,100,1989-11-13,1989-12-13,1989,1989,1,30,f,2,100,1989,1989,1,PEAK_ROLE,ENTRY_LEVEL,,1989-12-01 00:00:00+01,1
0477654100492,Anna,Horn af Rantzien,MP,Riksdagsledamot,Ledig,kammaruppdrag,kam,MP,400,1989-10-14,1989-11-14,1989,1989,1,31,f,4,400,1988,1991,1,PEAK_ROLE,MID_LEVEL,300.00,1989-11-01 00:00:00+01,1
0236004923301,Gudrun,Schyman,-,Suppleant,"",uppdrag,NU,SUBSTITUTE,100,1988-11-23,1989-10-04,1988,1989,1,315,f,3,400,1988,2006,2,DESCENDING,ENTRY_LEVEL,,1989-10-01 00:00:00+01,1
0987224899103,Birger,Schlaug,MP,Suppleant,"",uppdrag,SoU,SUBSTITUTE,100,1988-11-11,1989-09-30,1988,1989,1,323,f,6,400,1988,2001,2,LATERAL,ENTRY_LEVEL,,1989-09-01 00:00:00+02,1
0245320188502,Lars,Tobisson,M,Ledamot,"",Riksdagsorgan,RGK,OTHER,350,1982-10-04,1989-06-30,1982,1989,1,2461,f,3,600,1979,2002,8,DESCENDING,JUNIOR,-16.67,1989-06-01 00:00:00+02,1
0475759968705,Rune,Thorén,C,Ledamot,"",uppdrag,BoU,OTHER,350,1988-10-11,1989-05-22,1988,1989,1,223,f,2,400,1985,1994,2,DESCENDING,JUNIOR,-16.67,1989-05-01 00:00:00+02,1
0707426886411,My,Gillberg,MP,Suppleant,"",uppdrag,SfU,SUBSTITUTE,100,1989-01-26,1989-04-03,1989,1989,1,67,f,2,100,1989,1989,1,PEAK_ROLE,ENTRY_LEVEL,,1989-04-01 00:00:00+02,1
0918472842401,Marita,Bengtsson,S,Suppleant,"",uppdrag,FiU,SUBSTITUTE,100,1988-10-11,1989-03-06,1988,1989,1,146,f,2,400,1985,1989,2,DESCENDING,ENTRY_LEVEL,-100.00,1989-03-01 00:00:00+01,1
0794602231002,Åke,Gustavsson,S,Suppleant,"",uppdrag,UU,SUBSTITUTE,100,1982-10-04,1989-02-06,1982,1989,3,2315,f,3,600,1976,2002,8,DESCENDING,ENTRY_LEVEL,-150.00,1989-02-01 00:00:00+01,1
0978492597607,Gerd,Engman,S,Suppleant,"",uppdrag,TU,SUBSTITUTE,100,1988-10-11,1989-01-10,1988,1989,1,91,f,3,350,1983,1989,2,DESCENDING,ENTRY_LEVEL,,1989-01-01 00:00:00+01,1
0490704966896,Lars,De Geer,L,Riksdagsledamot,Ledig,kammaruppdrag,kam,MP,400,1988-11-15,1988-12-14,1988,1988,1,29,f,4,400,1985,1991,1,PEAK_ROLE,MID_LEVEL,,1988-12-01 00:00:00+01,1
0120834418997,Gertrud,Sigurdsen,S,Riksdagsledamot,Ledig,kammaruppdrag,kam,MP,400,1983-01-13,1988-11-07,1983,1988,3,1724,f,2,400,1982,1991,6,PEAK_ROLE,MID_LEVEL,0.00,1988-11-01 00:00:00+01,1
0513164929896,Hans,Pettersson,S,Riksdagsledamot,Tjänstgörande,kammaruppdrag,kam,MP,400,1976-10-04,1988-10-03,1976,1988,4,4382,f,1,400,1976,1988,13,PEAK_ROLE,MID_LEVEL,,1988-10-01 00:00:00+01,1
0242784896493,Jörgen,Weibull,L,Ersättare,Ersättare,kammaruppdrag,kam,SUBSTITUTE,100,1988-06-06,1988-07-05,1988,1988,1,29,f,1,100,1988,1988,1,PEAK_ROLE,ENTRY_LEVEL,,1988-07-01 00:00:00+02,1
040421445103,Ulf,Adelsohn,M,Riksdagsledamot,Ledig,kammaruppdrag,kam,MP,400,1987-04-29,1988-06-07,1987,1988,3,97,f,4,600,1982,1988,2,LATERAL,MID_LEVEL,0.00,1988-06-01 00:00:00+02,1
0479355987014,Christina,Pettersson,S,Suppleant,"",uppdrag,KU,SUBSTITUTE,100,1988-02-01,1988-05-30,1988,1988,1,119,f,2,400,1986,2002,1,LATERAL,ENTRY_LEVEL,0.00,1988-05-01 00:00:00+02,1
060225811106,Karl Erik,Eriksson,L,Riksdagsledamot,Tjänstgörande,kammaruppdrag,kam,MP,400,1976-10-04,1988-04-04,1976,1988,4,4200,f,1,400,1976,1988,13,PEAK_ROLE,MID_LEVEL,,1988-04-01 00:00:00+02,1
0739780276601,Alf,Svensson,KD,Riksdagsledamot,Ledig,kammaruppdrag,kam,MP,400,1988-02-01,1988-03-01,1988,1988,1,29,f,5,900,1985,2014,1,ASCENDING,MID_LEVEL,100.00,1988-03-01 00:00:00+01,1
0231363411995,Vivi,Niva,V,Suppleant,"",uppdrag,SkU,SUBSTITUTE,100,1988-02-08,1988-02-29,1988,1988,1,21,f,4,350,1988,1991,1,LATERAL,ENTRY_LEVEL,,1988-02-01 00:00:00+01,1
0134750372407,Gunvor,Norberg,C,Ersättare,Ersättare,kammaruppdrag,kam,SUBSTITUTE,100,1987-11-13,1987-12-13,1987,1987,1,30,f,1,100,1987,1987,1,PEAK_ROLE,ENTRY_LEVEL,,1987-12-01 00:00:00+01,1
0321680964806,Sivert,Carlsson,C,Ersättare,Ersättare,kammaruppdrag,kam,SUBSTITUTE,100,1987-10-14,1987-11-16,1987,1987,1,33,f,1,400,1987,1998,1,ASCENDING,ENTRY_LEVEL,,1987-11-01 00:00:00+01,1
0283853469394,Sten Sture,Paterson,M,Riksdagsledamot,Tjänstgörande,kammaruppdrag,kam,MP,400,1979-10-01,1987-10-06,1979,1987,3,2927,f,1,400,1979,1987,9,PEAK_ROLE,MID_LEVEL,,1987-10-01 00:00:00+01,1
0153923606405,Charlotte,Cederschiöld,M,Ersättare,Ersättare,kammaruppdrag,kam,SUBSTITUTE,100,1987-04-29,1987-06-02,1987,1987,1,34,f,1,400,1987,2009,1,ASCENDING,ENTRY_LEVEL,,1987-06-01 00:00:00+02,1
0611699417309,Gösta,Andersson,C,Riksdagsledamot,Ledig,kammaruppdrag,kam,MP,400,1986-11-11,1986-12-13,1986,1986,1,32,f,2,400,1976,1988,1,PEAK_ROLE,MID_LEVEL,0.00,1986-12-01 00:00:00+01,1
0794602231002,Åke,Gustavsson,S,Riksdagsledamot,Ledig,kammaruppdrag,kam,MP,400,1980-05-12,1986-11-14,1980,1986,3,244,f,2,600,1976,2002,7,LATERAL,MID_LEVEL,0.00,1986-11-01 00:00:00+01,1
0201502585302,Anne,Wibble,L,Suppleant,"",uppdrag,FiU,SUBSTITUTE,100,1985-09-30,1986-10-07,1985,1986,1,372,f,1,850,1985,1997,2,ASCENDING,ENTRY_LEVEL,,1986-10-01 00:00:00+01,1
0168437688801,Bo,Södersten,S,Riksdagsledamot,Ledig,kammaruppdrag,kam,MP,400,1985-11-18,1985-12-18,1985,1985,1,30,f,2,400,1979,1989,1,PEAK_ROLE,MID_LEVEL,0.00,1985-12-01 00:00:00+01,1
0504070018507,Emmanuel,Morfiadakis,"",Ersättare,Ersättare,kammaruppdrag,kam,SUBSTITUTE,100,1985-10-15,1985-11-15,1985,1985,1,31,f,1,100,1985,1985,1,PEAK_ROLE,ENTRY_LEVEL,,1985-11-01 00:00:00+01,1
0719430958705,Inga-Britt,Johansson,S,Suppleant,"",uppdrag,MJU,SUBSTITUTE,100,1983-10-04,1985-09-29,1983,1985,1,726,f,5,550,1980,1998,3,DESCENDING,ENTRY_LEVEL,-300.00,1985-09-01 00:00:00+02,1
0552300917200,Torgny,Larsson,S,Ersättare,Ersättare,kammaruppdrag,kam,SUBSTITUTE,100,1984-11-19,1984-12-19,1984,1984,1,30,f,1,400,1984,1994,1,ASCENDING,ENTRY_LEVEL,,1984-12-01 00:00:00+01,1
0353689520405,Sverre,Palm,S,Ersättare,Ersättare,kammaruppdrag,kam,SUBSTITUTE,100,1979-11-16,1984-11-16,1979,1984,5,154,f,1,400,1979,1998,6,ASCENDING,ENTRY_LEVEL,,1984-11-01 00:00:00+01,1
0954999878706,Kenth,Skårvik,L,Suppleant,"",uppdrag,FiU,SUBSTITUTE,100,1983-10-04,1984-10-02,1983,1984,1,364,f,4,400,1982,2002,2,DESCENDING,ENTRY_LEVEL,-300.00,1984-10-01 00:00:00+01,1
0814703093208,Lennart,Holmsten,S,Ersättare,Ersättare,kammaruppdrag,kam,SUBSTITUTE,100,1984-05-08,1984-06-08,1984,1984,1,31,f,1,400,1984,1988,1,ASCENDING,ENTRY_LEVEL,,1984-06-01 00:00:00+02,1
0993103818993,Lena,Lundblad,"",Ersättare,Ersättare,kammaruppdrag,kam,SUBSTITUTE,100,1983-11-18,1983-12-20,1983,1983,1,32,f,1,100,1983,1983,1,PEAK_ROLE,ENTRY_LEVEL,,1983-12-01 00:00:00+01,1
0157778896604,Iris,Mårtensson,S,Riksdagsledamot,Ledig,kammaruppdrag,kam,MP,400,1983-10-04,1983-11-15,1983,1983,1,42,f,2,400,1976,1991,1,PEAK_ROLE,MID_LEVEL,0.00,1983-11-01 00:00:00+01,1
0334042720405,Mats,Hellström,S,Ledamot,"",Riksdagsorgan,UN,OTHER,350,1982-10-04,1983-10-04,1982,1983,1,365,f,2,900,1976,1996,2,DESCENDING,JUNIOR,-8.33,1983-10-01 00:00:00+01,1
0531431759204,Anders,Svärd,C,Riksdagsledamot,Ledig,kammaruppdrag,kam,MP,400,1983-03-01,1983-04-09,1983,1983,1,39,f,4,400,1982,1998,1,PEAK_ROLE,MID_LEVEL,0.00,1983-04-01 00:00:00+02,1
0600369882602,Ulf,Lönnqvist,S,Ersättare,Ersättare,kammaruppdrag,kam,SUBSTITUTE,100,1982-10-08,1983-02-28,1982,1983,1,143,f,1,400,1982,1992,2,ASCENDING,ENTRY_LEVEL,,1983-02-01 00:00:00+01,1
0552112259207,Bosse,Ringholm,S,Statsrådsersättare,Ersättare,kammaruppdrag,kam,OTHER,50,1982-10-11,1982-12-31,1982,1982,1,81,f,2,900,1976,2014,1,DESCENDING,ENTRY_LEVEL,-8.33,1982-12-01 00:00:00+01,1
0124891175903,Christer,Nilsson,S,Riksdagsledamot,Ledig,kammaruppdrag,kam,MP,400,1982-10-15,1982-11-14,1982,1982,1,30,f,2,400,1976,1988,1,PEAK_ROLE,MID_LEVEL,0.00,1982-11-01 00:00:00+01,1
0532121969806,Anita,Persson,S,Suppleant,"",uppdrag,SoU,SUBSTITUTE,100,1979-10-01,1982-10-02,1979,1982,1,1097,f,2,550,1979,1998,4,DESCENDING,ENTRY_LEVEL,,1982-10-01 00:00:00+01,1
0254461538904,Anita,Modin,S,Ersättare,Ersättare,kammaruppdrag,kam,SUBSTITUTE,100,1981-05-01,1982-06-12,1981,1982,2,143,f,1,400,1981,1992,2,ASCENDING,ENTRY_LEVEL,,1982-06-01 00:00:00+02,1
0688961392304,Ingrid,Andersson,S,Ersättare,Ersättare,kammaruppdrag,kam,SUBSTITUTE,100,1979-10-17,1981-12-17,1979,1981,3,97,f,1,550,1979,1998,3,ASCENDING,ENTRY_LEVEL,,1981-12-01 00:00:00+01,1
0719430958705,Inga-Britt,Johansson,S,Ersättare,Ersättare,kammaruppdrag,kam,SUBSTITUTE,100,1980-11-20,1981-11-15,1980,1981,2,62,f,1,550,1980,1998,2,ASCENDING,ENTRY_LEVEL,,1981-11-01 00:00:00+01,1
0263142725304,Karin,Israelsson,C,Suppleant,"",uppdrag,KrU,SUBSTITUTE,100,1979-10-01,1981-10-06,1979,1981,1,736,f,2,400,1979,1998,3,DESCENDING,ENTRY_LEVEL,,1981-10-01 00:00:00+01,1
0658894113791,Filip,Fridolfsson,M,Ersättare,Ersättare,kammaruppdrag,kam,SUBSTITUTE,100,1979-11-05,1981-05-05,1979,1981,2,545,f,1,400,1979,1994,3,ASCENDING,ENTRY_LEVEL,,1981-05-01 00:00:00+02,1
0689652394598,Eric,Enlund,"",Riksdagsledamot,Ledig,kammaruppdrag,kam,MP,400,1980-10-07,1980-11-06,1980,1980,1,30,f,2,400,1979,1982,1,PEAK_ROLE,MID_LEVEL,0.00,1980-11-01 00:00:00+01,1
0277100069203,Knut,Billing,M,Suppleant,"",uppdrag,SfU,SUBSTITUTE,100,1979-10-01,1980-10-07,1979,1980,1,372,f,2,600,1979,2002,2,DESCENDING,ENTRY_LEVEL,,1980-10-01 00:00:00+01,1
0972391843904,Carl,Tham,S,Ersättare,Ersättare,kammaruppdrag,kam,SUBSTITUTE,100,1978-03-07,1980-08-31,1978,1980,2,531,f,1,850,1978,1998,3,ASCENDING,ENTRY_LEVEL,,1980-08-01 00:00:00+02,1
0815435847817,Lars-Erik,Lövdén,S,Ersättare,Ersättare,kammaruppdrag,kam,SUBSTITUTE,100,1979-10-23,1979-12-31,1979,1979,2,66,f,1,550,1979,2004,1,ASCENDING,ENTRY_LEVEL,,1979-12-01 00:00:00+01,1
0319345085107,Grethe,Lundblad,S,Riksdagsledamot,Ledig,kammaruppdrag,kam,MP,400,1979-10-23,1979-11-25,1979,1979,1,33,f,2,400,1976,1991,1,PEAK_ROLE,MID_LEVEL,0.00,1979-11-01 00:00:00+01,1
0595189953892,Henry,Allard,S,Riksdagsledamot,Ledig,kammaruppdrag,kam,MP,400,1971-01-11,1979-10-01,1971,1979,3,3185,f,1,800,1971,1979,9,ASCENDING,MID_LEVEL,,1979-10-01 00:00:00+01,1
0537484650407,Bo,Lundgren,M,Suppleant,"",uppdrag,KU,SUBSTITUTE,100,1978-10-03,1979-09-30,1978,1979,1,362,f,3,900,1976,2004,2,LATERAL,ENTRY_LEVEL,0.00,1979-09-01 00:00:00+01,1
031005479013,Per,Westerberg,M,Ersättare,Ersättare,kammaruppdrag,kam,SUBSTITUTE,100,1977-03-01,1978-12-05,1977,1978,3,99,f,1,850,1977,2014,2,ASCENDING,ENTRY_LEVEL,,1978-12-01 00:00:00+01,1
0253781616009,Torsten,Sandberg,"",Ersättare,Ersättare,kammaruppdrag,kam,SUBSTITUTE,100,1976-10-08,1978-10-18,1976,1978,1,740,f,1,100,1976,1978,3,PEAK_ROLE,ENTRY_LEVEL,,1978-10-01 00:00:00+01,1
0868028415991,Gunnar,Lange,"",Riksdagsledamot,Tjänstgörande,kammaruppdrag,kam,MP,400,1973-01-10,1976-10-04,1973,1976,3,1256,f,1,400,1973,1976,4,PEAK_ROLE,MID_LEVEL,,1976-10-01 00:00:00+01,1
0552112259207,Bosse,Ringholm,S,Ersättare,Ersättare,kammaruppdrag,kam,SUBSTITUTE,100,1976-05-03,1976-06-04,1976,1976,1,32,f,1,900,1976,2014,1,CAREER_PEAK,ENTRY_LEVEL,,1976-06-01 00:00:00+01,1
0868028415991,Gunnar,Lange,"",Riksdagsledamot,Ledig,kammaruppdrag,kam,MP,400,1974-10-21,1975-03-16,1974,1975,2,103,f,2,400,1973,1976,2,PEAK_ROLE,MID_LEVEL,0.00,1975-03-01 00:00:00+01,1
