embedded_id_vote_date,embedded_id_party,number_ballots,avg_born_year,avg_percentage_yes,avg_percentage_no,avg_percentage_absent,avg_percentage_abstain,avg_percentage_male,total_votes,yes_votes,no_votes,abstain_votes,absent_votes,party_total_votes,party_yes_votes,party_no_votes,party_abstain_votes,party_absent_votes,party_avg_born_year,party_avg_percentage_male,party_percentage_yes,party_percentage_no,party_percentage_abstain,party_percentage_absent,party_won_total,party_won_percentage,approved_total,approved_percentage,percentage_yes,percentage_no,percentage_abstain,percentage_absent,avg_percentage_approved
2024-04-08,MP,22,1975,57.69,16.89,15.25,10.19,52.44,7678,4370,1336,813,1159,396,145,65,76,110,1978,33.33,36.62,16.41,19.19,27.78,11,50.00,22,100.00,56.92,17.40,10.59,15.10,100.00
2022-02-28,-,32,1973,71.44,10.82,15.21,2.54,53.58,11168,7058,1921,400,1789,32,24,7,1,0,1970,0.00,75.00,21.88,3.13,0.00,23,71.88,31,96.88,63.20,17.20,3.58,16.02,98.39
2013-06-10,L,5,1963,54.66,31.63,10.78,2.94,56.45,1745,1061,469,34,181,120,93,0,0,27,1960,54.17,77.50,0.00,0.00,22.50,5,100.00,5,100.00,60.80,26.88,1.95,10.37,100.00
2013-02-11,MP,32,1963,58.48,21.69,13.42,6.42,56.53,11168,7233,1989,598,1348,800,358,170,169,103,1964,56.00,44.75,21.25,21.13,12.88,17,53.13,32,100.00,64.77,17.81,5.35,12.07,100.00
2010-04-05,M,4,1959,45.77,29.73,23.35,1.15,53.01,1396,639,415,16,326,384,326,0,0,58,1960,57.29,84.90,0.00,0.00,15.10,4,100.00,4,100.00,45.77,29.73,1.15,23.35,100.00
2010-03-08,C,17,1959,43.74,35.77,19.28,1.21,53.01,5933,2689,1997,93,1154,493,365,0,0,128,1957,58.62,74.04,0.00,0.00,25.96,17,100.00,17,100.00,45.32,33.66,1.57,19.45,100.00
2016-02-22,MP,1,1969,38.11,32.66,18.34,10.89,55.30,349,133,114,38,64,25,23,0,0,2,1968,48.00,92.00,0.00,0.00,8.00,1,100.00,1,100.00,38.11,32.66,10.89,18.34,100.00
2009-05-11,C,8,1959,51.91,31.40,16.69,0.00,52.44,2792,1443,874,0,475,232,187,0,0,45,1957,58.62,80.60,0.00,0.00,19.40,8,100.00,8,100.00,51.68,31.30,0.00,17.01,100.00
2002-10-14,MP,2,1954,75.50,13.90,10.60,0.00,54.44,698,527,97,0,74,34,32,0,0,2,1955,47.06,94.12,0.00,0.00,5.88,2,100.00,2,100.00,75.50,13.90,0.00,10.60,100.00
2008-06-02,C,11,1958,59.65,19.75,17.19,3.41,53.30,3839,2036,1037,143,623,319,246,0,0,73,1956,58.62,77.12,0.00,0.00,22.88,11,100.00,11,100.00,53.03,27.01,3.72,16.23,100.00
2004-02-02,V,1,1954,53.30,26.36,19.20,1.15,55.01,349,186,92,4,67,30,20,0,2,8,1953,50.00,66.67,0.00,6.67,26.67,1,100.00,1,100.00,53.30,26.36,1.15,19.20,100.00
2014-12-15,M,11,1969,65.33,13.58,11.05,10.04,55.59,3839,2488,498,414,439,924,823,0,1,100,1967,51.19,89.07,0.00,0.11,10.82,11,100.00,11,100.00,64.81,12.97,10.78,11.44,100.00
2025-10-20,SD,14,1975,59.76,19.51,13.47,7.27,55.01,4886,2920,953,355,658,1008,882,0,0,126,1976,75.00,87.50,0.00,0.00,12.50,14,100.00,14,100.00,59.76,19.50,7.27,13.47,100.00
2014-12-15,S,11,1969,65.33,13.58,11.05,10.04,55.59,3839,2488,498,414,439,1243,706,107,298,132,1968,49.56,56.80,8.61,23.97,10.62,8,72.73,11,100.00,64.81,12.97,10.78,11.44,100.00
2007-02-19,M,19,1958,63.30,15.91,16.45,4.34,52.15,6631,4178,1062,193,1198,1843,1580,0,0,263,1959,57.73,85.73,0.00,0.00,14.27,19,100.00,19,100.00,63.01,16.02,2.91,18.07,100.00
2023-02-13,M,2,1975,58.89,11.90,14.47,14.76,52.44,698,411,83,103,101,136,118,0,0,18,1976,50.00,86.76,0.00,0.00,13.24,2,100.00,2,100.00,58.88,11.89,14.76,14.47,100.00
2018-03-12,C,8,1970,68.62,15.11,13.79,2.47,54.44,2792,1916,422,69,385,176,54,55,35,32,1967,63.64,30.68,31.25,19.89,18.18,3,37.50,8,100.00,68.62,15.11,2.47,13.79,100.00
2018-04-09,S,20,1970,63.92,13.30,17.41,5.38,54.44,6980,4458,924,381,1217,2260,1915,4,3,338,1969,47.79,84.73,0.18,0.13,14.96,20,100.00,20,100.00,63.87,13.24,5.46,17.44,100.00
2008-04-07,MP,14,1958,49.72,30.14,18.65,1.50,53.30,4886,2456,1491,66,873,266,56,134,13,63,1964,57.89,21.05,50.38,4.89,23.68,4,28.57,14,100.00,50.27,30.52,1.35,17.87,100.00
2018-03-12,V,8,1970,68.62,15.11,13.79,2.47,54.44,2792,1916,422,69,385,168,72,54,18,24,1972,38.10,42.86,32.14,10.71,14.29,4,50.00,8,100.00,68.62,15.11,2.47,13.79,100.00
2021-03-01,M,21,1973,11.12,2.69,83.99,2.20,52.72,7329,814,198,161,6156,1470,143,64,22,1241,1972,47.14,9.73,4.35,1.50,84.42,12,57.14,20,95.24,11.11,2.70,2.20,84.00,95.00
2006-03-20,MP,31,1954,54.32,20.39,20.63,4.66,54.44,10819,5922,2222,484,2191,527,153,196,55,123,1958,52.94,29.03,37.19,10.44,23.34,16,51.61,28,90.32,54.74,20.54,4.47,20.25,93.18
2008-12-15,KD,3,1959,44.13,35.18,15.69,5.02,53.30,1047,474,386,35,152,72,59,0,0,13,1953,52.09,81.94,0.00,0.00,18.06,3,100.00,3,100.00,45.27,36.87,3.34,14.52,100.00
2018-12-03,C,2,1973,69.20,17.48,7.16,6.16,53.30,698,483,122,43,50,62,58,0,0,4,1973,61.29,93.55,0.00,0.00,6.45,2,100.00,2,100.00,69.20,17.48,6.16,7.16,100.00
2003-03-24,C,32,1954,56.31,24.50,15.63,3.56,54.47,11168,6356,2688,366,1758,704,195,369,58,82,1955,50.24,27.70,52.41,8.24,11.65,12,37.50,31,96.88,56.91,24.07,3.28,15.74,97.37
2024-12-02,M,5,1975,60.46,16.90,15.53,7.11,54.73,1745,1055,295,124,271,340,300,0,0,40,1976,51.47,88.24,0.00,0.00,11.76,5,100.00,5,100.00,60.46,16.91,7.11,15.53,100.00
2014-03-03,V,32,1963,63.90,15.94,14.12,6.05,57.02,11168,7328,1667,633,1540,608,193,278,86,51,1961,47.37,31.74,45.72,14.14,8.39,13,40.63,32,100.00,65.62,14.93,5.67,13.79,100.00
2011-01-17,S,12,1963,69.63,15.52,14.85,0.00,54.44,4188,2916,650,0,622,1344,743,371,0,230,1962,52.68,55.28,27.60,0.00,17.11,8,66.67,12,100.00,69.63,15.52,0.00,14.85,100.00
2023-03-06,MP,23,1975,58.63,18.14,13.94,9.32,53.01,8027,4708,1423,759,1137,414,179,61,105,69,1976,33.33,43.24,14.73,25.36,16.67,12,52.17,22,95.65,58.65,17.73,9.46,14.16,97.22
2014-04-28,C,8,1963,73.06,16.01,10.93,0.00,56.73,2792,2040,447,0,305,184,144,0,0,40,1964,65.22,78.26,0.00,0.00,21.74,8,100.00,8,100.00,73.07,16.01,0.00,10.92,100.00
2013-02-25,KD,22,1963,61.69,17.59,12.79,7.94,56.60,7678,5039,1140,550,949,418,378,0,0,40,1961,57.89,90.43,0.00,0.00,9.57,22,100.00,22,100.00,65.63,14.85,7.16,12.36,100.00
2021-05-17,C,22,1973,11.13,4.61,84.10,0.17,53.01,7678,791,395,25,6467,682,85,25,0,572,1973,61.29,12.46,3.67,0.00,83.87,22,100.00,17,77.27,10.30,5.14,0.33,84.23,88.10
2002-11-18,S,4,1954,55.59,23.21,10.99,10.22,54.73,1396,826,218,214,138,576,533,0,0,43,1954,52.08,92.53,0.00,0.00,7.47,4,100.00,4,100.00,59.17,15.62,15.33,9.89,100.00
2016-11-28,V,9,1969,61.95,23.91,12.53,1.62,54.44,3141,1971,732,45,393,189,122,35,0,32,1970,42.86,64.55,18.52,0.00,16.93,7,77.78,9,100.00,62.75,23.30,1.43,12.51,100.00
2021-03-08,MP,14,1973,11.85,2.19,84.24,1.72,52.72,4886,579,107,84,4116,224,42,0,0,182,1978,25.00,18.75,0.00,0.00,81.25,14,100.00,14,100.00,11.85,2.19,1.72,84.24,100.00
2011-06-13,KD,14,1963,64.23,15.17,13.08,7.53,54.71,4886,3361,628,250,647,266,222,0,0,44,1961,57.89,83.46,0.00,0.00,16.54,14,100.00,14,100.00,68.79,12.85,5.12,13.24,100.00
2015-11-30,-,6,1969,59.13,18.63,11.94,10.32,55.01,2094,1238,390,216,250,6,0,0,0,6,1964,0.00,0.00,0.00,0.00,100.00,0,0.00,6,100.00,59.12,18.62,10.32,11.94,100.00
2022-04-04,C,33,1973,63.17,12.97,16.94,6.93,53.01,11517,6328,1687,1516,1986,1023,597,105,156,165,1973,54.84,58.36,10.26,15.25,16.13,23,69.70,33,100.00,54.94,14.65,13.16,17.24,100.00
2016-02-01,M,11,1969,67.26,20.08,11.02,1.64,55.30,3839,2582,771,63,423,924,525,299,0,100,1968,48.81,56.82,32.36,0.00,10.82,7,63.64,11,100.00,67.26,20.08,1.64,11.02,100.00
2007-11-26,MP,17,1958,60.45,20.98,15.40,3.18,52.87,5933,3633,1203,172,925,323,112,113,48,50,1963,63.16,34.67,34.98,14.86,15.48,7,41.18,17,100.00,61.23,20.28,2.90,15.59,100.00
2014-04-14,C,9,1963,63.93,15.47,16.14,4.46,56.73,3141,2008,486,140,507,207,152,0,0,55,1963,60.87,73.43,0.00,0.00,26.57,9,100.00,9,100.00,63.93,15.47,4.46,16.14,100.00
2002-12-02,L,30,1954,63.82,18.00,10.87,7.32,54.63,10470,6640,1935,783,1112,1440,615,480,213,132,1956,51.98,42.71,33.33,14.79,9.17,19,63.33,29,96.67,63.42,18.48,7.48,10.62,94.45
2017-01-30,S,5,1969,67.56,15.99,12.95,3.50,53.87,1745,1179,279,61,226,565,490,0,0,75,1968,48.67,86.73,0.00,0.00,13.27,5,100.00,5,100.00,67.56,15.99,3.50,12.95,100.00
2003-06-02,S,2,1954,64.61,14.90,16.91,3.58,55.01,698,451,104,25,118,288,248,0,0,40,1954,53.47,86.11,0.00,0.00,13.89,2,100.00,2,100.00,64.61,14.90,3.58,16.91,100.00
2008-02-11,MP,6,1958,67.95,16.16,15.69,0.22,52.44,2094,1362,399,3,330,114,16,80,0,18,1964,57.89,14.04,70.18,0.00,15.79,1,16.67,6,100.00,65.04,19.05,0.14,15.76,100.00
2011-03-14,SD,23,1963,52.62,31.24,11.57,4.59,54.37,8027,4415,1975,673,964,460,320,140,0,0,1969,88.75,69.57,30.43,0.00,0.00,16,69.57,23,100.00,55.00,24.60,8.38,12.01,100.00
2017-12-04,SD,13,1969,66.91,15.05,12.53,5.53,53.87,4537,3029,699,252,557,598,286,166,81,65,1974,78.26,47.83,27.76,13.55,10.87,7,53.85,13,100.00,66.76,15.41,5.55,12.28,100.00
2015-05-04,S,9,1969,71.35,14.93,13.08,0.64,55.01,3141,2241,469,20,411,1017,853,0,0,164,1968,48.67,83.87,0.00,0.00,16.13,9,100.00,9,100.00,71.35,14.93,0.64,13.09,100.00
2003-09-29,V,8,1954,50.64,33.26,16.10,0.00,55.30,2792,1469,873,0,450,240,200,0,0,40,1953,50.00,83.33,0.00,0.00,16.67,8,100.00,8,100.00,52.61,31.27,0.00,16.12,100.00
2016-04-11,L,29,1969,74.63,14.59,9.33,1.45,54.44,10121,7553,1477,147,944,551,324,160,35,32,1970,63.16,58.80,29.04,6.35,5.81,18,62.07,29,100.00,74.63,14.59,1.45,9.33,100.00
2022-06-20,S,59,1973,66.39,23.62,6.90,3.10,52.44,20591,13077,4571,839,2104,5900,4292,1111,2,495,1973,47.00,72.75,18.83,0.03,8.39,48,81.36,58,98.31,63.51,22.20,4.07,10.22,96.43
2024-12-09,MP,11,1975,54.07,30.23,13.91,1.80,54.73,3839,2280,940,109,510,198,64,96,16,22,1977,38.89,32.32,48.48,8.08,11.11,4,36.36,11,100.00,59.39,24.49,2.84,13.28,100.00
2024-02-05,M,9,1975,49.70,20.69,20.34,9.27,52.44,3141,1561,650,291,639,612,495,0,0,117,1976,50.00,80.88,0.00,0.00,19.12,9,100.00,9,100.00,49.70,20.69,9.26,20.34,100.00
2006-11-27,C,13,1958,60.84,19.07,16.14,3.95,52.72,4537,2755,824,224,734,377,321,0,0,56,1957,62.07,85.15,0.00,0.00,14.85,13,100.00,13,100.00,60.72,18.16,4.94,16.18,100.00
2024-06-10,KD,25,1975,53.63,21.02,15.79,9.57,53.01,8725,4966,1421,1000,1338,475,394,0,0,81,1970,68.42,82.95,0.00,0.00,17.05,25,100.00,25,100.00,56.92,16.29,11.46,15.34,100.00
2013-02-04,M,1,1963,74.21,6.02,15.19,4.58,56.45,349,259,21,16,53,107,95,0,0,12,1965,57.94,88.79,0.00,0.00,11.21,1,100.00,1,100.00,74.21,6.02,4.58,15.19,100.00
2008-10-20,M,2,1958,38.97,37.54,23.50,0.00,53.87,698,272,262,0,164,194,156,0,0,38,1959,57.73,80.41,0.00,0.00,19.59,2,100.00,2,100.00,38.97,37.54,0.00,23.50,100.00
2007-02-05,MP,6,1958,49.09,33.24,17.19,0.48,52.15,2094,1204,567,20,303,114,46,34,17,17,1963,57.89,40.35,29.82,14.91,14.91,3,50.00,6,100.00,57.50,27.08,0.96,14.47,100.00
2007-05-14,KD,16,1958,59.40,21.22,16.29,3.09,51.58,5584,3184,1047,340,1013,384,302,0,1,81,1952,54.17,78.65,0.00,0.26,21.09,16,100.00,16,100.00,57.02,18.75,6.09,18.14,100.00
2012-02-27,SD,10,1963,65.87,17.16,13.56,3.41,55.73,3490,2124,719,155,492,190,93,72,18,7,1969,84.21,48.95,37.89,9.47,3.68,6,60.00,9,90.00,60.86,20.60,4.44,14.10,91.67
2023-03-13,SD,16,1975,57.47,20.76,16.80,4.98,53.01,5584,3324,1056,282,922,1168,806,186,0,176,1977,75.34,69.01,15.92,0.00,15.07,13,81.25,16,100.00,59.53,18.91,5.05,16.51,100.00
2017-06-05,S,16,1969,58.41,21.80,16.32,3.50,54.01,5584,3259,1086,335,904,1808,1579,1,0,228,1969,48.67,87.33,0.06,0.00,12.61,16,100.00,16,100.00,58.36,19.45,6.00,16.19,100.00
2022-12-05,KD,1,1975,75.93,9.74,14.33,0.00,52.72,349,265,34,0,50,19,16,0,0,3,1970,73.68,84.21,0.00,0.00,15.79,1,100.00,1,100.00,75.93,9.74,0.00,14.33,100.00
2021-03-22,C,23,1973,11.03,3.49,83.99,1.49,52.72,8027,885,280,120,6742,713,81,20,14,598,1972,58.06,11.36,2.81,1.96,83.87,17,73.91,23,100.00,11.03,3.49,1.49,83.99,100.00
2008-09-22,V,1,1958,72.21,4.87,22.92,0.00,53.87,349,252,17,0,80,22,0,17,0,5,1958,36.36,0.00,77.27,0.00,22.73,0,0.00,1,100.00,72.21,4.87,0.00,22.92,100.00
2014-11-24,SD,5,1969,71.92,11.06,15.99,1.03,55.30,1745,1255,193,18,279,245,45,177,0,23,1974,75.51,18.37,72.24,0.00,9.39,1,20.00,5,100.00,71.92,11.06,1.03,15.99,100.00
2017-11-20,M,7,1969,57.36,17.68,15.48,9.49,53.87,2443,1377,445,253,368,581,215,221,75,70,1968,49.40,37.01,38.04,12.91,12.05,4,57.14,7,100.00,56.37,18.22,10.36,15.06,100.00
2004-12-13,S,4,1954,47.06,23.57,12.46,16.91,53.30,1396,657,329,236,174,576,515,0,0,61,1954,49.31,89.41,0.00,0.00,10.59,4,100.00,4,100.00,47.06,23.57,16.91,12.46,100.00
2016-03-14,MP,28,1969,64.91,18.13,13.52,3.45,55.01,9772,6343,1771,337,1321,700,633,23,2,42,1968,48.00,90.43,3.29,0.29,6.00,27,96.43,28,100.00,64.91,18.12,3.45,13.52,100.00
2010-01-18,C,7,1959,53.72,27.50,18.56,0.23,53.30,2443,1263,718,5,457,203,145,0,0,58,1957,58.62,71.43,0.00,0.00,28.57,7,100.00,7,100.00,51.70,29.39,0.20,18.71,100.00
2021-11-15,-,8,1973,58.17,28.94,12.83,0.08,52.44,2792,1624,808,2,358,8,2,6,0,0,1970,0.00,25.00,75.00,0.00,0.00,3,37.50,7,87.50,58.17,28.94,0.07,12.82,87.50
2010-02-08,-,13,1959,46.64,30.17,20.94,2.26,53.27,4537,2117,1390,81,949,13,12,0,1,0,1944,100.00,92.31,0.00,7.69,0.00,12,92.31,13,100.00,46.66,30.64,1.79,20.92,100.00
2022-01-24,KD,9,1973,51.10,16.90,28.66,3.34,53.87,3141,1605,531,105,900,198,117,18,9,54,1969,72.73,59.09,9.09,4.55,27.27,7,77.78,8,88.89,51.10,16.91,3.34,28.65,88.89
2017-01-23,C,7,1969,64.35,10.68,17.48,7.49,53.58,2443,1572,261,183,427,154,81,16,15,42,1967,63.64,52.60,10.39,9.74,27.27,6,85.71,7,100.00,64.35,10.68,7.49,17.48,100.00
2005-03-07,L,37,1954,55.97,19.78,19.74,4.52,54.30,12913,7202,2375,674,2662,1776,672,588,155,361,1956,52.08,37.84,33.11,8.73,20.33,22,59.46,34,91.89,55.77,18.39,5.22,20.61,90.68
2017-12-04,-,13,1969,66.91,15.05,12.53,5.53,53.87,4537,3029,699,252,557,65,24,7,4,30,1966,40.00,36.92,10.77,6.15,46.15,8,61.54,13,100.00,66.76,15.41,5.55,12.28,100.00
2008-11-24,M,10,1958,49.99,35.77,14.24,0.00,53.01,3490,2059,966,0,465,970,869,0,0,101,1959,57.73,89.59,0.00,0.00,10.41,10,100.00,10,100.00,59.00,27.68,0.00,13.32,100.00
2025-12-15,C,2,1975,65.76,5.59,12.61,16.05,0.00,698,459,39,112,88,48,21,21,0,6,1972,0.00,43.75,43.75,0.00,12.50,1,50.00,2,100.00,65.76,5.59,16.05,12.61,100.00
2017-12-11,M,26,1969,55.97,21.65,14.23,8.15,53.87,9074,5159,1728,792,1395,2158,795,704,348,311,1968,49.40,36.84,32.62,16.13,14.41,14,53.85,25,96.15,56.85,19.04,8.73,15.37,93.75
2006-12-11,S,20,1958,50.33,30.93,13.49,5.27,52.72,6980,3651,2073,255,1001,2600,476,1701,80,343,1958,50.77,18.31,65.42,3.08,13.19,5,25.00,20,100.00,52.31,29.70,3.65,14.34,100.00
2008-01-07,M,1,1958,43.27,31.81,14.61,10.32,53.01,349,151,111,36,51,97,84,0,0,13,1959,56.70,86.60,0.00,0.00,13.40,1,100.00,1,100.00,43.27,31.81,10.32,14.61,100.00
2016-06-20,SD,24,1969,60.87,17.23,9.80,12.11,54.44,8376,5098,1443,1014,821,1152,401,319,240,192,1974,77.08,34.81,27.69,20.83,16.67,10,41.67,24,100.00,60.86,17.23,12.11,9.80,100.00
2012-03-12,MP,18,1963,64.67,18.13,12.76,4.45,55.87,6282,3966,1202,334,780,450,221,114,2,113,1964,48.00,49.11,25.33,0.44,25.11,12,66.67,18,100.00,63.13,19.13,5.32,12.42,100.00
2015-01-12,L,4,1969,71.20,17.12,8.17,3.51,55.01,1396,994,239,49,114,76,46,16,2,12,1968,68.42,60.53,21.05,2.63,15.79,3,75.00,4,100.00,71.20,17.12,3.51,8.17,100.00
2007-04-02,S,7,1958,44.75,32.24,20.04,2.99,51.58,2443,1174,785,50,434,910,111,631,0,168,1958,50.77,12.20,69.34,0.00,18.46,1,14.29,7,100.00,48.06,32.13,2.05,17.77,100.00
2014-06-09,V,28,1963,63.40,16.36,13.20,7.05,56.45,9772,6359,1614,523,1276,532,107,227,89,109,1961,47.37,20.11,42.67,16.73,20.49,8,28.57,28,100.00,65.07,16.52,5.35,13.06,100.00
2009-05-18,C,3,1959,68.20,17.96,11.65,2.20,52.44,1047,714,188,23,122,87,79,0,0,8,1957,58.62,90.80,0.00,0.00,9.20,3,100.00,3,100.00,68.19,17.96,2.20,11.65,100.00
2020-11-09,-,6,1973,11.32,2.84,84.24,1.61,50.72,2094,223,79,28,1764,12,0,0,0,12,1970,0.00,0.00,0.00,0.00,100.00,0,0.00,6,100.00,10.65,3.77,1.34,84.24,100.00
2016-11-07,MP,4,1969,55.16,20.21,20.92,3.73,54.44,1396,770,282,52,292,100,80,0,0,20,1968,44.00,80.00,0.00,0.00,20.00,4,100.00,4,100.00,55.16,20.20,3.72,20.92,100.00
2025-05-19,MP,34,1975,60.00,15.04,15.55,9.41,55.30,11866,7053,1849,1135,1829,612,150,163,192,107,1978,38.89,24.51,26.63,31.37,17.48,10,29.41,34,100.00,59.44,15.58,9.57,15.41,100.00
2019-04-22,V,33,1973,65.03,18.15,11.82,5.01,53.01,11517,7424,2032,700,1361,924,670,178,0,76,1975,32.14,72.51,19.26,0.00,8.23,26,78.79,33,100.00,64.46,17.64,6.08,11.82,100.00
2007-12-10,KD,12,1958,49.05,33.44,16.04,1.49,53.01,4188,2196,1087,114,791,288,216,0,0,72,1952,54.17,75.00,0.00,0.00,25.00,12,100.00,12,100.00,52.44,25.96,2.72,18.89,100.00
2010-02-22,-,29,1959,47.05,32.38,17.69,2.89,53.01,10121,4710,3248,335,1828,29,29,0,0,0,1944,100.00,100.00,0.00,0.00,0.00,29,100.00,29,100.00,46.54,32.09,3.31,18.06,100.00
2013-05-27,V,21,1963,60.54,16.53,12.52,10.42,56.43,7329,4510,1266,667,886,399,80,145,113,61,1960,42.11,20.05,36.34,28.32,15.29,5,23.81,21,100.00,61.54,17.27,9.10,12.09,100.00
2012-02-06,C,4,1963,64.62,22.02,10.55,2.82,55.30,1396,793,423,21,159,92,72,0,0,20,1964,60.87,78.26,0.00,0.00,21.74,4,100.00,4,100.00,56.81,30.30,1.50,11.39,100.00
2011-06-06,L,12,1963,66.83,13.34,16.58,3.26,54.44,4188,2788,587,118,695,288,215,0,0,73,1959,54.17,74.65,0.00,0.00,25.35,12,100.00,12,100.00,66.57,14.02,2.82,16.60,100.00
2003-06-02,C,2,1954,64.61,14.90,16.91,3.58,55.01,698,451,104,25,118,44,18,18,0,8,1954,54.55,40.91,40.91,0.00,18.18,1,50.00,2,100.00,64.61,14.90,3.58,16.91,100.00
2009-04-20,S,9,1959,45.61,33.70,20.37,0.32,52.35,3141,1504,972,17,648,1170,193,734,4,239,1959,51.54,16.50,62.74,0.34,20.43,2,22.22,9,100.00,47.88,30.95,0.54,20.63,100.00
2013-04-22,MP,7,1963,73.23,13.18,10.25,3.34,56.45,2443,1687,467,45,244,175,95,47,24,9,1964,56.00,54.29,26.86,13.71,5.14,4,57.14,7,100.00,69.05,19.12,1.84,9.99,100.00
2019-03-04,MP,17,1973,62.53,17.53,11.56,8.38,53.30,5933,3710,1040,497,686,272,221,0,0,51,1976,31.25,81.25,0.00,0.00,18.75,17,100.00,17,100.00,62.53,17.53,8.38,11.56,100.00
2012-02-20,V,17,1963,76.25,10.11,12.78,0.85,55.59,5933,4360,696,58,819,323,127,125,52,19,1962,36.84,39.32,38.70,16.10,5.88,7,41.18,17,100.00,73.49,11.73,0.98,13.80,100.00
2007-06-04,C,6,1958,53.95,22.83,16.76,6.46,51.58,2094,1017,601,141,335,174,147,0,2,25,1957,55.17,84.48,0.00,1.15,14.37,6,100.00,6,100.00,48.57,28.70,6.73,16.00,100.00
2025-10-13,-,3,1975,62.47,23.49,14.04,0.00,55.01,1047,654,246,0,147,12,4,5,0,3,1973,50.00,33.33,41.67,0.00,25.00,1,33.33,3,100.00,62.46,23.50,0.00,14.04,100.00
2023-04-17,KD,36,1975,63.86,16.16,13.05,6.94,52.15,12564,8058,2097,778,1631,684,586,0,0,98,1970,73.68,85.67,0.00,0.00,14.33,36,100.00,36,100.00,64.14,16.69,6.19,12.98,100.00
2021-02-22,C,12,1973,11.03,2.99,83.95,2.03,52.44,4188,462,125,85,3516,372,40,10,10,312,1973,58.06,10.75,2.69,2.69,83.87,8,66.67,12,100.00,11.03,2.98,2.03,83.95,100.00
2004-10-18,MP,2,1954,59.60,19.06,14.33,7.02,53.30,698,416,133,49,100,34,22,0,1,11,1957,47.06,64.71,0.00,2.94,32.35,2,100.00,2,100.00,59.60,19.05,7.02,14.33,100.00
2007-11-26,L,17,1958,60.45,20.98,15.40,3.18,52.87,5933,3633,1203,172,925,476,367,0,1,108,1960,46.43,77.10,0.00,0.21,22.69,17,100.00,17,100.00,61.23,20.28,2.90,15.59,100.00
2019-12-09,MP,9,1973,65.91,15.57,6.88,11.65,52.44,3141,2053,489,377,222,144,138,0,0,6,1978,18.75,95.83,0.00,0.00,4.17,9,100.00,9,100.00,65.36,15.57,12.00,7.07,100.00
2003-02-17,KD,32,1954,68.96,18.99,11.16,0.91,53.91,11168,7663,2150,106,1249,1056,522,390,30,114,1951,66.67,49.43,36.93,2.84,10.80,18,56.25,32,100.00,68.62,19.25,0.95,11.18,100.00
2020-04-20,SD,25,1973,10.37,2.74,84.25,2.66,52.44,8725,858,299,217,7351,1550,110,90,50,1300,1975,70.97,7.10,5.81,3.23,83.87,11,44.00,25,100.00,9.83,3.43,2.49,84.25,100.00
2004-11-15,KD,31,1954,59.22,19.62,15.51,5.64,53.30,10819,6492,1886,647,1794,1023,324,370,131,198,1951,69.70,31.67,36.17,12.81,19.35,12,38.71,31,100.00,60.01,17.43,5.98,16.58,100.00
2022-03-21,C,20,1973,63.38,14.69,15.29,6.64,53.58,6980,4445,1033,449,1053,620,401,107,27,85,1972,58.06,64.68,17.26,4.35,13.71,16,80.00,19,95.00,63.68,14.80,6.43,15.09,95.46
2024-04-01,M,34,1975,55.39,17.15,14.77,12.69,52.44,11866,6880,1903,1406,1677,2312,2022,0,0,290,1976,50.00,87.46,0.00,0.00,12.54,34,100.00,34,100.00,57.98,16.04,11.85,14.13,100.00
2005-03-07,M,37,1954,55.97,19.78,19.74,4.52,54.30,12913,7202,2375,674,2662,2035,602,800,161,472,1954,58.18,29.58,39.31,7.91,23.19,17,45.95,34,91.89,55.77,18.39,5.22,20.61,90.68
2022-05-16,L,37,1973,59.78,18.37,15.49,6.36,53.58,12913,7725,2369,824,1995,740,415,147,49,129,1971,55.00,56.08,19.86,6.62,17.43,26,70.27,37,100.00,59.82,18.35,6.38,15.45,100.00
2023-06-05,V,12,1975,65.21,14.89,12.78,7.13,52.72,4188,2817,513,327,531,288,126,84,42,36,1977,29.17,43.75,29.17,14.58,12.50,6,50.00,12,100.00,67.26,12.25,7.81,12.68,100.00
2022-04-25,C,51,1973,53.02,21.07,18.96,6.95,53.01,17799,9386,3768,1236,3409,1581,764,465,164,188,1973,54.84,48.32,29.41,10.37,11.89,35,68.63,45,88.24,52.73,21.17,6.94,19.15,89.71
2004-05-03,C,11,1954,65.02,17.52,16.04,1.43,55.01,3839,2489,631,69,650,242,106,49,17,70,1955,50.00,43.80,20.25,7.02,28.93,7,63.64,11,100.00,64.83,16.44,1.80,16.93,100.00
2025-11-03,MP,7,1975,57.72,21.16,14.90,6.22,55.59,2443,1410,517,152,364,126,17,75,13,21,1977,44.44,13.49,59.52,10.32,16.67,2,28.57,7,100.00,57.72,21.16,6.22,14.90,100.00
2014-05-26,SD,27,1963,66.69,14.38,11.17,7.77,56.45,9423,6345,1424,632,1022,540,248,134,68,90,1968,80.00,45.93,24.81,12.59,16.67,15,55.56,27,100.00,67.34,15.11,6.71,10.85,100.00
2013-01-28,MP,12,1963,67.84,15.40,13.71,3.06,56.59,4188,2841,645,128,574,300,97,140,21,42,1964,56.00,32.33,46.67,7.00,14.00,4,33.33,12,100.00,67.84,15.40,3.06,13.71,100.00
2012-03-12,-,18,1963,64.67,18.13,12.76,4.45,55.87,6282,3966,1202,334,780,18,1,1,2,14,1988,100.00,5.56,5.56,11.11,77.78,1,5.56,18,100.00,63.13,19.13,5.32,12.42,100.00
2015-05-04,L,9,1969,71.35,14.93,13.08,0.64,55.01,3141,2241,469,20,411,171,106,53,0,12,1969,63.16,61.99,30.99,0.00,7.02,6,66.67,9,100.00,71.35,14.93,0.64,13.09,100.00
2008-10-13,M,3,1958,59.02,17.38,23.49,0.10,53.87,1047,618,182,1,246,291,241,0,1,49,1959,57.73,82.82,0.00,0.34,16.84,3,100.00,3,100.00,59.03,17.38,0.10,23.50,100.00
2023-11-20,L,5,1975,56.45,25.79,17.77,0.00,53.30,1745,985,450,0,310,80,55,0,0,25,1974,37.50,68.75,0.00,0.00,31.25,5,100.00,5,100.00,56.45,25.79,0.00,17.77,100.00
2017-04-24,C,23,1969,57.91,16.48,20.44,5.18,53.87,8027,4730,1421,289,1587,506,206,204,18,78,1967,63.64,40.71,40.32,3.56,15.42,11,47.83,23,100.00,58.93,17.70,3.60,19.77,100.00
2022-02-28,L,32,1973,71.44,10.82,15.21,2.54,53.58,11168,7058,1921,400,1789,640,320,83,43,194,1971,55.00,50.00,12.97,6.72,30.31,22,68.75,31,96.88,63.20,17.20,3.58,16.02,98.39
2011-05-16,S,9,1963,72.78,11.17,14.17,1.88,53.99,3141,2286,351,59,445,1008,635,196,1,176,1962,51.79,63.00,19.44,0.10,17.46,7,77.78,9,100.00,72.78,11.17,1.88,14.17,100.00
2012-04-16,S,10,1963,68.68,19.25,12.07,0.00,57.02,3490,2366,698,0,426,1120,584,377,0,159,1962,51.79,52.14,33.66,0.00,14.20,6,60.00,10,100.00,67.79,20.00,0.00,12.21,100.00
2008-05-12,KD,23,1958,56.99,21.09,15.06,6.85,53.30,8027,4420,1846,536,1225,552,458,0,0,94,1952,54.17,82.97,0.00,0.00,17.03,23,100.00,23,100.00,55.06,23.00,6.68,15.26,100.00
2015-01-26,KD,2,1969,79.80,8.74,11.46,0.00,55.30,698,557,61,0,80,32,30,0,0,2,1968,62.50,93.75,0.00,0.00,6.25,2,100.00,2,100.00,79.80,8.74,0.00,11.46,100.00
2021-12-13,KD,10,1973,59.72,11.60,14.22,14.47,53.58,3490,2084,405,505,496,220,156,20,19,25,1968,72.73,70.91,9.09,8.64,11.36,8,80.00,10,100.00,59.71,11.60,14.47,14.21,100.00
2004-10-25,C,11,1954,67.00,17.82,13.62,1.56,53.30,3839,2572,684,60,523,242,128,69,2,43,1954,54.55,52.89,28.51,0.83,17.77,8,72.73,10,90.91,67.00,17.82,1.56,13.62,90.91
2022-03-21,KD,20,1973,63.38,14.69,15.29,6.64,53.58,6980,4445,1033,449,1053,440,222,72,68,78,1970,72.73,50.45,16.36,15.45,17.73,11,55.00,19,95.00,63.68,14.80,6.43,15.09,95.46
2012-06-04,L,6,1963,61.95,24.30,11.73,2.01,57.02,2094,1362,422,42,268,144,129,0,0,15,1961,58.33,89.58,0.00,0.00,10.42,6,100.00,6,100.00,65.04,20.15,2.01,12.80,100.00
2006-01-16,L,7,1954,55.95,18.83,18.87,6.34,53.58,2443,1367,460,155,461,336,126,124,42,44,1956,45.83,37.50,36.90,12.50,13.10,4,57.14,7,100.00,55.96,18.83,6.34,18.87,100.00
2012-11-26,V,22,1963,70.24,15.85,12.35,1.56,57.02,7678,5365,1215,139,959,418,157,160,31,70,1960,42.11,37.56,38.28,7.42,16.75,11,50.00,22,100.00,69.87,15.82,1.81,12.49,100.00
2007-11-26,S,17,1958,60.45,20.98,15.40,3.18,52.87,5933,3633,1203,172,925,2210,957,876,9,368,1958,49.23,43.30,39.64,0.41,16.65,9,52.94,17,100.00,61.23,20.28,2.90,15.59,100.00
2023-11-13,SD,3,1975,75.93,8.88,15.19,0.00,53.30,1047,795,93,0,159,216,186,0,0,30,1977,75.00,86.11,0.00,0.00,13.89,3,100.00,3,100.00,75.93,8.88,0.00,15.19,100.00
2013-05-06,L,18,1963,54.75,33.03,9.91,2.31,56.26,6282,3750,1613,279,640,432,350,0,1,81,1960,54.17,81.02,0.00,0.23,18.75,17,94.44,17,94.44,59.69,25.68,4.44,10.19,66.67
2021-11-22,M,7,1973,70.74,16.72,5.91,6.65,52.58,2443,1627,498,232,86,490,265,139,70,16,1972,44.29,54.08,28.37,14.29,3.27,5,71.43,7,100.00,66.60,20.38,9.50,3.52,100.00
2010-03-01,-,9,1959,45.82,34.08,19.68,0.43,53.01,3141,1483,933,20,705,9,6,1,1,1,1944,100.00,66.67,11.11,11.11,11.11,6,66.67,9,100.00,47.21,29.70,0.64,22.45,100.00
2010-03-01,MP,9,1959,45.82,34.08,19.68,0.43,53.01,3141,1483,933,20,705,171,42,81,1,47,1964,57.89,24.56,47.37,0.58,27.49,3,33.33,9,100.00,47.21,29.70,0.64,22.45,100.00
2005-03-14,KD,12,1954,54.17,14.18,20.62,11.03,54.15,4188,2079,709,645,755,396,96,75,125,100,1951,69.70,24.24,18.94,31.57,25.25,4,33.33,12,100.00,49.64,16.93,15.40,18.03,100.00
2004-12-06,-,5,1954,55.30,16.10,22.41,6.19,53.87,1745,965,281,108,391,5,0,0,0,5,1948,0.00,0.00,0.00,0.00,100.00,0,0.00,5,100.00,55.30,16.10,6.19,22.41,100.00
2013-11-04,KD,6,1963,57.74,26.41,15.86,0.00,55.30,2094,1209,553,0,332,114,96,0,0,18,1961,63.16,84.21,0.00,0.00,15.79,6,100.00,6,100.00,57.74,26.41,0.00,15.85,100.00
2018-11-12,V,12,1973,82.14,14.35,3.49,0.02,53.30,4188,3440,601,1,146,336,286,26,0,24,1975,32.14,85.12,7.74,0.00,7.14,11,91.67,12,100.00,82.14,14.35,0.02,3.49,100.00
2025-12-08,S,4,1975,70.56,13.18,15.83,0.43,0.00,1396,985,184,6,221,424,276,92,0,56,1975,0.00,65.09,21.70,0.00,13.21,3,75.00,4,100.00,70.56,13.18,0.43,15.83,100.00
2018-03-05,L,38,1970,61.61,17.99,15.40,5.00,54.15,13262,8226,2378,711,1947,722,418,184,32,88,1969,57.89,57.89,25.48,4.43,12.19,26,68.42,37,97.37,62.03,17.93,5.36,14.68,95.00
2006-04-24,-,24,1954,56.08,13.77,21.15,9.00,53.87,8376,4662,1255,669,1790,48,15,19,3,11,1952,0.00,31.25,39.58,6.25,22.92,11,45.83,24,100.00,55.66,14.98,7.99,21.37,100.00
2020-06-22,L,2,1973,9.17,6.02,84.24,0.58,51.86,698,64,42,4,588,38,6,0,0,32,1971,52.63,15.79,0.00,0.00,84.21,2,100.00,2,100.00,9.17,6.02,0.57,84.24,100.00
2003-03-24,S,32,1954,56.31,24.50,15.63,3.56,54.47,11168,6356,2688,366,1758,4608,3866,128,4,610,1954,52.82,83.90,2.78,0.09,13.24,30,93.75,31,96.88,56.91,24.07,3.28,15.74,97.37
2019-04-29,V,10,1973,52.46,14.01,10.09,23.44,53.01,3490,1831,489,818,352,280,77,52,131,20,1975,32.14,27.50,18.57,46.79,7.14,3,30.00,10,100.00,52.46,14.01,23.44,10.09,100.00
2025-04-07,-,33,1975,59.81,14.82,16.50,8.87,55.87,11517,6896,1725,1012,1884,66,16,11,6,33,1964,50.00,24.24,16.67,9.09,50.00,16,48.48,33,100.00,59.88,14.98,8.79,16.36,100.00
2020-04-13,C,19,1973,11.51,2.99,84.24,1.27,52.44,6631,763,198,84,5586,589,65,15,15,494,1972,64.52,11.04,2.55,2.55,83.87,14,73.68,18,94.74,11.51,2.99,1.27,84.24,94.74
2021-10-25,L,4,1973,61.61,20.99,12.03,5.37,52.44,1396,860,293,75,168,80,51,17,0,12,1971,55.00,63.75,21.25,0.00,15.00,3,75.00,4,100.00,61.60,20.99,5.37,12.03,100.00
2015-05-25,C,3,1969,71.42,16.84,11.75,0.00,55.01,1047,741,191,0,115,66,17,38,0,11,1967,59.09,25.76,57.58,0.00,16.67,1,33.33,3,100.00,70.77,18.24,0.00,10.98,100.00
2007-03-12,KD,10,1958,66.24,14.54,18.93,0.29,51.37,3490,2210,623,15,642,240,202,0,0,38,1953,50.00,84.17,0.00,0.00,15.83,10,100.00,10,100.00,63.32,17.85,0.43,18.40,100.00
2022-11-21,V,6,1975,74.26,10.36,14.42,0.96,52.72,2094,1555,217,20,302,144,60,40,20,24,1977,29.17,41.67,27.78,13.89,16.67,3,50.00,6,100.00,74.26,10.36,0.96,14.42,100.00
2010-04-26,KD,5,1959,47.14,33.74,19.02,0.11,53.01,1745,890,534,3,318,120,95,0,0,25,1955,54.17,79.17,0.00,0.00,20.83,5,100.00,5,100.00,51.00,30.60,0.17,18.22,100.00
2007-12-17,L,3,1958,68.77,16.12,14.90,0.22,53.01,1047,685,203,2,157,84,74,0,0,10,1960,46.43,88.10,0.00,0.00,11.90,3,100.00,3,100.00,65.43,19.39,0.19,15.00,100.00
2011-03-28,MP,22,1963,52.48,31.02,15.58,0.93,54.44,7678,4199,2344,47,1088,550,106,336,20,88,1965,44.00,19.27,61.09,3.64,16.00,5,22.73,22,100.00,54.69,30.53,0.61,14.17,100.00
2023-06-19,MP,20,1975,63.31,17.96,13.19,5.54,52.72,6980,4248,1394,417,921,360,72,166,61,61,1977,27.78,20.00,46.11,16.94,16.94,5,25.00,20,100.00,60.86,19.97,5.97,13.19,100.00
2023-10-23,L,3,1975,51.10,34.38,14.52,0.00,53.01,1047,535,360,0,152,48,42,0,0,6,1974,37.50,87.50,0.00,0.00,12.50,3,100.00,3,100.00,51.10,34.38,0.00,14.52,100.00
2016-02-29,C,31,1969,68.28,16.92,11.37,3.45,55.30,10819,7539,1639,434,1207,682,447,126,88,21,1966,68.18,65.54,18.48,12.90,3.08,21,67.74,31,100.00,69.68,15.15,4.01,11.16,100.00
2006-04-17,M,21,1954,56.19,14.44,21.44,7.93,53.87,7329,3436,1560,708,1625,1155,147,526,331,151,1954,58.18,12.73,45.54,28.66,13.07,9,42.86,17,80.95,46.88,21.29,9.66,22.17,90.00
2004-01-19,KD,5,1954,65.62,17.13,17.19,0.06,55.01,1745,1145,299,1,300,165,68,47,0,50,1951,69.70,41.21,28.48,0.00,30.30,3,60.00,5,100.00,65.62,17.13,0.06,17.19,100.00
2013-06-03,C,16,1963,68.52,13.96,13.56,3.95,56.45,5584,3760,823,253,748,368,318,0,0,50,1963,65.22,86.41,0.00,0.00,13.59,16,100.00,16,100.00,67.34,14.74,4.53,13.40,100.00
2003-12-29,M,13,1954,59.38,17.06,15.03,8.53,54.88,4537,2694,774,387,682,715,231,333,47,104,1953,61.82,32.31,46.57,6.57,14.55,5,38.46,13,100.00,59.38,17.06,8.53,15.03,100.00
2021-05-24,-,28,1973,11.79,3.76,83.97,0.48,53.01,9772,1152,367,47,8206,56,23,4,1,28,1970,0.00,41.07,7.14,1.79,50.00,24,85.71,27,96.43,11.79,3.76,0.48,83.97,96.43
2013-03-11,MP,28,1963,64.38,16.38,11.91,7.32,56.52,9772,5810,1795,792,1375,700,189,356,120,35,1964,56.00,27.00,50.86,17.14,5.00,8,28.57,28,100.00,59.46,18.37,8.10,14.07,100.00
2006-03-27,S,16,1954,60.48,20.66,17.31,1.57,54.16,5584,3353,1126,107,998,2304,1936,1,1,366,1954,51.04,84.03,0.04,0.04,15.89,16,100.00,16,100.00,60.05,20.16,1.92,17.87,100.00
2003-10-20,M,1,1954,63.61,12.03,19.48,4.87,55.30,349,222,42,17,68,55,1,42,0,12,1953,61.82,1.82,76.36,0.00,21.82,0,0.00,1,100.00,63.61,12.03,4.87,19.48,100.00
2020-01-13,S,4,1973,63.18,13.40,1.72,21.71,52.72,1396,882,187,303,24,400,392,0,0,8,1972,51.00,98.00,0.00,0.00,2.00,4,100.00,4,100.00,63.18,13.40,21.70,1.72,100.00
2012-06-11,MP,5,1963,71.85,19.10,9.05,0.00,57.02,1745,1257,333,0,155,125,86,22,0,17,1964,52.00,68.80,17.60,0.00,13.60,4,80.00,5,100.00,72.03,19.08,0.00,8.88,100.00
2021-10-11,C,2,1973,57.74,27.80,11.89,2.58,52.72,698,403,194,18,83,62,56,0,0,6,1972,58.06,90.32,0.00,0.00,9.68,2,100.00,2,100.00,57.74,27.79,2.58,11.89,100.00
2016-11-28,SD,9,1969,61.95,23.91,12.53,1.62,54.44,3141,1971,732,45,393,432,210,128,42,52,1974,79.17,48.61,29.63,9.72,12.04,5,55.56,9,100.00,62.75,23.30,1.43,12.51,100.00
2011-06-13,S,14,1963,64.23,15.17,13.08,7.53,54.71,4886,3361,628,250,647,1568,895,379,57,237,1962,52.61,57.08,24.17,3.64,15.11,10,71.43,14,100.00,68.79,12.85,5.12,13.24,100.00
2014-04-28,MP,8,1963,73.06,16.01,10.93,0.00,56.73,2792,2040,447,0,305,200,87,89,0,24,1964,52.00,43.50,44.50,0.00,12.00,4,50.00,8,100.00,73.07,16.01,0.00,10.92,100.00
2017-05-29,KD,16,1969,62.36,17.07,12.28,8.30,54.15,5584,3869,751,295,669,256,133,52,25,46,1967,68.75,51.95,20.31,9.77,17.97,11,68.75,16,100.00,69.29,13.45,5.28,11.98,100.00
2025-03-31,SD,20,1975,53.83,15.66,13.53,16.99,56.16,6980,3757,1093,1186,944,1440,744,247,249,200,1977,76.39,51.67,17.15,17.29,13.89,12,60.00,19,95.00,53.83,15.66,16.99,13.52,95.00
2011-05-30,L,6,1963,73.04,14.47,12.06,0.43,54.44,2094,1381,445,15,253,144,108,0,0,36,1959,54.17,75.00,0.00,0.00,25.00,6,100.00,6,100.00,65.95,21.25,0.72,12.08,100.00
2010-04-12,L,8,1959,52.48,29.37,17.36,0.79,53.01,2792,1495,768,33,496,224,182,0,0,42,1960,42.86,81.25,0.00,0.00,18.75,8,100.00,8,100.00,53.55,27.51,1.18,17.77,100.00
2007-03-26,MP,8,1958,57.53,29.13,13.29,0.06,51.76,2792,1863,523,3,403,152,67,71,1,13,1964,52.63,44.08,46.71,0.66,8.55,4,50.00,8,100.00,66.73,18.73,0.11,14.43,100.00
2006-04-03,C,26,1954,53.35,19.63,22.88,4.15,53.87,9074,4883,1836,276,2079,572,181,196,16,179,1954,54.55,31.64,34.27,2.80,31.29,11,42.31,25,96.15,53.81,20.23,3.04,22.91,97.22
2007-12-03,L,31,1958,53.09,25.79,18.43,2.70,53.01,10819,5730,2753,352,1984,868,596,0,0,272,1960,46.43,68.66,0.00,0.00,31.34,31,100.00,31,100.00,52.96,25.45,3.25,18.34,100.00
2015-03-09,L,18,1969,66.95,15.02,12.17,5.86,55.30,6282,4225,926,382,749,342,190,63,33,56,1968,68.42,55.56,18.42,9.65,16.37,12,66.67,18,100.00,67.26,14.74,6.08,11.92,100.00
2016-02-01,C,11,1969,67.26,20.08,11.02,1.64,55.30,3839,2582,771,63,423,242,146,85,0,11,1966,68.18,60.33,35.12,0.00,4.55,7,63.64,11,100.00,67.26,20.08,1.64,11.02,100.00
2015-10-12,L,1,1969,72.78,12.32,14.90,0.00,54.73,349,254,43,0,52,19,16,0,0,3,1970,63.16,84.21,0.00,0.00,15.79,1,100.00,1,100.00,72.78,12.32,0.00,14.90,100.00
2011-03-14,V,23,1963,52.62,31.24,11.57,4.59,54.37,8027,4415,1975,673,964,437,17,252,120,48,1960,42.11,3.89,57.67,27.46,10.98,1,4.35,23,100.00,55.00,24.60,8.38,12.01,100.00
2020-02-03,S,5,1973,52.26,30.26,9.80,7.68,52.72,1745,912,528,134,171,500,455,0,0,45,1972,51.00,91.00,0.00,0.00,9.00,5,100.00,5,100.00,52.26,30.26,7.68,9.80,100.00
2014-06-23,KD,29,1963,63.48,22.55,8.39,5.59,56.45,10121,6294,2341,643,843,551,435,0,0,116,1961,57.89,78.95,0.00,0.00,21.05,29,100.00,29,100.00,62.19,23.13,6.35,8.33,100.00
2008-09-22,L,1,1958,72.21,4.87,22.92,0.00,53.87,349,252,17,0,80,28,23,0,0,5,1960,46.43,82.14,0.00,0.00,17.86,1,100.00,1,100.00,72.21,4.87,0.00,22.92,100.00
2013-05-27,L,21,1963,60.54,16.53,12.52,10.42,56.43,7329,4510,1266,667,886,504,406,0,0,98,1960,54.17,80.56,0.00,0.00,19.44,21,100.00,21,100.00,61.54,17.27,9.10,12.09,100.00
2023-03-20,L,11,1975,60.04,19.71,13.12,7.13,53.01,3839,2281,787,255,516,176,151,0,1,24,1971,37.50,85.80,0.00,0.57,13.64,11,100.00,11,100.00,59.42,20.50,6.64,13.44,100.00
2009-05-11,KD,8,1959,51.91,31.40,16.69,0.00,52.44,2792,1443,874,0,475,192,162,0,0,30,1954,50.00,84.38,0.00,0.00,15.63,8,100.00,8,100.00,51.68,31.30,0.00,17.01,100.00
2024-12-09,C,11,1975,54.07,30.23,13.91,1.80,54.73,3839,2280,940,109,510,264,145,84,0,35,1972,50.00,54.92,31.82,0.00,13.26,7,63.64,11,100.00,59.39,24.49,2.84,13.28,100.00
2003-02-03,KD,15,1954,71.67,11.65,12.59,4.09,53.87,5235,3752,610,214,659,495,277,116,30,72,1951,66.67,55.96,23.43,6.06,14.55,10,66.67,15,100.00,71.67,11.65,4.09,12.59,100.00
2005-05-09,M,20,1954,57.60,20.41,16.26,5.75,54.63,6980,4017,1408,422,1133,1100,375,475,98,152,1954,58.18,34.09,43.18,8.91,13.82,8,40.00,20,100.00,57.55,20.17,6.05,16.23,100.00
2019-10-14,MP,5,1973,71.06,14.27,10.60,4.07,52.72,1745,1240,249,71,185,80,70,0,0,10,1977,25.00,87.50,0.00,0.00,12.50,5,100.00,5,100.00,71.06,14.27,4.07,10.60,100.00
2018-04-16,KD,49,1970,59.05,14.30,17.54,9.12,54.44,17101,10099,2343,1765,2894,784,369,147,131,137,1970,68.75,47.07,18.75,16.71,17.47,28,57.14,49,100.00,59.06,13.70,10.32,16.92,100.00
2017-02-20,M,9,1969,50.27,17.80,16.55,15.38,54.15,3141,1579,559,483,520,756,148,279,212,117,1968,50.00,19.58,36.90,28.04,15.48,3,33.33,9,100.00,50.27,17.80,15.38,16.56,100.00
2009-04-13,L,6,1958,59.36,15.32,24.66,0.67,52.15,2094,1227,338,14,515,168,110,0,0,58,1960,39.29,65.48,0.00,0.00,34.52,6,100.00,6,100.00,58.60,16.14,0.67,24.59,100.00
2011-05-09,KD,15,1963,59.62,15.81,14.36,10.21,53.87,5235,2823,937,692,783,285,219,0,0,66,1961,57.89,76.84,0.00,0.00,23.16,15,100.00,15,100.00,53.93,17.90,13.22,14.96,100.00
2015-04-27,M,10,1969,60.43,23.15,13.81,2.61,55.01,3490,2109,808,91,482,840,437,293,0,110,1968,51.19,52.02,34.88,0.00,13.10,6,60.00,10,100.00,60.43,23.15,2.61,13.81,100.00
2019-03-11,M,16,1973,67.80,12.77,11.05,8.38,53.30,5584,3786,713,468,617,1120,806,186,0,128,1973,44.29,71.96,16.61,0.00,11.43,13,81.25,16,100.00,67.80,12.77,8.38,11.05,100.00
2006-01-30,L,3,1954,63.54,11.97,24.22,0.29,53.87,1047,637,149,2,259,144,71,33,0,40,1956,47.92,49.31,22.92,0.00,27.78,2,66.67,3,100.00,60.84,14.23,0.19,24.74,100.00
2008-10-20,V,2,1958,38.97,37.54,23.50,0.00,53.87,698,272,262,0,164,44,0,38,0,6,1958,36.36,0.00,86.36,0.00,13.64,0,0.00,2,100.00,38.97,37.54,0.00,23.50,100.00
2018-11-26,C,4,1973,60.60,25.50,8.17,5.73,53.30,1396,846,356,80,114,124,58,29,29,8,1973,61.29,46.77,23.39,23.39,6.45,2,50.00,4,100.00,60.60,25.50,5.73,8.17,100.00
2025-12-15,V,2,1975,65.76,5.59,12.61,16.05,0.00,698,459,39,112,88,44,18,18,0,8,1978,0.00,40.91,40.91,0.00,18.18,1,50.00,2,100.00,65.76,5.59,16.05,12.61,100.00
2004-05-17,KD,2,1954,56.74,18.48,24.64,0.15,55.01,698,396,129,1,172,66,22,22,0,22,1951,69.70,33.33,33.33,0.00,33.33,1,50.00,2,100.00,56.73,18.48,0.14,24.64,100.00
2010-05-17,C,14,1959,53.05,25.15,21.77,0.04,53.01,4886,2444,1320,3,1119,406,276,1,0,129,1957,58.62,67.98,0.25,0.00,31.77,14,100.00,14,100.00,50.02,27.02,0.06,22.90,100.00
2021-04-26,V,35,1973,10.79,2.76,83.97,2.48,53.01,12215,1344,395,220,10256,945,84,20,36,805,1974,29.63,8.89,2.12,3.81,85.19,21,60.00,35,100.00,11.00,3.23,1.80,83.96,100.00
2008-04-21,V,13,1958,56.98,22.61,16.95,3.46,53.30,4537,2585,1026,157,769,286,0,195,38,53,1958,36.36,0.00,68.18,13.29,18.53,0,0.00,13,100.00,56.98,22.61,3.46,16.95,100.00
2020-05-25,MP,17,1973,10.80,4.08,84.53,0.59,51.86,5933,641,242,35,5015,272,45,6,0,221,1978,12.50,16.54,2.21,0.00,81.25,15,88.24,17,100.00,10.80,4.08,0.59,84.53,100.00
2007-05-07,V,8,1958,54.63,30.25,14.43,0.70,51.58,2792,1637,668,34,453,176,0,144,0,32,1958,36.36,0.00,81.82,0.00,18.18,0,0.00,8,100.00,58.63,23.93,1.22,16.22,100.00
2013-04-08,S,20,1963,65.65,21.21,12.42,0.71,56.43,6980,4588,1469,74,849,2240,1068,870,0,302,1962,51.74,47.68,38.84,0.00,13.48,12,60.00,19,95.00,65.73,21.05,1.06,12.16,94.44
2021-04-05,L,32,1973,10.72,2.50,84.25,2.55,53.01,11168,1199,303,257,9409,608,66,10,19,513,1971,52.63,10.86,1.64,3.13,84.38,23,71.88,32,100.00,10.74,2.71,2.30,84.25,100.00
2006-05-29,MP,1,1954,38.68,39.83,21.49,0.00,53.30,349,135,139,0,75,17,0,13,0,4,1957,47.06,0.00,76.47,0.00,23.53,1,100.00,0,0.00,38.68,39.83,0.00,21.49,0.00
2014-02-03,MP,6,1963,56.73,23.78,17.24,2.25,56.73,2094,1188,498,47,361,150,80,53,16,1,1964,52.00,53.33,35.33,10.67,0.67,4,66.67,6,100.00,56.73,23.78,2.24,17.24,100.00
2009-04-20,M,9,1959,45.61,33.70,20.37,0.32,52.35,3141,1504,972,17,648,873,722,0,0,151,1959,58.45,82.70,0.00,0.00,17.30,9,100.00,9,100.00,47.88,30.95,0.54,20.63,100.00
2006-01-16,V,7,1954,55.95,18.83,18.87,6.34,53.58,2443,1367,460,155,461,196,154,0,0,42,1953,53.57,78.57,0.00,0.00,21.43,7,100.00,7,100.00,55.96,18.83,6.34,18.87,100.00
2021-05-17,-,22,1973,11.13,4.61,84.10,0.17,53.01,7678,791,395,25,6467,44,1,0,0,43,1970,0.00,2.27,0.00,0.00,97.73,1,4.55,17,77.27,10.30,5.14,0.33,84.23,88.10
2015-06-01,M,17,1969,67.86,14.55,13.84,3.76,54.73,5933,4068,1010,150,705,1428,916,386,0,126,1968,50.00,64.15,27.03,0.00,8.82,12,70.59,17,100.00,68.57,17.02,2.53,11.88,100.00
2019-04-22,MP,33,1973,65.03,18.15,11.82,5.01,53.01,11517,7424,2032,700,1361,528,407,28,1,92,1976,31.25,77.08,5.30,0.19,17.42,31,93.94,33,100.00,64.46,17.64,6.08,11.82,100.00
2019-04-01,-,49,1973,60.60,17.48,11.19,10.74,53.01,17101,10257,3101,1959,1784,49,0,0,0,49,1970,0.00,0.00,0.00,0.00,100.00,0,0.00,49,100.00,59.98,18.13,11.46,10.43,100.00
2010-01-18,KD,7,1959,53.72,27.50,18.56,0.23,53.30,2443,1263,718,5,457,168,148,0,0,20,1953,58.33,88.10,0.00,0.00,11.90,7,100.00,7,100.00,51.70,29.39,0.20,18.71,100.00
2018-01-29,KD,9,1969,73.70,16.65,9.17,0.48,54.15,3141,2315,523,15,288,144,120,0,15,9,1968,62.50,83.33,0.00,10.42,6.25,8,88.89,9,100.00,73.70,16.65,0.48,9.17,100.00
2018-11-19,L,8,1973,75.39,12.47,8.06,4.08,53.30,2792,2105,348,114,225,160,90,36,18,16,1970,55.00,56.25,22.50,11.25,10.00,5,62.50,8,100.00,75.39,12.46,4.08,8.06,100.00
2005-05-30,MP,27,1954,52.72,29.11,15.67,2.51,54.44,9423,5013,2583,333,1494,459,366,31,3,59,1958,52.94,79.74,6.75,0.65,12.85,26,96.30,26,96.30,53.20,27.41,3.53,15.85,97.37
2011-05-30,MP,6,1963,73.04,14.47,12.06,0.43,54.44,2094,1381,445,15,253,150,83,43,0,24,1965,44.00,55.33,28.67,0.00,16.00,4,66.67,6,100.00,65.95,21.25,0.72,12.08,100.00
2006-05-01,-,30,1954,58.31,19.50,21.59,0.62,53.86,10470,6107,1993,67,2303,60,18,10,8,24,1952,0.00,30.00,16.67,13.33,40.00,17,56.67,30,100.00,58.33,19.04,0.64,22.00,100.00
2002-11-18,KD,4,1954,55.59,23.21,10.99,10.22,54.73,1396,826,218,214,138,132,29,30,58,15,1951,69.70,21.97,22.73,43.94,11.36,1,25.00,4,100.00,59.17,15.62,15.33,9.89,100.00
2019-03-11,KD,16,1973,67.80,12.77,11.05,8.38,53.30,5584,3786,713,468,617,352,198,60,60,34,1970,72.73,56.25,17.05,17.05,9.66,10,62.50,16,100.00,67.80,12.77,8.38,11.05,100.00
2016-03-07,MP,12,1969,64.78,19.87,10.62,4.73,55.01,4188,2713,832,198,445,300,252,0,0,48,1968,48.00,84.00,0.00,0.00,16.00,12,100.00,12,100.00,64.78,19.87,4.73,10.63,100.00
2025-05-12,S,36,1975,54.44,20.15,13.94,11.48,55.59,12564,6843,2559,1471,1691,3816,1120,1387,830,479,1975,52.83,29.35,36.35,21.75,12.55,16,44.44,36,100.00,54.47,20.37,11.71,13.46,100.00
2003-12-08,L,4,1954,67.98,21.20,9.10,1.72,54.73,1396,949,296,24,127,192,86,85,0,21,1956,50.00,44.79,44.27,0.00,10.94,2,50.00,4,100.00,67.98,21.20,1.72,9.10,100.00
2005-02-14,L,27,1954,63.37,15.75,16.12,4.77,54.23,9423,5934,1467,462,1560,1296,634,358,79,225,1956,52.08,48.92,27.62,6.10,17.36,17,62.96,26,96.30,62.97,15.57,4.90,16.56,97.22
2008-03-31,MP,16,1958,53.67,22.73,21.79,1.82,53.30,5584,2954,1324,108,1198,304,90,125,31,58,1964,57.89,29.61,41.12,10.20,19.08,6,37.50,16,100.00,52.90,23.71,1.93,21.45,100.00
2009-12-21,V,3,1959,54.63,27.32,17.86,0.19,53.30,1047,572,286,2,187,66,0,57,0,9,1958,36.36,0.00,86.36,0.00,13.64,0,0.00,3,100.00,54.63,27.32,0.19,17.86,100.00
2022-05-16,C,37,1973,59.78,18.37,15.49,6.36,53.58,12913,7725,2369,824,1995,1147,551,231,181,184,1972,58.06,48.04,20.14,15.78,16.04,21,56.76,37,100.00,59.82,18.35,6.38,15.45,100.00
2013-05-20,V,16,1963,65.80,19.35,13.29,1.56,56.33,5584,3712,1015,114,743,304,117,146,0,41,1960,42.11,38.49,48.03,0.00,13.49,7,43.75,16,100.00,66.48,18.18,2.04,13.31,100.00
2008-01-07,KD,1,1958,43.27,31.81,14.61,10.32,53.01,349,151,111,36,51,24,21,0,0,3,1952,54.17,87.50,0.00,0.00,12.50,1,100.00,1,100.00,43.27,31.81,10.32,14.61,100.00
2023-11-27,M,10,1975,60.88,16.83,14.61,7.69,53.30,3490,2089,554,349,498,680,587,0,0,93,1976,50.00,86.32,0.00,0.00,13.68,10,100.00,10,100.00,59.86,15.87,10.00,14.27,100.00
2007-01-01,MP,5,1958,52.32,26.19,16.16,5.33,52.89,1745,913,457,93,282,95,25,0,40,30,1963,63.16,26.32,0.00,42.11,31.58,2,40.00,5,100.00,52.32,26.19,5.33,16.16,100.00
2021-01-04,KD,2,1973,13.75,2.01,84.24,0.00,51.29,698,96,14,0,588,44,6,0,0,38,1969,68.18,13.64,0.00,0.00,86.36,2,100.00,2,100.00,13.75,2.01,0.00,84.24,100.00
2008-06-09,MP,5,1958,48.90,29.04,16.86,5.20,53.30,1745,875,498,78,294,95,28,0,40,27,1964,57.89,29.47,0.00,42.11,28.42,2,40.00,5,100.00,50.14,28.54,4.47,16.85,100.00
2003-03-17,L,12,1954,60.58,18.94,17.60,2.89,54.15,4188,2537,793,121,737,576,203,273,1,99,1956,50.00,35.24,47.40,0.17,17.19,5,41.67,12,100.00,60.58,18.94,2.89,17.60,100.00
2011-01-24,MP,7,1963,74.11,11.70,13.53,0.67,54.44,2443,1763,350,19,311,175,64,86,0,25,1965,44.00,36.57,49.14,0.00,14.29,2,28.57,6,85.71,72.17,14.33,0.78,12.73,91.67
2021-05-17,M,22,1973,11.13,4.61,84.10,0.17,53.01,7678,791,395,25,6467,1540,132,99,11,1298,1973,45.71,8.57,6.43,0.71,84.29,7,31.82,17,77.27,10.30,5.14,0.33,84.23,88.10
2011-09-19,S,1,1963,84.53,5.16,10.32,0.00,54.44,349,295,18,0,36,112,101,0,0,11,1962,51.79,90.18,0.00,0.00,9.82,1,100.00,1,100.00,84.53,5.16,0.00,10.32,100.00
2009-12-14,S,1,1959,41.26,40.69,17.77,0.29,53.30,349,144,142,1,62,130,0,106,0,24,1958,53.08,0.00,81.54,0.00,18.46,0,0.00,1,100.00,41.26,40.69,0.29,17.77,100.00
2016-10-10,SD,2,1969,75.08,11.17,13.76,0.00,54.15,698,524,78,0,96,96,0,78,0,18,1974,77.08,0.00,81.25,0.00,18.75,0,0.00,2,100.00,75.07,11.17,0.00,13.75,100.00
2010-03-01,V,9,1959,45.82,34.08,19.68,0.43,53.01,3141,1483,933,20,705,198,0,148,18,32,1958,36.36,0.00,74.75,9.09,16.16,0,0.00,9,100.00,47.21,29.70,0.64,22.45,100.00
2018-06-11,M,45,1970,67.18,15.71,14.09,3.02,54.44,15705,10734,2435,595,1941,3735,2034,1102,150,449,1969,49.40,54.46,29.50,4.02,12.02,28,62.22,45,100.00,68.35,15.50,3.79,12.36,100.00
2025-05-05,KD,29,1975,56.03,18.21,13.23,12.54,55.87,10121,5657,2009,1161,1294,551,493,0,0,58,1970,73.68,89.47,0.00,0.00,10.53,29,100.00,29,100.00,55.89,19.85,11.47,12.79,100.00
2024-04-08,C,22,1975,57.69,16.89,15.25,10.19,52.44,7678,4370,1336,813,1159,528,139,162,143,84,1973,41.67,26.33,30.68,27.08,15.91,7,31.82,22,100.00,56.92,17.40,10.59,15.10,100.00
2011-05-30,S,6,1963,73.04,14.47,12.06,0.43,54.44,2094,1381,445,15,253,672,296,297,0,79,1962,51.79,44.05,44.20,0.00,11.76,3,50.00,6,100.00,65.95,21.25,0.72,12.08,100.00
2025-03-24,-,20,1975,50.59,22.26,14.54,12.62,56.16,6980,3618,1768,657,937,40,17,15,5,3,1964,50.00,42.50,37.50,12.50,7.50,5,25.00,20,100.00,51.83,25.33,9.41,13.42,100.00
2009-04-20,L,9,1959,45.61,33.70,20.37,0.32,52.35,3141,1504,972,17,648,252,192,0,0,60,1960,39.29,76.19,0.00,0.00,23.81,9,100.00,9,100.00,47.88,30.95,0.54,20.63,100.00
2006-04-03,MP,26,1954,53.35,19.63,22.88,4.15,53.87,9074,4883,1836,276,2079,442,252,47,19,124,1958,52.94,57.01,10.63,4.30,28.05,20,76.92,25,96.15,53.81,20.23,3.04,22.91,97.22
2002-12-02,S,30,1954,63.82,18.00,10.87,7.32,54.63,10470,6640,1935,783,1112,4320,3947,0,3,370,1954,51.93,91.37,0.00,0.07,8.56,29,96.67,29,96.67,63.42,18.48,7.48,10.62,94.45
2008-11-10,M,12,1958,52.19,26.67,17.51,3.63,53.30,4188,2367,894,208,719,1164,1022,0,3,139,1959,57.73,87.80,0.00,0.26,11.94,12,100.00,12,100.00,56.52,21.35,4.97,17.17,100.00
2004-04-19,KD,27,1954,59.55,19.19,14.46,6.80,55.01,9423,5605,1820,635,1363,891,265,277,195,154,1951,69.70,29.74,31.09,21.89,17.28,12,44.44,26,96.30,59.48,19.31,6.74,14.46,96.43
2004-09-20,S,5,1954,50.61,29.05,17.41,2.94,53.58,1745,951,433,82,279,720,624,0,0,96,1954,50.00,86.67,0.00,0.00,13.33,5,100.00,5,100.00,54.50,24.81,4.70,15.99,100.00
2018-02-12,KD,5,1969,62.18,19.48,13.75,4.58,54.44,1745,1085,340,80,240,80,33,22,0,25,1970,68.75,41.25,27.50,0.00,31.25,3,60.00,5,100.00,62.18,19.48,4.58,13.75,100.00
2024-09-30,MP,7,1975,68.40,9.54,17.85,4.22,54.44,2443,1671,233,103,436,126,15,45,45,21,1978,33.33,11.90,35.71,35.71,16.67,1,14.29,7,100.00,68.40,9.54,4.22,17.85,100.00
2024-06-17,-,27,1975,59.26,15.28,13.25,12.20,53.30,9423,5584,1440,1150,1249,54,29,12,11,2,1964,50.00,53.70,22.22,20.37,3.70,13,48.15,27,100.00,59.26,15.28,12.20,13.25,100.00
2019-06-03,KD,3,1973,72.87,16.53,10.41,0.19,52.72,1047,763,173,2,109,66,57,0,0,9,1969,68.18,86.36,0.00,0.00,13.64,3,100.00,3,100.00,72.87,16.52,0.19,10.41,100.00
2020-11-23,MP,1,1973,9.74,6.30,83.95,0.00,50.72,349,34,22,0,293,16,3,0,0,13,1978,12.50,18.75,0.00,0.00,81.25,1,100.00,1,100.00,9.74,6.30,0.00,83.95,100.00
2015-11-30,M,6,1969,59.13,18.63,11.94,10.32,55.01,2094,1238,390,216,250,504,169,224,59,52,1968,47.62,33.53,44.44,11.71,10.32,3,50.00,6,100.00,59.12,18.62,10.32,11.94,100.00
2020-04-20,L,25,1973,10.37,2.74,84.25,2.66,52.44,8725,858,299,217,7351,475,57,10,8,400,1971,52.63,12.00,2.11,1.68,84.21,20,80.00,25,100.00,9.83,3.43,2.49,84.25,100.00
2010-05-10,L,5,1959,52.82,28.85,18.34,0.00,53.01,1745,960,465,0,320,140,117,0,0,23,1960,42.86,83.57,0.00,0.00,16.43,5,100.00,5,100.00,55.01,26.65,0.00,18.34,100.00
2017-04-24,MP,23,1969,57.91,16.48,20.44,5.18,53.87,8027,4730,1421,289,1587,575,491,21,1,62,1968,44.00,85.39,3.65,0.17,10.78,22,95.65,23,100.00,58.93,17.70,3.60,19.77,100.00
2019-11-25,KD,10,1973,66.33,19.93,3.89,9.86,52.44,3490,2234,707,447,102,220,105,42,63,10,1969,68.18,47.73,19.09,28.64,4.55,5,50.00,10,100.00,64.01,20.26,12.81,2.92,100.00
2025-01-20,S,6,1976,74.31,9.84,12.08,3.77,55.59,2094,1556,206,79,253,636,558,0,0,78,1976,50.94,87.74,0.00,0.00,12.26,6,100.00,6,100.00,74.31,9.84,3.77,12.08,100.00
2020-12-14,MP,16,1973,8.68,2.57,84.18,4.57,50.91,5584,490,151,243,4700,256,45,3,0,208,1978,12.50,17.58,1.17,0.00,81.25,15,93.75,16,100.00,8.78,2.70,4.35,84.17,100.00
2015-11-30,KD,6,1969,59.13,18.63,11.94,10.32,55.01,2094,1238,390,216,250,96,28,14,42,12,1968,62.50,29.17,14.58,43.75,12.50,2,33.33,6,100.00,59.12,18.62,10.32,11.94,100.00
2016-12-12,-,23,1969,56.13,14.07,10.97,18.84,54.44,8027,4656,1273,1303,795,23,0,0,0,23,1964,0.00,0.00,0.00,0.00,100.00,0,0.00,23,100.00,58.00,15.86,16.23,9.90,100.00
2010-11-29,C,17,1963,57.25,27.72,9.68,5.36,54.73,5933,3361,1730,249,593,391,300,34,0,57,1964,60.87,76.73,8.70,0.00,14.58,15,88.24,17,100.00,56.65,29.16,4.20,9.99,100.00
2010-05-31,-,16,1959,57.28,30.48,9.97,2.28,53.01,5584,3025,1846,167,546,16,15,1,0,0,1944,100.00,93.75,6.25,0.00,0.00,15,93.75,16,100.00,54.17,33.06,2.99,9.78,100.00
2020-11-16,V,9,1973,11.14,3.09,84.01,1.75,50.72,3141,350,97,55,2639,243,23,8,4,208,1974,29.63,9.47,3.29,1.65,85.60,6,66.67,9,100.00,11.14,3.09,1.75,84.02,100.00
2018-05-14,SD,15,1970,63.38,15.27,13.57,7.78,54.15,5235,3356,789,414,676,630,166,236,96,132,1975,76.19,26.35,37.46,15.24,20.95,6,40.00,15,100.00,64.11,15.07,7.91,12.91,100.00
2006-02-20,V,22,1954,54.82,22.33,20.57,2.30,54.40,7678,4243,1711,146,1578,616,366,108,5,137,1953,56.59,59.42,17.53,0.81,22.24,16,72.73,21,95.45,55.26,22.28,1.90,20.55,94.45
2007-04-02,M,7,1958,44.75,32.24,20.04,2.99,51.58,2443,1174,785,50,434,679,591,0,0,88,1959,56.70,87.04,0.00,0.00,12.96,7,100.00,7,100.00,48.06,32.13,2.05,17.77,100.00
2006-02-13,C,30,1954,52.57,24.61,20.40,2.44,54.16,10470,5508,2601,223,2138,660,153,308,16,183,1954,54.55,23.18,46.67,2.42,27.73,13,43.33,27,90.00,52.61,24.84,2.13,20.42,90.28
2017-11-06,M,7,1969,63.49,21.41,13.79,1.31,53.87,2443,1551,523,32,337,581,443,75,0,63,1968,49.40,76.25,12.91,0.00,10.84,6,85.71,7,100.00,63.49,21.41,1.31,13.79,100.00
2007-01-29,M,1,1958,40.40,28.65,21.20,9.74,51.86,349,141,100,34,74,97,78,0,0,19,1959,57.73,80.41,0.00,0.00,19.59,1,100.00,1,100.00,40.40,28.65,9.74,21.20,100.00
2022-06-20,L,59,1973,66.39,23.62,6.90,3.10,52.44,20591,13077,4571,839,2104,1180,918,125,47,90,1971,55.00,77.80,10.59,3.98,7.63,49,83.05,58,98.31,63.51,22.20,4.07,10.22,96.43
2009-06-01,MP,18,1958,51.13,34.01,13.62,1.24,52.67,6282,3382,1975,116,809,342,40,239,56,7,1964,57.89,11.70,69.88,16.37,2.05,3,16.67,18,100.00,53.84,31.44,1.85,12.88,100.00
2008-03-31,S,16,1958,53.67,22.73,21.79,1.82,53.30,5584,2954,1324,108,1198,2080,596,993,2,489,1958,52.31,28.65,47.74,0.10,23.51,6,37.50,16,100.00,52.90,23.71,1.93,21.45,100.00
2013-05-06,M,18,1963,54.75,33.03,9.91,2.31,56.26,6282,3750,1613,279,640,1926,1787,0,1,138,1965,57.01,92.78,0.00,0.05,7.17,17,94.44,17,94.44,59.69,25.68,4.44,10.19,66.67
2003-05-19,MP,31,1954,60.61,19.30,14.52,5.58,55.01,10819,6534,1976,564,1745,527,285,88,48,106,1956,41.18,54.08,16.70,9.11,20.11,22,70.97,31,100.00,60.39,18.26,5.21,16.13,100.00
2009-05-25,M,4,1959,48.29,31.38,17.00,3.34,52.54,1396,721,419,36,220,388,339,0,0,49,1959,58.76,87.37,0.00,0.00,12.63,4,100.00,4,100.00,51.65,30.01,2.58,15.76,100.00
2015-10-19,SD,2,1969,56.88,18.77,17.77,6.59,54.73,698,397,131,46,124,98,42,15,25,16,1974,75.51,42.86,15.31,25.51,16.33,1,50.00,2,100.00,56.88,18.77,6.59,17.77,100.00
2003-09-15,MP,3,1954,53.49,25.60,20.92,0.00,55.30,1047,560,268,0,219,51,13,26,0,12,1955,47.06,25.49,50.98,0.00,23.53,2,66.67,2,66.67,53.49,25.60,0.00,20.92,66.67
2006-12-04,M,17,1958,61.22,18.29,18.64,1.86,52.72,5933,3339,1380,111,1103,1649,1434,1,0,214,1959,57.73,86.96,0.06,0.00,12.98,17,100.00,17,100.00,56.28,23.26,1.87,18.59,100.00
2009-11-23,C,16,1959,46.45,33.32,19.11,1.13,53.58,5584,2829,1618,110,1027,464,380,0,0,84,1957,58.62,81.90,0.00,0.00,18.10,16,100.00,16,100.00,50.66,28.98,1.97,18.39,100.00
2021-11-22,SD,7,1973,70.74,16.72,5.91,6.65,52.58,2443,1627,498,232,86,434,358,62,0,14,1976,73.39,82.49,14.29,0.00,3.23,6,85.71,7,100.00,66.60,20.38,9.50,3.52,100.00
2004-09-06,C,9,1954,58.55,16.90,22.32,2.23,53.58,3141,1839,531,70,701,198,92,36,32,38,1954,54.55,46.46,18.18,16.16,19.19,5,55.56,9,100.00,58.55,16.91,2.23,22.32,100.00
2025-03-10,KD,21,1975,59.45,12.19,14.48,13.88,56.16,7329,4470,866,939,1054,399,315,0,0,84,1970,73.68,78.95,0.00,0.00,21.05,21,100.00,21,100.00,60.99,11.82,12.81,14.38,100.00
2016-04-18,MP,22,1969,64.52,13.89,16.35,5.25,54.44,7678,4932,1124,404,1218,550,484,0,0,66,1968,48.00,88.00,0.00,0.00,12.00,22,100.00,22,100.00,64.24,14.64,5.26,15.86,100.00
2013-02-18,KD,17,1963,63.19,21.14,15.40,0.29,56.68,5933,3719,1288,20,906,323,284,0,0,39,1961,57.89,87.93,0.00,0.00,12.07,17,100.00,17,100.00,62.68,21.71,0.34,15.27,100.00
2024-01-22,-,6,1975,69.68,8.74,14.38,7.21,52.72,2094,1459,183,151,301,6,6,0,0,0,1968,0.00,100.00,0.00,0.00,0.00,6,100.00,6,100.00,69.68,8.74,7.21,14.37,100.00
2003-11-17,MP,19,1954,62.10,21.17,11.43,5.29,54.73,6631,4118,1404,351,758,323,224,33,23,43,1955,47.06,69.35,10.22,7.12,13.31,17,89.47,19,100.00,62.10,21.17,5.29,11.43,100.00
2015-05-04,M,9,1969,71.35,14.93,13.08,0.64,55.01,3141,2241,469,20,411,756,490,140,0,126,1968,51.19,64.81,18.52,0.00,16.67,7,77.78,9,100.00,71.35,14.93,0.64,13.09,100.00
2017-05-08,SD,30,1969,64.85,17.49,13.91,3.77,53.87,10470,6303,2078,736,1353,1410,815,253,214,128,1975,78.72,57.80,17.94,15.18,9.08,19,63.33,30,100.00,60.20,19.85,7.03,12.92,100.00
2012-04-16,SD,10,1963,68.68,19.25,12.07,0.00,57.02,3490,2366,698,0,426,190,151,38,0,1,1969,84.21,79.47,20.00,0.00,0.53,8,80.00,10,100.00,67.79,20.00,0.00,12.21,100.00
2014-04-07,SD,7,1963,49.36,24.60,19.52,6.51,57.02,2443,1206,601,159,477,140,90,36,0,14,1968,80.00,64.29,25.71,0.00,10.00,5,71.43,7,100.00,49.37,24.60,6.51,19.53,100.00
2024-02-12,L,12,1975,66.45,18.98,14.06,0.50,52.44,4188,2783,795,21,589,192,167,0,0,25,1974,37.50,86.98,0.00,0.00,13.02,12,100.00,12,100.00,66.45,18.98,0.50,14.06,100.00
2023-09-11,M,3,1975,77.27,7.35,13.56,1.81,53.87,1047,809,77,19,142,204,180,0,0,24,1976,50.00,88.24,0.00,0.00,11.76,3,100.00,3,100.00,77.27,7.35,1.81,13.56,100.00
2025-03-10,V,21,1975,59.45,12.19,14.48,13.88,56.16,7329,4470,866,939,1054,504,186,83,164,71,1977,29.17,36.90,16.47,32.54,14.09,9,42.86,21,100.00,60.99,11.82,12.81,14.38,100.00
2020-09-21,-,1,1973,10.89,2.87,83.95,2.29,50.72,349,38,10,8,293,2,0,0,1,1,1970,0.00,0.00,0.00,50.00,50.00,0,0.00,1,100.00,10.89,2.87,2.29,83.95,100.00
2013-09-30,C,1,1963,85.96,0.00,14.04,0.00,55.59,349,300,0,0,49,23,19,0,0,4,1963,65.22,82.61,0.00,0.00,17.39,1,100.00,1,100.00,85.96,0.00,0.00,14.04,100.00
2017-06-19,S,36,1969,56.54,25.68,8.96,8.83,53.58,12564,8155,2600,732,1077,4068,3431,310,0,327,1969,48.67,84.34,7.62,0.00,8.04,33,91.67,36,100.00,64.91,20.69,5.83,8.57,100.00
2004-11-08,V,8,1954,52.26,21.64,15.84,10.29,53.30,2792,1459,604,287,442,240,175,24,0,41,1953,50.00,72.92,10.00,0.00,17.08,7,87.50,8,100.00,52.26,21.63,10.28,15.83,100.00
2012-11-26,KD,22,1963,70.24,15.85,12.35,1.56,57.02,7678,5365,1215,139,959,418,357,0,0,61,1962,52.63,85.41,0.00,0.00,14.59,22,100.00,22,100.00,69.87,15.82,1.81,12.49,100.00
2010-05-31,S,16,1959,57.28,30.48,9.97,2.28,53.01,5584,3025,1846,167,546,2080,386,1382,72,240,1959,52.31,18.56,66.44,3.46,11.54,4,25.00,16,100.00,54.17,33.06,2.99,9.78,100.00
2012-04-16,-,10,1963,68.68,19.25,12.07,0.00,57.02,3490,2366,698,0,426,10,0,0,0,10,1988,100.00,0.00,0.00,0.00,100.00,0,0.00,10,100.00,67.79,20.00,0.00,12.21,100.00
2012-11-19,SD,6,1963,61.13,20.06,10.13,8.69,57.02,2094,1280,420,182,212,120,19,19,75,7,1969,85.00,15.83,15.83,62.50,5.83,1,16.67,6,100.00,61.13,20.06,8.69,10.12,100.00
2012-02-13,M,8,1963,53.17,22.42,12.62,11.80,55.30,2792,1568,465,398,361,856,780,1,3,72,1965,56.07,91.12,0.12,0.35,8.41,8,100.00,8,100.00,56.16,16.65,14.26,12.93,100.00
2019-04-01,MP,49,1973,60.60,17.48,11.19,10.74,53.01,17101,10257,3101,1959,1784,784,618,56,9,101,1976,31.25,78.83,7.14,1.15,12.88,45,91.84,49,100.00,59.98,18.13,11.46,10.43,100.00
2022-05-30,-,56,1973,56.38,21.92,17.93,3.77,53.01,19544,11043,4521,692,3288,112,41,22,7,42,1959,50.00,36.61,19.64,6.25,37.50,39,69.64,48,85.71,56.50,23.13,3.54,16.82,89.23
2006-05-29,KD,1,1954,38.68,39.83,21.49,0.00,53.30,349,135,139,0,75,33,0,26,0,7,1951,69.70,0.00,78.79,0.00,21.21,1,100.00,0,0.00,38.68,39.83,0.00,21.49,0.00
2004-03-08,MP,33,1954,61.70,15.09,19.84,3.38,54.73,11517,6888,1880,391,2358,561,205,191,14,151,1957,41.18,36.54,34.05,2.50,26.92,17,51.52,33,100.00,59.81,16.32,3.39,20.47,100.00
2009-05-04,V,11,1959,46.03,33.00,20.75,0.22,52.44,3839,1809,1212,14,804,242,0,188,0,54,1958,36.36,0.00,77.69,0.00,22.31,0,0.00,11,100.00,47.12,31.57,0.36,20.94,100.00
2013-03-25,L,15,1963,66.53,20.68,11.97,0.83,56.19,5235,3463,1166,60,546,360,318,0,0,42,1960,54.17,88.33,0.00,0.00,11.67,15,100.00,15,100.00,66.15,22.27,1.15,10.43,100.00
2012-04-23,S,32,1963,68.45,15.48,11.19,4.89,57.02,11168,7296,1676,1004,1192,3584,1650,890,592,452,1962,51.79,46.04,24.83,16.52,12.61,18,56.25,32,100.00,65.33,15.01,8.99,10.67,100.00
2024-09-30,C,7,1975,68.40,9.54,17.85,4.22,54.44,2443,1671,233,103,436,168,80,39,19,30,1972,50.00,47.62,23.21,11.31,17.86,4,57.14,7,100.00,68.40,9.54,4.22,17.85,100.00
2015-02-09,KD,3,1969,68.86,16.71,14.42,0.00,55.01,1047,721,175,0,151,48,39,0,0,9,1968,62.50,81.25,0.00,0.00,18.75,3,100.00,3,100.00,68.86,16.71,0.00,14.42,100.00
2018-01-15,KD,4,1969,80.37,8.74,10.89,0.00,53.58,1396,1122,122,0,152,64,60,0,0,4,1968,62.50,93.75,0.00,0.00,6.25,4,100.00,4,100.00,80.37,8.74,0.00,10.89,100.00
2022-02-28,KD,32,1973,71.44,10.82,15.21,2.54,53.58,11168,7058,1921,400,1789,704,393,120,34,157,1970,72.73,55.82,17.05,4.83,22.30,24,75.00,31,96.88,63.20,17.20,3.58,16.02,98.39
2002-11-25,M,37,1954,63.64,19.22,10.78,6.37,54.73,12913,8339,2384,799,1391,2035,976,667,144,248,1954,61.82,47.96,32.78,7.08,12.19,24,64.86,36,97.30,64.58,18.46,6.19,10.77,95.84
2012-02-13,L,8,1963,53.17,22.42,12.62,11.80,55.30,2792,1568,465,398,361,192,154,0,0,38,1959,54.17,80.21,0.00,0.00,19.79,8,100.00,8,100.00,56.16,16.65,14.26,12.93,100.00
2020-09-28,-,4,1973,10.46,5.30,83.95,0.29,50.72,1396,146,74,4,1172,8,0,0,4,4,1970,0.00,0.00,0.00,50.00,50.00,0,0.00,3,75.00,10.46,5.30,0.29,83.95,75.00
2015-04-20,C,31,1969,62.53,15.18,18.57,3.73,55.01,10819,6887,1699,319,1914,682,376,164,16,126,1967,59.09,55.13,24.05,2.35,18.48,21,67.74,31,100.00,63.66,15.70,2.95,17.69,100.00
2025-12-15,MP,2,1975,65.76,5.59,12.61,16.05,0.00,698,459,39,112,88,36,16,0,16,4,1977,0.00,44.44,0.00,44.44,11.11,1,50.00,2,100.00,65.76,5.59,16.05,12.61,100.00
2013-02-04,C,1,1963,74.21,6.02,15.19,4.58,56.45,349,259,21,16,53,23,18,0,0,5,1963,65.22,78.26,0.00,0.00,21.74,1,100.00,1,100.00,74.21,6.02,4.58,15.19,100.00
2021-01-18,SD,4,1973,10.39,5.09,83.95,0.57,51.29,1396,145,71,8,1172,248,10,30,0,208,1975,70.97,4.03,12.10,0.00,83.87,1,25.00,4,100.00,10.39,5.09,0.57,83.95,100.00
2022-12-12,MP,2,1975,42.98,26.65,14.61,15.76,53.01,698,300,186,110,102,36,0,0,32,4,1976,33.33,0.00,0.00,88.89,11.11,0,0.00,2,100.00,42.98,26.65,15.76,14.61,100.00
2020-03-02,KD,22,1973,65.19,14.15,8.26,12.43,52.44,7678,5041,1551,447,639,484,300,80,60,44,1969,63.64,61.98,16.53,12.40,9.09,15,68.18,22,100.00,65.66,20.20,5.82,8.32,100.00
2024-01-29,C,6,1975,59.70,25.41,13.18,1.72,52.44,2094,1250,532,36,276,144,84,21,21,18,1973,41.67,58.33,14.58,14.58,12.50,4,66.67,6,100.00,59.69,25.41,1.72,13.18,100.00
2014-06-23,MP,29,1963,63.48,22.55,8.39,5.59,56.45,10121,6294,2341,643,843,725,279,266,146,34,1965,52.00,38.48,36.69,20.14,4.69,12,41.38,29,100.00,62.19,23.13,6.35,8.33,100.00
2021-06-07,S,37,1973,11.20,3.55,83.99,1.27,53.01,12913,1388,478,202,10845,3700,528,64,0,3108,1972,51.00,14.27,1.73,0.00,84.00,35,94.59,35,94.59,10.75,3.70,1.56,83.99,96.67
2005-11-21,S,35,1954,60.16,17.27,17.84,4.74,53.88,12215,7354,2105,576,2180,5040,4242,0,3,795,1954,51.39,84.17,0.00,0.06,15.77,35,100.00,35,100.00,60.20,17.23,4.72,17.85,100.00
2012-01-23,-,6,1963,66.34,21.99,8.56,3.12,55.30,2094,1400,470,53,171,6,0,0,0,6,1988,100.00,0.00,0.00,0.00,100.00,0,0.00,6,100.00,66.86,22.45,2.53,8.17,100.00
2021-10-11,SD,2,1973,57.74,27.80,11.89,2.58,52.72,698,403,194,18,83,124,0,109,0,15,1976,74.19,0.00,87.90,0.00,12.10,0,0.00,2,100.00,57.74,27.79,2.58,11.89,100.00
2008-03-03,L,18,1958,53.17,25.01,19.48,2.35,52.94,6282,3334,1539,191,1218,504,371,0,0,133,1960,46.43,73.61,0.00,0.00,26.39,18,100.00,18,100.00,53.07,24.50,3.04,19.39,100.00
2008-11-03,V,7,1958,54.13,28.14,16.42,1.32,53.30,2443,1409,595,28,411,154,16,108,1,29,1958,36.36,10.39,70.13,0.65,18.83,1,14.29,7,100.00,57.67,24.36,1.15,16.82,100.00
2014-01-27,M,15,1963,59.37,25.52,12.38,2.73,56.73,5235,3108,1336,143,648,1605,1468,0,0,137,1964,57.94,91.46,0.00,0.00,8.54,15,100.00,15,100.00,59.37,25.52,2.73,12.38,100.00
2023-11-27,KD,10,1975,60.88,16.83,14.61,7.69,53.30,3490,2089,554,349,498,190,163,0,0,27,1970,73.68,85.79,0.00,0.00,14.21,10,100.00,10,100.00,59.86,15.87,10.00,14.27,100.00
2018-04-23,S,25,1970,57.55,12.36,18.72,11.38,54.44,8725,5227,1442,537,1519,2825,2339,0,0,486,1969,48.67,82.80,0.00,0.00,17.20,24,96.00,24,96.00,59.91,16.53,6.15,17.41,97.73
2012-09-10,V,1,1963,86.82,5.73,7.45,0.00,56.16,349,303,20,0,26,19,17,0,0,2,1960,42.11,89.47,0.00,0.00,10.53,1,100.00,1,100.00,86.82,5.73,0.00,7.45,100.00
2020-06-01,KD,10,1973,11.83,3.67,84.24,0.27,51.86,3490,383,150,17,2940,220,15,12,3,190,1969,63.64,6.82,5.45,1.36,86.36,5,50.00,10,100.00,10.97,4.30,0.49,84.24,100.00
2017-09-18,S,2,1969,71.78,10.75,17.48,0.00,53.58,698,501,75,0,122,226,190,0,0,36,1968,46.90,84.07,0.00,0.00,15.93,2,100.00,2,100.00,71.78,10.74,0.00,17.48,100.00
2023-11-20,V,5,1975,56.45,25.79,17.77,0.00,53.30,1745,985,450,0,310,120,0,90,0,30,1977,29.17,0.00,75.00,0.00,25.00,0,0.00,5,100.00,56.45,25.79,0.00,17.77,100.00
2011-03-21,C,26,1963,58.73,24.07,13.50,3.71,54.44,9074,5432,2112,306,1224,598,502,0,0,96,1964,60.87,83.95,0.00,0.00,16.05,26,100.00,26,100.00,59.86,23.28,3.37,13.49,100.00
2004-11-29,MP,30,1954,61.46,19.59,14.38,4.59,53.45,10470,6619,1940,547,1364,510,284,137,18,71,1957,47.06,55.69,26.86,3.53,13.92,22,73.33,29,96.67,63.22,18.53,5.22,13.03,97.73
2017-03-27,C,20,1969,62.80,15.34,18.35,3.52,53.30,6980,4357,1044,368,1211,440,210,86,54,90,1967,63.64,47.73,19.55,12.27,20.45,12,60.00,20,100.00,62.42,14.96,5.27,17.35,100.00
2020-12-14,S,16,1973,8.68,2.57,84.18,4.57,50.91,5584,490,151,243,4700,1600,239,16,0,1345,1972,49.67,14.94,1.00,0.00,84.06,15,93.75,16,100.00,8.78,2.70,4.35,84.17,100.00
2025-05-05,M,29,1975,56.03,18.21,13.23,12.54,55.87,10121,5657,2009,1161,1294,1972,1731,0,0,241,1975,52.94,87.78,0.00,0.00,12.22,29,100.00,29,100.00,55.89,19.85,11.47,12.79,100.00
2014-02-17,C,16,1963,63.61,18.66,14.40,3.33,56.73,5584,3552,1042,186,804,368,272,0,0,96,1963,65.22,73.91,0.00,0.00,26.09,16,100.00,16,100.00,63.61,18.66,3.33,14.40,100.00
2007-11-19,C,3,1958,53.49,28.46,18.05,0.00,52.72,1047,560,298,0,189,87,65,0,0,22,1957,62.07,74.71,0.00,0.00,25.29,3,100.00,3,100.00,53.49,28.46,0.00,18.05,100.00
2022-06-06,KD,30,1973,58.76,15.88,16.37,8.99,52.72,10470,6369,1629,830,1642,660,372,136,74,78,1970,72.73,56.36,20.61,11.21,11.82,16,53.33,27,90.00,60.83,15.56,7.93,15.68,89.69
2022-01-17,SD,6,1973,41.74,22.50,28.94,6.83,53.87,2094,874,471,143,606,372,134,44,86,108,1975,75.81,36.02,11.83,23.12,29.03,4,66.67,6,100.00,41.74,22.49,6.83,28.94,100.00
2024-01-22,L,6,1975,69.68,8.74,14.38,7.21,52.72,2094,1459,183,151,301,96,72,0,0,24,1974,37.50,75.00,0.00,0.00,25.00,6,100.00,6,100.00,69.68,8.74,7.21,14.37,100.00
2021-04-05,-,32,1973,10.72,2.50,84.25,2.55,53.01,11168,1199,303,257,9409,64,0,0,0,64,1970,0.00,0.00,0.00,0.00,100.00,0,0.00,32,100.00,10.74,2.71,2.30,84.25,100.00
2009-03-16,M,13,1959,46.75,31.91,18.11,3.24,51.86,4537,2146,1452,90,849,1261,1059,0,0,202,1959,56.70,83.98,0.00,0.00,16.02,13,100.00,13,100.00,47.30,32.00,1.98,18.71,100.00
2012-02-13,MP,8,1963,53.17,22.42,12.62,11.80,55.30,2792,1568,465,398,361,200,24,68,89,19,1964,52.00,12.00,34.00,44.50,9.50,2,25.00,8,100.00,56.16,16.65,14.26,12.93,100.00
2013-03-11,V,28,1963,64.38,16.38,11.91,7.32,56.52,9772,5810,1795,792,1375,532,91,275,98,68,1961,47.37,17.11,51.69,18.42,12.78,7,25.00,28,100.00,59.46,18.37,8.10,14.07,100.00
2013-02-11,S,32,1963,58.48,21.69,13.42,6.42,56.53,11168,7233,1989,598,1348,3584,1458,1368,292,466,1962,50.89,40.68,38.17,8.15,13.00,17,53.13,32,100.00,64.77,17.81,5.35,12.07,100.00
2009-06-01,M,18,1958,51.13,34.01,13.62,1.24,52.67,6282,3382,1975,116,809,1746,1559,0,0,187,1959,58.76,89.29,0.00,0.00,10.71,18,100.00,18,100.00,53.84,31.44,1.85,12.88,100.00
2020-03-02,MP,22,1973,65.19,14.15,8.26,12.43,52.44,7678,5041,1551,447,639,352,305,47,0,0,1978,18.75,86.65,13.35,0.00,0.00,19,86.36,22,100.00,65.66,20.20,5.82,8.32,100.00
2018-03-12,-,8,1970,68.62,15.11,13.79,2.47,54.44,2792,1916,422,69,385,40,5,3,0,32,1972,40.00,12.50,7.50,0.00,80.00,5,62.50,8,100.00,68.62,15.11,2.47,13.79,100.00
2012-11-05,KD,3,1963,77.73,7.95,14.33,0.00,56.59,1047,820,73,0,154,57,51,0,0,6,1962,52.63,89.47,0.00,0.00,10.53,3,100.00,3,100.00,78.32,6.97,0.00,14.71,100.00
2009-08-31,L,1,1958,42.41,30.37,17.48,9.74,53.58,349,148,106,34,61,28,21,0,0,7,1960,42.86,75.00,0.00,0.00,25.00,1,100.00,1,100.00,42.41,30.37,9.74,17.48,100.00
2017-02-20,SD,9,1969,50.27,17.80,16.55,15.38,54.15,3141,1579,559,483,520,423,73,185,74,91,1975,78.72,17.26,43.74,17.49,21.51,2,22.22,9,100.00,50.27,17.80,15.38,16.56,100.00
2014-06-02,M,10,1963,70.37,13.41,15.25,0.97,56.45,3490,2456,468,34,532,1070,909,0,0,161,1964,57.01,84.95,0.00,0.00,15.05,10,100.00,10,100.00,70.37,13.41,0.97,15.24,100.00
2016-11-14,MP,2,1969,63.04,26.36,10.61,0.00,54.44,698,440,184,0,74,50,21,21,0,8,1968,44.00,42.00,42.00,0.00,16.00,1,50.00,2,100.00,63.04,26.36,0.00,10.60,100.00
2010-05-10,MP,5,1959,52.82,28.85,18.34,0.00,53.01,1745,960,465,0,320,95,12,49,0,34,1964,57.89,12.63,51.58,0.00,35.79,1,20.00,5,100.00,55.01,26.65,0.00,18.34,100.00
2011-01-24,C,7,1963,74.11,11.70,13.53,0.67,54.44,2443,1763,350,19,311,161,120,20,0,21,1964,60.87,74.53,12.42,0.00,13.04,7,100.00,6,85.71,72.17,14.33,0.78,12.73,91.67
2008-11-03,M,7,1958,54.13,28.14,16.42,1.32,53.30,2443,1409,595,28,411,679,599,0,0,80,1959,57.73,88.22,0.00,0.00,11.78,7,100.00,7,100.00,57.67,24.36,1.15,16.82,100.00
2025-03-31,V,20,1975,53.83,15.66,13.53,16.99,56.16,6980,3757,1093,1186,944,480,180,141,79,80,1977,29.17,37.50,29.38,16.46,16.67,10,50.00,19,95.00,53.83,15.66,16.99,13.52,95.00
2010-11-15,KD,7,1963,70.57,19.85,8.76,0.82,54.65,2443,1724,485,20,214,133,113,0,0,20,1961,57.89,84.96,0.00,0.00,15.04,7,100.00,7,100.00,70.57,19.85,0.82,8.76,100.00
2020-12-14,SD,16,1973,8.68,2.57,84.18,4.57,50.91,5584,490,151,243,4700,992,50,70,40,832,1975,70.97,5.04,7.06,4.03,83.87,5,31.25,16,100.00,8.78,2.70,4.35,84.17,100.00
2010-05-03,M,10,1959,50.61,30.88,18.15,0.36,53.01,3490,1680,1157,19,634,960,818,0,0,142,1960,57.29,85.21,0.00,0.00,14.79,10,100.00,10,100.00,48.14,33.15,0.54,18.17,100.00
2013-12-16,V,24,1963,76.38,13.49,7.58,2.57,55.87,8376,6474,1155,198,549,456,124,229,71,32,1961,47.37,27.19,50.22,15.57,7.02,7,29.17,24,100.00,77.29,13.79,2.36,6.55,100.00
2025-11-03,S,7,1975,57.72,21.16,14.90,6.22,55.59,2443,1410,517,152,364,742,268,274,95,105,1975,51.89,36.12,36.93,12.80,14.15,3,42.86,7,100.00,57.72,21.16,6.22,14.90,100.00
2012-12-10,KD,11,1963,56.85,20.44,2.17,20.55,57.02,3839,2197,922,624,96,209,184,19,1,5,1962,52.63,88.04,9.09,0.48,2.39,10,90.91,11,100.00,57.23,24.02,16.25,2.50,100.00
2019-06-03,L,3,1973,72.87,16.53,10.41,0.19,52.72,1047,763,173,2,109,57,51,0,0,6,1970,57.89,89.47,0.00,0.00,10.53,3,100.00,3,100.00,72.87,16.52,0.19,10.41,100.00
2012-04-16,V,10,1963,68.68,19.25,12.07,0.00,57.02,3490,2366,698,0,426,190,66,101,0,23,1960,47.37,34.74,53.16,0.00,12.11,4,40.00,10,100.00,67.79,20.00,0.00,12.21,100.00
2020-06-08,M,30,1973,12.09,2.95,84.24,0.73,51.86,10470,1153,354,143,8820,2100,176,110,44,1770,1973,44.29,8.38,5.24,2.10,84.29,16,53.33,30,100.00,11.01,3.38,1.37,84.24,100.00
2022-11-28,S,8,1975,74.53,10.85,14.61,0.00,52.72,2792,2081,303,0,408,856,735,1,0,120,1975,48.60,85.86,0.12,0.00,14.02,8,100.00,8,100.00,74.53,10.85,0.00,14.61,100.00
2022-04-25,-,51,1973,53.02,21.07,18.96,6.95,53.01,17799,9386,3768,1236,3409,102,40,19,9,34,1959,50.00,39.22,18.63,8.82,33.33,29,56.86,45,88.24,52.73,21.17,6.94,19.15,89.71
2024-04-01,SD,34,1975,55.39,17.15,14.77,12.69,52.44,11866,6880,1903,1406,1677,2448,1637,380,125,306,1976,73.61,66.87,15.52,5.11,12.50,26,76.47,34,100.00,57.98,16.04,11.85,14.13,100.00
2019-04-01,L,49,1973,60.60,17.48,11.19,10.74,53.01,17101,10257,3101,1959,1784,931,549,109,106,167,1970,57.89,58.97,11.71,11.39,17.94,36,73.47,49,100.00,59.98,18.13,11.46,10.43,100.00
2003-12-08,C,4,1954,67.98,21.20,9.10,1.72,54.73,1396,949,296,24,127,88,41,42,1,4,1954,54.55,46.59,47.73,1.14,4.55,2,50.00,4,100.00,67.98,21.20,1.72,9.10,100.00
2014-02-03,M,6,1963,56.73,23.78,17.24,2.25,56.73,2094,1188,498,47,361,642,528,0,0,114,1964,57.94,82.24,0.00,0.00,17.76,6,100.00,6,100.00,56.73,23.78,2.24,17.24,100.00
2016-05-23,C,14,1969,70.70,17.28,11.81,0.21,54.44,4886,3615,732,16,523,308,186,93,0,29,1967,63.64,60.39,30.19,0.00,9.42,9,64.29,14,100.00,73.99,14.98,0.33,10.70,100.00
2013-11-18,SD,10,1963,69.29,7.58,13.56,9.59,55.59,3490,2255,315,421,499,200,39,113,39,9,1968,80.00,19.50,56.50,19.50,4.50,2,20.00,10,100.00,64.61,9.03,12.06,14.30,100.00
2007-11-05,MP,8,1958,60.64,15.83,20.74,2.80,52.72,2792,1693,442,78,579,152,28,31,60,33,1963,63.16,18.42,20.39,39.47,21.71,2,25.00,8,100.00,60.64,15.83,2.79,20.74,100.00
2022-05-30,S,56,1973,56.38,21.92,17.93,3.77,53.01,19544,11043,4521,692,3288,5600,3572,1197,0,831,1973,49.00,63.79,21.38,0.00,14.84,50,89.29,48,85.71,56.50,23.13,3.54,16.82,89.23
2008-03-17,C,13,1958,65.18,16.96,15.20,2.67,53.22,4537,2516,1076,194,751,377,315,0,2,60,1955,58.62,83.55,0.00,0.53,15.92,13,100.00,13,100.00,55.46,23.72,4.28,16.55,100.00
2022-02-14,SD,23,1973,51.40,23.75,16.31,8.55,53.58,8027,4126,1906,686,1309,1426,441,659,163,163,1975,75.81,30.93,46.21,11.43,11.43,9,39.13,23,100.00,51.40,23.74,8.55,16.31,100.00
2019-04-29,-,10,1973,52.46,14.01,10.09,23.44,53.01,3490,1831,489,818,352,10,0,0,0,10,1970,0.00,0.00,0.00,0.00,100.00,0,0.00,10,100.00,52.46,14.01,23.44,10.09,100.00
2020-12-07,M,16,1973,9.59,4.03,84.30,2.09,50.72,5584,572,218,88,4706,1120,88,55,33,944,1972,44.29,7.86,4.91,2.95,84.29,8,50.00,16,100.00,10.24,3.90,1.58,84.28,100.00
2024-06-17,MP,27,1975,59.26,15.28,13.25,12.20,53.30,9423,5584,1440,1150,1249,486,106,150,148,82,1978,33.33,21.81,30.86,30.45,16.87,9,33.33,27,100.00,59.26,15.28,12.20,13.25,100.00
2009-10-05,V,10,1958,60.14,22.27,15.61,1.99,53.83,3490,1961,887,81,561,220,5,159,32,24,1958,36.36,2.27,72.27,14.55,10.91,1,10.00,10,100.00,56.19,25.42,2.32,16.07,100.00
2018-01-22,L,8,1969,66.08,16.44,13.51,3.98,53.87,2792,1845,459,111,377,152,86,33,17,16,1969,57.89,56.58,21.71,11.18,10.53,5,62.50,8,100.00,66.08,16.44,3.98,13.50,100.00
2021-06-21,MP,50,1973,10.39,4.74,83.95,0.92,53.01,17450,1828,779,193,14650,800,108,42,0,650,1978,25.00,13.50,5.25,0.00,81.25,41,82.00,43,86.00,10.48,4.46,1.11,83.95,91.86
2022-01-31,C,12,1973,49.26,18.10,28.73,3.92,53.87,4188,2063,758,164,1203,372,155,88,21,108,1972,58.06,41.67,23.66,5.65,29.03,10,83.33,10,83.33,49.26,18.10,3.92,28.72,83.33
2017-11-06,V,7,1969,63.49,21.41,13.79,1.31,53.87,2443,1551,523,32,337,147,53,34,32,28,1972,38.10,36.05,23.13,21.77,19.05,4,57.14,7,100.00,63.49,21.41,1.31,13.79,100.00
2020-05-11,V,18,1973,11.39,4.12,84.24,0.26,51.86,6282,679,281,30,5292,486,48,12,12,414,1975,33.33,9.88,2.47,2.47,85.19,14,77.78,16,88.89,10.81,4.47,0.48,84.24,94.12
2017-09-18,M,2,1969,71.78,10.75,17.48,0.00,53.58,698,501,75,0,122,166,134,0,0,32,1968,49.40,80.72,0.00,0.00,19.28,2,100.00,2,100.00,71.78,10.74,0.00,17.48,100.00
2025-09-15,S,2,1975,76.94,5.30,13.33,4.44,55.01,698,537,37,31,93,212,186,0,0,26,1975,51.89,87.74,0.00,0.00,12.26,2,100.00,2,100.00,76.93,5.30,4.44,13.32,100.00
2008-03-10,KD,6,1958,49.97,26.37,21.25,2.44,53.05,2094,1085,505,68,436,144,109,0,0,35,1952,54.17,75.69,0.00,0.00,24.31,6,100.00,6,100.00,51.81,24.12,3.25,20.82,100.00
2011-03-21,M,26,1963,58.73,24.07,13.50,3.71,54.44,9074,5432,2112,306,1224,2782,2480,0,0,302,1965,53.27,89.14,0.00,0.00,10.86,26,100.00,26,100.00,59.86,23.28,3.37,13.49,100.00
2016-12-05,V,20,1969,63.26,16.48,14.02,6.25,54.44,6980,4477,1269,306,928,420,270,50,18,82,1970,42.86,64.29,11.90,4.29,19.52,16,80.00,20,100.00,64.14,18.18,4.38,13.30,100.00
2018-11-19,KD,8,1973,75.39,12.47,8.06,4.08,53.30,2792,2105,348,114,225,176,103,40,17,16,1971,77.27,58.52,22.73,9.66,9.09,6,75.00,8,100.00,75.39,12.46,4.08,8.06,100.00
2021-04-19,L,19,1973,10.83,3.73,84.10,1.35,53.01,6631,734,224,101,5572,361,45,9,3,304,1971,52.63,12.47,2.49,0.83,84.21,15,78.95,19,100.00,11.07,3.38,1.52,84.03,100.00
2015-04-06,S,20,1969,66.04,21.17,10.92,1.88,55.30,6980,4801,1195,236,748,2260,1837,205,0,218,1968,48.67,81.28,9.07,0.00,9.65,18,90.00,20,100.00,68.78,17.12,3.38,10.72,100.00
2006-11-13,S,4,1958,57.74,23.00,16.55,2.73,53.01,1396,806,321,38,231,520,199,232,11,78,1958,50.77,38.27,44.62,2.12,15.00,2,50.00,4,100.00,57.74,22.99,2.72,16.55,100.00
2013-11-25,L,8,1963,62.68,24.17,12.65,0.51,55.59,2792,1856,581,17,338,192,160,0,0,32,1960,58.33,83.33,0.00,0.00,16.67,8,100.00,8,100.00,66.48,20.81,0.61,12.11,100.00
2017-06-19,KD,36,1969,56.54,25.68,8.96,8.83,53.58,12564,8155,2600,732,1077,576,312,152,73,39,1967,68.75,54.17,26.39,12.67,6.77,23,63.89,36,100.00,64.91,20.69,5.83,8.57,100.00
2016-11-14,-,2,1969,63.04,26.36,10.61,0.00,54.44,698,440,184,0,74,2,0,0,0,2,1964,0.00,0.00,0.00,0.00,100.00,0,0.00,2,100.00,63.04,26.36,0.00,10.60,100.00
2022-01-17,S,6,1973,41.74,22.50,28.94,6.83,53.87,2094,874,471,143,606,600,370,74,0,156,1972,50.00,61.67,12.33,0.00,26.00,5,83.33,6,100.00,41.74,22.49,6.83,28.94,100.00
2012-01-23,V,6,1963,66.34,21.99,8.56,3.12,55.30,2094,1400,470,53,171,114,34,34,34,12,1962,36.84,29.82,29.82,29.82,10.53,2,33.33,6,100.00,66.86,22.45,2.53,8.17,100.00
2019-12-02,C,3,1973,66.62,21.14,10.75,1.51,52.44,1047,678,237,21,111,93,78,0,0,15,1973,61.29,83.87,0.00,0.00,16.13,3,100.00,3,100.00,64.76,22.64,2.01,10.60,100.00
2011-05-02,M,12,1963,69.77,18.15,11.59,0.48,53.87,4188,2904,760,38,486,1284,1149,0,2,133,1965,53.27,89.49,0.00,0.16,10.36,12,100.00,12,100.00,69.34,18.15,0.91,11.60,100.00
2011-05-02,C,12,1963,69.77,18.15,11.59,0.48,53.87,4188,2904,760,38,486,276,230,0,0,46,1964,56.52,83.33,0.00,0.00,16.67,12,100.00,12,100.00,69.34,18.15,0.91,11.60,100.00
2018-01-29,M,9,1969,73.70,16.65,9.17,0.48,54.15,3141,2315,523,15,288,747,462,231,0,54,1968,50.60,61.85,30.92,0.00,7.23,6,66.67,9,100.00,73.70,16.65,0.48,9.17,100.00
2007-02-12,V,16,1958,56.29,29.37,12.79,1.56,52.15,5584,3143,1640,87,714,352,27,218,41,66,1958,36.36,7.67,61.93,11.65,18.75,2,12.50,16,100.00,56.29,29.37,1.56,12.79,100.00
2007-03-12,V,10,1958,66.24,14.54,18.93,0.29,51.37,3490,2210,623,15,642,220,37,122,15,46,1958,36.36,16.82,55.45,6.82,20.91,3,30.00,10,100.00,63.32,17.85,0.43,18.40,100.00
2004-05-31,V,6,1954,56.33,28.43,15.19,0.06,54.90,2094,1266,424,2,402,180,140,0,0,40,1953,50.00,77.78,0.00,0.00,22.22,6,100.00,6,100.00,60.46,20.25,0.10,19.20,100.00
2025-03-10,L,21,1975,59.45,12.19,14.48,13.88,56.16,7329,4470,866,939,1054,336,286,0,0,50,1973,43.75,85.12,0.00,0.00,14.88,21,100.00,21,100.00,60.99,11.82,12.81,14.38,100.00
2024-05-13,M,34,1975,61.81,18.82,14.67,4.70,52.72,11866,7506,2096,583,1681,2312,1980,60,0,272,1976,50.00,85.64,2.60,0.00,11.76,33,97.06,34,100.00,63.26,17.66,4.91,14.17,100.00
2004-12-06,M,5,1954,55.30,16.10,22.41,6.19,53.87,1745,965,281,108,391,275,62,114,14,85,1954,58.18,22.55,41.45,5.09,30.91,2,40.00,5,100.00,55.30,16.10,6.19,22.41,100.00
2023-02-20,MP,8,1975,49.45,19.79,15.35,15.41,52.72,2792,1516,415,423,438,144,26,13,66,39,1976,33.33,18.06,9.03,45.83,27.08,2,25.00,8,100.00,54.30,14.86,15.15,15.69,100.00
2007-03-19,C,19,1958,63.09,18.37,17.84,0.70,51.43,6631,4039,1423,44,1125,551,440,0,0,111,1956,52.64,79.85,0.00,0.00,20.15,19,100.00,19,100.00,60.91,21.46,0.66,16.97,100.00
2019-06-17,S,31,1973,64.93,20.40,6.53,8.16,52.72,10819,6732,2224,1127,736,3100,2684,184,0,232,1972,52.00,86.58,5.94,0.00,7.48,29,93.55,31,100.00,62.22,20.56,10.42,6.80,100.00
2012-04-09,MP,10,1963,59.87,22.69,15.01,2.44,56.95,3490,2152,701,106,531,250,64,150,0,36,1964,48.00,25.60,60.00,0.00,14.40,3,30.00,10,100.00,61.66,20.09,3.04,15.21,100.00
2025-12-08,L,4,1975,70.56,13.18,15.83,0.43,0.00,1396,985,184,6,221,64,52,0,0,12,1974,0.00,81.25,0.00,0.00,18.75,4,100.00,4,100.00,70.56,13.18,0.43,15.83,100.00
2009-01-12,L,7,1959,48.40,27.00,16.41,8.20,53.30,2443,1202,668,187,386,196,155,0,0,41,1960,42.86,79.08,0.00,0.00,20.92,7,100.00,7,100.00,49.20,27.34,7.65,15.80,100.00
2017-05-08,C,30,1969,64.85,17.49,13.91,3.77,53.87,10470,6303,2078,736,1353,660,237,215,90,118,1967,63.64,35.91,32.58,13.64,17.88,14,46.67,30,100.00,60.20,19.85,7.03,12.92,100.00
2025-10-20,L,14,1975,59.76,19.51,13.47,7.27,55.01,4886,2920,953,355,658,224,182,0,0,42,1974,50.00,81.25,0.00,0.00,18.75,14,100.00,14,100.00,59.76,19.50,7.27,13.47,100.00
2010-11-22,SD,14,1963,63.00,25.14,11.23,0.64,54.73,4886,2864,1448,58,516,280,234,19,1,26,1968,90.00,83.57,6.79,0.36,9.29,13,92.86,14,100.00,58.62,29.64,1.19,10.56,100.00
2020-03-23,KD,12,1973,10.47,2.24,84.26,3.03,52.44,4188,434,122,103,3529,264,12,9,15,228,1969,63.64,4.55,3.41,5.68,86.36,4,33.33,12,100.00,10.36,2.91,2.46,84.26,100.00
2008-10-06,M,1,1958,40.11,28.65,22.35,8.88,53.87,349,140,100,31,78,97,83,0,0,14,1959,57.73,85.57,0.00,0.00,14.43,1,100.00,1,100.00,40.11,28.65,8.88,22.35,100.00
2009-03-23,M,14,1959,53.06,28.19,17.74,1.02,51.86,4886,2647,1323,47,869,1358,1194,0,0,164,1959,56.70,87.92,0.00,0.00,12.08,14,100.00,14,100.00,54.18,27.08,0.96,17.79,100.00
2019-11-25,M,10,1973,66.33,19.93,3.89,9.86,52.44,3490,2234,707,447,102,700,266,338,68,28,1972,44.29,38.00,48.29,9.71,4.00,5,50.00,10,100.00,64.01,20.26,12.81,2.92,100.00
2025-05-19,M,34,1975,60.00,15.04,15.55,9.41,55.30,11866,7053,1849,1135,1829,2312,1920,58,0,334,1976,51.47,83.04,2.51,0.00,14.45,33,97.06,34,100.00,59.44,15.58,9.57,15.41,100.00
2019-12-09,C,9,1973,65.91,15.57,6.88,11.65,52.44,3141,2053,489,377,222,279,235,29,0,15,1973,61.29,84.23,10.39,0.00,5.38,8,88.89,9,100.00,65.36,15.57,12.00,7.07,100.00
2003-05-05,C,7,1954,69.32,13.01,17.03,0.65,55.30,2443,1588,420,27,408,154,106,16,0,32,1954,54.55,68.83,10.39,0.00,20.78,6,85.71,7,100.00,65.00,17.19,1.11,16.70,100.00
2003-04-28,KD,17,1954,61.51,18.28,15.03,5.20,55.30,5933,3515,984,544,890,561,169,233,86,73,1951,69.70,30.12,41.53,15.33,13.01,8,47.06,16,94.12,59.24,16.59,9.17,15.00,96.67
2005-03-21,KD,17,1954,55.11,23.85,19.75,1.28,54.34,5933,3270,1415,76,1172,561,168,223,24,146,1951,69.70,29.95,39.75,4.28,26.02,9,52.94,16,94.12,55.12,23.85,1.28,19.75,94.12
2009-04-27,M,10,1959,49.50,27.53,19.27,3.70,52.44,3490,1789,886,155,660,970,824,0,0,146,1959,58.76,84.95,0.00,0.00,15.05,10,100.00,10,100.00,51.26,25.39,4.44,18.91,100.00
2017-02-13,SD,1,1969,79.37,4.87,15.76,0.00,54.15,349,277,17,0,55,48,40,0,0,8,1974,77.08,83.33,0.00,0.00,16.67,1,100.00,1,100.00,79.37,4.87,0.00,15.76,100.00
2011-01-17,L,12,1963,69.63,15.52,14.85,0.00,54.44,4188,2916,650,0,622,288,250,0,0,38,1959,54.17,86.81,0.00,0.00,13.19,12,100.00,12,100.00,69.63,15.52,0.00,14.85,100.00
2021-04-19,SD,19,1973,10.83,3.73,84.10,1.35,53.01,6631,734,224,101,5572,1178,120,40,30,988,1976,72.58,10.19,3.40,2.55,83.87,12,63.16,19,100.00,11.07,3.38,1.52,84.03,100.00
2014-01-27,S,15,1963,59.37,25.52,12.38,2.73,56.73,5235,3108,1336,143,648,1680,491,979,0,210,1962,50.89,29.23,58.27,0.00,12.50,5,33.33,15,100.00,59.37,25.52,2.73,12.38,100.00
2024-05-27,SD,24,1975,51.76,17.56,17.67,13.02,52.72,8376,4678,1217,1049,1432,1728,976,243,242,267,1976,73.61,56.48,14.06,14.00,15.45,17,70.83,24,100.00,55.85,14.53,12.52,17.10,100.00
2014-01-27,KD,15,1963,59.37,25.52,12.38,2.73,56.73,5235,3108,1336,143,648,285,270,0,0,15,1961,63.16,94.74,0.00,0.00,5.26,15,100.00,15,100.00,59.37,25.52,2.73,12.38,100.00
2004-06-07,V,1,1954,42.98,32.38,24.64,0.00,54.73,349,150,113,0,86,30,22,0,0,8,1953,50.00,73.33,0.00,0.00,26.67,1,100.00,1,100.00,42.98,32.38,0.00,24.64,100.00
2022-11-21,SD,6,1975,74.26,10.36,14.42,0.96,52.72,2094,1555,217,20,302,438,377,0,0,61,1976,73.97,86.07,0.00,0.00,13.93,6,100.00,6,100.00,74.26,10.36,0.96,14.42,100.00
2015-06-01,MP,17,1969,67.86,14.55,13.84,3.76,54.73,5933,4068,1010,150,705,425,347,20,1,57,1969,48.00,81.65,4.71,0.24,13.41,16,94.12,17,100.00,68.57,17.02,2.53,11.88,100.00
2016-01-25,KD,4,1969,70.42,7.88,14.04,7.67,55.30,1396,983,110,107,196,64,48,0,16,0,1966,62.50,75.00,0.00,25.00,0.00,3,75.00,4,100.00,70.42,7.88,7.66,14.04,100.00
2007-01-01,KD,5,1958,52.32,26.19,16.16,5.33,52.89,1745,913,457,93,282,120,90,0,0,30,1952,52.50,75.00,0.00,0.00,25.00,5,100.00,5,100.00,52.32,26.19,5.33,16.16,100.00
2019-11-18,-,6,1973,60.65,22.45,11.46,5.45,52.44,2094,1270,470,114,240,12,9,3,0,0,1970,0.00,75.00,25.00,0.00,0.00,3,50.00,6,100.00,60.65,22.45,5.44,11.46,100.00
2004-09-27,C,3,1954,55.30,26.46,14.61,3.63,53.58,1047,579,277,38,153,66,20,40,0,6,1954,54.55,30.30,60.61,0.00,9.09,1,33.33,3,100.00,55.30,26.46,3.63,14.61,100.00
2011-12-19,MP,4,1963,58.89,33.81,7.31,0.00,55.30,1396,822,472,0,102,100,0,87,0,13,1964,52.00,0.00,87.00,0.00,13.00,0,0.00,4,100.00,58.88,33.81,0.00,7.31,100.00
2025-06-09,MP,20,1975,54.03,23.78,16.03,6.17,55.01,6980,3961,1370,545,1104,360,70,98,112,80,1978,38.89,19.44,27.22,31.11,22.22,5,25.00,20,100.00,56.75,19.63,7.81,15.82,100.00
2024-06-17,M,27,1975,59.26,15.28,13.25,12.20,53.30,9423,5584,1440,1150,1249,1836,1620,0,0,216,1976,50.00,88.24,0.00,0.00,11.76,27,100.00,27,100.00,59.26,15.28,12.20,13.25,100.00
2010-11-22,MP,14,1963,63.00,25.14,11.23,0.64,54.73,4886,2864,1448,58,516,350,44,241,18,47,1965,44.00,12.57,68.86,5.14,13.43,2,14.29,14,100.00,58.62,29.64,1.19,10.56,100.00
2017-10-23,KD,7,1969,62.63,18.01,16.99,2.37,53.87,2443,1530,440,58,415,112,55,36,0,21,1968,62.50,49.11,32.14,0.00,18.75,4,57.14,7,100.00,62.63,18.01,2.37,16.99,100.00
2012-12-10,L,11,1963,56.85,20.44,2.17,20.55,57.02,3839,2197,922,624,96,264,230,23,0,11,1960,62.50,87.12,8.71,0.00,4.17,10,90.91,11,100.00,57.23,24.02,16.25,2.50,100.00
2009-11-09,S,13,1959,55.30,23.96,19.14,1.60,54.05,4537,2320,1408,86,723,1690,305,1132,2,251,1958,53.85,18.05,66.98,0.12,14.85,3,23.08,13,100.00,51.14,31.03,1.90,15.94,100.00
2022-02-21,S,41,1973,52.73,24.79,14.64,7.85,53.58,14309,8208,3197,899,2005,4100,3061,527,0,512,1973,49.00,74.66,12.85,0.00,12.49,38,92.68,38,92.68,57.36,22.34,6.28,14.01,95.84
2020-02-10,C,8,1973,62.86,19.84,12.03,5.27,52.72,2792,1755,554,147,336,248,115,81,28,24,1972,64.52,46.37,32.66,11.29,9.68,4,50.00,8,100.00,62.86,19.84,5.27,12.03,100.00
2014-06-23,V,29,1963,63.48,22.55,8.39,5.59,56.45,10121,6294,2341,643,843,551,122,282,107,40,1961,47.37,22.14,51.18,19.42,7.26,7,24.14,29,100.00,62.19,23.13,6.35,8.33,100.00
2017-03-27,-,20,1969,62.80,15.34,18.35,3.52,53.30,6980,4357,1044,368,1211,40,9,3,3,25,1959,0.00,22.50,7.50,7.50,62.50,9,45.00,20,100.00,62.42,14.96,5.27,17.35,100.00
2017-10-23,V,7,1969,62.63,18.01,16.99,2.37,53.87,2443,1530,440,58,415,147,64,32,16,35,1970,38.10,43.54,21.77,10.88,23.81,4,57.14,7,100.00,62.63,18.01,2.37,16.99,100.00
2008-06-16,V,1,1958,40.97,39.54,19.20,0.29,53.30,349,143,138,1,67,22,0,19,0,3,1958,36.36,0.00,86.36,0.00,13.64,0,0.00,1,100.00,40.97,39.54,0.29,19.20,100.00
2023-10-23,V,3,1975,51.10,34.38,14.52,0.00,53.01,1047,535,360,0,152,72,19,39,0,14,1977,29.17,26.39,54.17,0.00,19.44,1,33.33,3,100.00,51.10,34.38,0.00,14.52,100.00
2012-11-05,L,3,1963,77.73,7.95,14.33,0.00,56.59,1047,820,73,0,154,72,56,0,0,16,1960,62.50,77.78,0.00,0.00,22.22,3,100.00,3,100.00,78.32,6.97,0.00,14.71,100.00
2020-05-04,L,24,1973,9.99,1.88,84.27,3.88,51.86,8376,843,160,315,7058,456,53,6,13,384,1971,52.63,11.62,1.32,2.85,84.21,18,75.00,24,100.00,10.06,1.91,3.76,84.26,100.00
2012-02-13,C,8,1963,53.17,22.42,12.62,11.80,55.30,2792,1568,465,398,361,184,135,0,1,48,1964,60.87,73.37,0.00,0.54,26.09,8,100.00,8,100.00,56.16,16.65,14.26,12.93,100.00
2005-04-11,S,8,1954,50.72,22.35,26.86,0.07,54.73,2792,1416,624,2,750,1152,846,1,1,304,1954,51.39,73.44,0.09,0.09,26.39,6,75.00,6,75.00,50.72,22.35,0.07,26.86,75.00
2013-01-14,MP,3,1963,57.50,26.74,10.41,5.35,57.02,1047,602,280,56,109,75,21,24,21,9,1964,56.00,28.00,32.00,28.00,12.00,2,66.67,2,66.67,57.50,26.74,5.35,10.41,66.67
2003-06-09,L,4,1954,57.66,16.40,17.27,8.67,55.01,1396,805,229,121,241,192,2,114,40,36,1956,52.08,1.04,59.38,20.83,18.75,0,0.00,4,100.00,57.66,16.40,8.67,17.26,100.00
2003-02-10,M,19,1954,66.31,17.97,11.21,4.52,53.87,6631,4258,1276,356,741,1045,418,415,49,163,1954,60.00,40.00,39.71,4.69,15.60,11,57.89,18,94.74,64.21,19.24,5.37,11.17,95.84
2014-04-14,S,9,1963,63.93,15.47,16.14,4.46,56.73,3141,2008,486,140,507,1008,478,287,89,154,1963,51.79,47.42,28.47,8.83,15.28,6,66.67,9,100.00,63.93,15.47,4.46,16.14,100.00
2008-01-28,L,4,1958,43.41,38.54,17.96,0.10,52.58,1396,621,533,2,240,112,87,0,0,25,1960,46.43,77.68,0.00,0.00,22.32,4,100.00,4,100.00,44.48,38.18,0.14,17.19,100.00
2012-03-05,M,19,1963,53.97,25.27,12.20,8.57,55.71,6631,3672,1418,713,828,2033,1777,96,3,157,1964,57.40,87.41,4.72,0.15,7.72,19,100.00,18,94.74,55.38,21.38,10.75,12.49,91.67
2010-11-22,KD,14,1963,63.00,25.14,11.23,0.64,54.73,4886,2864,1448,58,516,266,223,0,1,42,1961,57.89,83.83,0.00,0.38,15.79,14,100.00,14,100.00,58.62,29.64,1.19,10.56,100.00
2016-04-04,MP,50,1969,67.29,12.20,14.43,6.09,54.44,17450,11625,2351,1152,2322,1250,1064,0,16,170,1968,48.00,85.12,0.00,1.28,13.60,50,100.00,50,100.00,66.62,13.47,6.60,13.31,100.00
2023-04-24,S,40,1975,54.96,15.03,13.92,16.11,52.15,13960,7896,2354,1737,1973,4280,1847,1107,746,580,1975,47.66,43.15,25.86,17.43,13.55,22,55.00,40,100.00,56.56,16.86,12.44,14.13,100.00
2025-01-20,-,6,1976,74.31,9.84,12.08,3.77,55.59,2094,1556,206,79,253,12,10,1,1,0,1964,50.00,83.33,8.33,8.33,0.00,5,83.33,6,100.00,74.31,9.84,3.77,12.08,100.00
2025-02-17,C,22,1975,55.52,13.87,16.69,13.92,55.59,7678,4263,1065,1069,1281,528,294,126,42,66,1972,50.00,55.68,23.86,7.95,12.50,14,63.64,22,100.00,55.52,13.87,13.92,16.68,100.00
2013-03-04,M,10,1963,54.33,22.31,16.54,6.84,56.73,3490,1936,785,198,571,1070,833,0,92,145,1965,57.94,77.85,0.00,8.60,13.55,9,90.00,10,100.00,55.47,22.49,5.67,16.36,100.00
2014-03-31,SD,28,1963,61.55,15.98,15.85,6.64,56.73,9772,6160,1612,523,1477,560,271,198,35,56,1968,80.00,48.39,35.36,6.25,10.00,16,57.14,28,100.00,63.04,16.50,5.35,15.11,100.00
