decision_day,daily_decisions,daily_approval_rate,approved_decisions,rejected_decisions,referred_back_decisions,committee_referral_decisions,ma_7day_decisions,ma_30day_decisions,ma_90day_decisions,ma_30day_approval_rate,decisions_last_year,yoy_decisions_change,yoy_decisions_change_pct,decision_year,decision_month,decision_week,decision_day_of_week,parliamentary_period,decision_quarter,time_bucket,rn
2026-07-03,1,0.00,0,1,0,0,1.57,5.73,4.40,15.27,4,-3,-75.00,2026,7,27,5,Summer Recess,Q3 2026,2026-07-01 00:00:00+02,1
2026-06-12,2,0.00,0,2,0,0,1.29,6.13,4.40,11.94,1,1,100.00,2026,6,24,5,Late Spring Session,Q2 2026,2026-06-01 00:00:00+02,1
2026-05-13,1,0.00,0,1,0,0,1.14,6.27,4.44,18.60,2,-1,-50.00,2026,5,20,3,Late Spring Session,Q2 2026,2026-05-01 00:00:00+02,1
2026-04-28,2,0.00,0,2,0,0,1.14,6.43,4.44,18.60,1,1,100.00,2026,4,18,2,Late Spring Session,Q2 2026,2026-04-01 00:00:00+02,1
2026-03-06,1,0.00,0,0,0,0,2.86,6.77,4.57,31.94,8,-7,-87.50,2026,3,10,5,Spring Session,Q1 2026,2026-03-01 00:00:00+01,1
2025-11-04,2,100.00,2,0,0,0,3.57,6.87,4.64,38.60,6,-4,-66.67,2025,11,45,2,Autumn Session,Q4 2025,2025-11-01 00:00:00+01,1
2025-10-30,2,0.00,0,2,0,0,4.00,6.83,4.63,38.60,2,0,0.00,2025,10,44,4,Autumn Session,Q4 2025,2025-10-01 00:00:00+02,1
2025-09-11,4,100.00,4,0,0,0,2.71,3.10,3.51,55.34,17,-13,-76.47,2025,9,37,4,Autumn Session,Q3 2025,2025-09-01 00:00:00+02,1
2025-08-26,3,100.00,3,0,0,0,3.14,3.23,3.51,48.17,1,2,200.00,2025,8,35,2,Summer Recess,Q3 2025,2025-08-01 00:00:00+02,1
2025-07-01,2,100.00,2,0,0,0,3.57,3.20,3.53,46.50,4,-2,-50.00,2025,7,27,2,Summer Recess,Q3 2025,2025-07-01 00:00:00+02,1
2025-06-24,4,100.00,4,0,0,0,4.14,3.27,3.61,41.50,3,1,33.33,2025,6,26,2,Late Spring Session,Q2 2025,2025-06-01 00:00:00+02,1
2025-05-20,1,100.00,1,0,0,0,2.86,3.90,35.61,32.12,2,-1,-50.00,2025,5,21,2,Late Spring Session,Q2 2025,2025-05-01 00:00:00+02,1
2025-04-24,1,100.00,1,0,0,0,3.57,3.87,38.39,39.65,2,-1,-50.00,2025,4,17,4,Late Spring Session,Q2 2025,2025-04-01 00:00:00+02,1
2025-03-21,2,0.00,0,2,0,0,4.29,3.23,38.19,43.02,3,-1,-33.33,2025,3,12,5,Spring Session,Q1 2025,2025-03-01 00:00:00+01,1
2025-02-03,1,0.00,0,1,0,0,3.29,3.47,38.31,42.63,3,-2,-66.67,2025,2,6,1,Spring Session,Q1 2025,2025-02-01 00:00:00+01,1
2025-01-31,1,0.00,0,1,0,0,3.57,3.53,38.33,45.96,11,-10,-90.91,2025,1,5,5,Winter Recess,Q1 2025,2025-01-01 00:00:00+01,1
2024-12-03,2,100.00,2,0,0,0,3.29,86.67,38.28,39.29,58,-56,-96.55,2024,12,49,2,Winter Recess,Q4 2024,2024-12-01 00:00:00+01,1
2024-11-07,1,100.00,1,0,0,0,3.86,107.57,38.31,24.08,1,0,0.00,2024,11,45,4,Autumn Session,Q4 2024,2024-11-01 00:00:00+01,1
2024-10-30,9,0.00,0,9,0,0,5.14,108.13,38.38,22.72,5,4,80.00,2024,10,44,3,Autumn Session,Q4 2024,2024-10-01 00:00:00+02,1
2024-09-10,7,0.00,0,7,0,0,4.00,3.40,32.64,42.59,1,6,600.00,2024,9,37,2,Autumn Session,Q3 2024,2024-09-01 00:00:00+02,1
2024-07-30,1,100.00,1,0,0,0,3.29,3.70,33.07,42.31,5,-4,-80.00,2024,7,31,2,Summer Recess,Q3 2024,2024-07-01 00:00:00+02,1
2024-06-19,5,0.00,0,5,0,0,3.43,3.87,33.21,38.98,2,3,150.00,2024,6,25,3,Late Spring Session,Q2 2024,2024-06-01 00:00:00+02,1
2024-05-06,2,0.00,0,2,0,0,3.14,3.90,33.08,35.37,1,1,100.00,2024,5,19,1,Late Spring Session,Q2 2024,2024-05-01 00:00:00+02,1
2024-04-23,3,33.33,1,2,0,0,3.86,3.57,33.03,47.67,3,0,0.00,2024,4,17,2,Late Spring Session,Q2 2024,2024-04-01 00:00:00+02,1
2024-03-07,1,100.00,1,0,0,0,1.43,2.93,32.52,55.56,1,0,0.00,2024,3,10,4,Spring Session,Q1 2024,2024-03-01 00:00:00+01,1
2024-02-20,1,100.00,1,0,0,0,2.43,3.10,32.71,51.11,7,-6,-85.71,2024,2,8,2,Spring Session,Q1 2024,2024-02-01 00:00:00+01,1
2024-01-30,1,0.00,0,1,0,0,3.71,3.07,32.74,44.44,6,-5,-83.33,2024,1,5,2,Winter Recess,Q1 2024,2024-01-01 00:00:00+01,1
2023-12-19,4,100.00,4,0,0,0,3.43,90.60,32.72,34.93,2,2,100.00,2023,12,51,2,Winter Recess,Q4 2023,2023-12-01 00:00:00+01,1
2023-11-08,6,33.33,2,4,0,0,3.14,92.77,32.68,25.63,6,0,0.00,2023,11,45,3,Autumn Session,Q4 2023,2023-11-01 00:00:00+01,1
2023-10-24,2,100.00,2,0,0,0,2.43,92.43,32.64,36.18,4,-2,-50.00,2023,10,43,2,Autumn Session,Q4 2023,2023-10-01 00:00:00+02,1
2023-09-05,2,100.00,2,0,0,0,1.57,1.90,27.14,50.56,14,-12,-85.71,2023,9,36,2,Autumn Session,Q3 2023,2023-09-01 00:00:00+02,1
2023-08-29,1,100.00,1,0,0,0,1.43,2.07,27.13,47.22,1,0,0.00,2023,8,35,2,Summer Recess,Q3 2023,2023-08-01 00:00:00+02,1
2023-07-11,2,100.00,2,0,0,0,1.43,2.17,27.13,45.56,4,-2,-50.00,2023,7,28,2,Summer Recess,Q3 2023,2023-07-01 00:00:00+02,1
2023-06-07,4,0.00,0,4,0,0,2.14,2.93,27.36,43.65,1,3,300.00,2023,6,23,3,Late Spring Session,Q2 2023,2023-06-01 00:00:00+02,1
2023-05-16,1,100.00,1,0,0,0,2.00,2.97,27.32,35.74,1,0,0.00,2023,5,20,2,Late Spring Session,Q2 2023,2023-05-01 00:00:00+02,1
2023-04-26,1,0.00,0,1,0,0,2.86,3.27,27.41,44.21,4,-3,-75.00,2023,4,17,3,Late Spring Session,Q2 2023,2023-04-01 00:00:00+02,1
2023-03-13,2,0.00,0,2,0,0,2.57,2.60,27.63,45.28,4,-2,-50.00,2023,3,11,1,Spring Session,Q1 2023,2023-03-01 00:00:00+01,1
2023-02-08,6,0.00,0,6,0,0,3.00,73.30,29.32,25.35,4,2,50.00,2023,2,6,3,Spring Session,Q1 2023,2023-02-01 00:00:00+01,1
2023-01-26,2,50.00,1,1,0,0,2.29,76.03,29.66,25.17,1,1,100.00,2023,1,4,4,Winter Recess,Q1 2023,2023-01-01 00:00:00+01,1
2022-12-15,1,0.00,0,1,0,0,2.29,76.60,30.27,16.74,1,0,0.00,2022,12,50,4,Winter Recess,Q4 2022,2022-12-01 00:00:00+01,1
2022-11-24,1,0.00,0,1,0,0,305.43,76.40,30.48,37.57,2,-1,-50.00,2022,11,47,4,Autumn Session,Q4 2022,2022-11-01 00:00:00+01,1
2022-10-20,1,0.00,0,1,0,0,4.43,2.93,6.01,49.35,1,0,0.00,2022,10,42,4,Autumn Session,Q4 2022,2022-10-01 00:00:00+02,1
2022-09-13,1,100.00,1,0,0,0,1.71,3.30,5.98,54.05,3,-2,-66.67,2022,9,37,2,Autumn Session,Q3 2022,2022-09-01 00:00:00+02,1
2022-07-05,1,100.00,1,0,0,0,2.00,3.90,6.14,44.11,3,-2,-66.67,2022,7,27,2,Summer Recess,Q3 2022,2022-07-01 00:00:00+02,1
2022-06-02,3,66.67,2,1,0,0,3.29,8.90,6.21,36.24,174,-171,-98.28,2022,6,22,4,Late Spring Session,Q2 2022,2022-06-01 00:00:00+02,1
2022-05-31,4,25.00,1,3,0,0,2.57,9.53,6.31,34.67,75,-71,-94.67,2022,5,22,2,Late Spring Session,Q2 2022,2022-05-01 00:00:00+02,1
2022-04-05,26,26.92,7,19,0,0,10.71,7.00,50.11,55.58,1,25,2500.00,2022,4,14,2,Late Spring Session,Q2 2022,2022-04-01 00:00:00+02,1
2022-03-17,4,50.00,2,2,0,0,5.86,4.07,49.91,51.05,3,1,33.33,2022,3,11,4,Spring Session,Q1 2022,2022-03-01 00:00:00+01,1
2022-02-03,2,100.00,2,0,0,0,4.29,3.93,49.70,43.08,1,1,100.00,2022,2,5,4,Spring Session,Q1 2022,2022-02-01 00:00:00+01,1
2022-01-23,1,0.00,0,1,0,0,4.00,4.40,50.00,38.72,6,-5,-83.33,2022,1,3,0,Winter Recess,Q1 2022,2022-01-01 00:00:00+01,1
2021-12-15,1,0.00,0,1,0,0,2.43,57.97,50.64,43.94,2,-1,-50.00,2021,12,50,3,Winter Recess,Q4 2021,2021-12-01 00:00:00+01,1
2021-11-08,1,0.00,0,1,0,0,5.29,141.70,50.70,30.21,6,-5,-83.33,2021,11,45,1,Autumn Session,Q4 2021,2021-11-01 00:00:00+01,1
2021-10-08,1,0.00,0,1,0,0,434.86,140.97,50.49,36.16,7,-6,-85.71,2021,10,40,5,Autumn Session,Q4 2021,2021-10-01 00:00:00+02,1
2021-09-23,121,2.48,3,118,0,0,49.71,13.77,8.32,55.99,1,120,12000.00,2021,9,38,4,Autumn Session,Q3 2021,2021-09-01 00:00:00+02,1
2021-08-17,1,100.00,1,0,0,0,3.57,4.57,4.74,57.26,1,0,0.00,2021,8,33,2,Summer Recess,Q3 2021,2021-08-01 00:00:00+02,1
2021-07-27,1,100.00,1,0,0,0,3.71,4.67,4.79,56.42,7,-6,-85.71,2021,7,30,2,Summer Recess,Q3 2021,2021-07-01 00:00:00+02,1
2021-06-10,1,100.00,1,0,0,0,2.71,4.53,4.83,52.90,3,-2,-66.67,2021,6,23,4,Late Spring Session,Q2 2021,2021-06-01 00:00:00+02,1
2021-05-11,6,0.00,0,6,0,0,5.14,7.30,32.37,37.72,12,-6,-50.00,2021,5,19,2,Late Spring Session,Q2 2021,2021-05-01 00:00:00+02,1
2021-04-22,1,100.00,1,0,0,0,5.00,6.30,42.87,44.76,8,-7,-87.50,2021,4,16,4,Late Spring Session,Q2 2021,2021-04-01 00:00:00+02,1
2021-03-26,1,0.00,0,1,0,0,5.14,4.30,43.96,38.69,1,0,0.00,2021,3,12,5,Spring Session,Q1 2021,2021-03-01 00:00:00+01,1
2021-02-11,1,100.00,1,0,0,0,3.14,3.63,43.73,51.86,2,-1,-50.00,2021,2,6,4,Spring Session,Q1 2021,2021-02-01 00:00:00+01,1
2021-01-27,10,20.00,2,8,0,0,6.57,4.13,43.84,53.25,2,8,400.00,2021,1,4,3,Winter Recess,Q1 2021,2021-01-01 00:00:00+01,1
2020-12-22,2,100.00,2,0,0,0,2.71,34.90,44.02,61.57,1,1,100.00,2020,12,52,2,Winter Recess,Q4 2020,2020-12-01 00:00:00+01,1
2020-11-05,5,40.00,2,3,0,0,4.57,121.10,44.13,33.02,2,3,150.00,2020,11,45,4,Autumn Session,Q4 2020,2020-11-01 00:00:00+01,1
2020-10-08,1,100.00,1,0,0,0,454.43,124.07,43.73,32.45,14,-13,-92.86,2020,10,41,4,Autumn Session,Q4 2020,2020-10-01 00:00:00+02,1
2020-09-24,34,0.00,0,34,0,0,39.57,14.93,7.57,52.91,1,33,3300.00,2020,9,39,4,Autumn Session,Q3 2020,2020-09-01 00:00:00+02,1
2020-07-07,1,100.00,1,0,0,0,4.43,3.70,3.49,59.49,7,-6,-85.71,2020,7,28,2,Summer Recess,Q3 2020,2020-07-01 00:00:00+02,1
2020-06-30,2,100.00,2,0,0,0,4.57,4.00,3.52,58.49,1,1,100.00,2020,6,27,2,Late Spring Session,Q2 2020,2020-06-01 00:00:00+02,1
2020-05-06,4,0.00,0,4,0,0,3.57,5.07,32.04,38.93,4,0,0.00,2020,5,19,3,Late Spring Session,Q2 2020,2020-05-01 00:00:00+02,1
2020-04-16,1,100.00,1,0,0,0,6.00,4.73,39.74,50.59,2,-1,-50.00,2020,4,16,4,Late Spring Session,Q2 2020,2020-04-01 00:00:00+02,1
2020-03-04,4,0.00,0,3,0,0,2.29,2.60,39.46,50.20,3,1,33.33,2020,3,10,3,Spring Session,Q1 2020,2020-03-01 00:00:00+01,1
2020-02-17,1,0.00,0,1,0,0,1.86,2.73,39.41,42.43,1,0,0.00,2020,2,8,1,Spring Session,Q1 2020,2020-02-01 00:00:00+01,1
2020-01-29,1,0.00,0,1,0,0,4.43,2.83,39.62,41.59,4,-3,-75.00,2020,1,5,3,Winter Recess,Q1 2020,2020-01-01 00:00:00+01,1
2019-12-17,3,100.00,3,0,0,0,2.00,2.97,39.78,38.64,4,-1,-25.00,2019,12,51,2,Winter Recess,Q4 2019,2019-12-01 00:00:00+01,1
2019-11-08,1,0.00,0,1,0,0,3.14,112.93,39.83,17.81,740,-739,-99.86,2019,11,45,5,Autumn Session,Q4 2019,2019-11-01 00:00:00+01,1
2019-10-31,4,0.00,0,4,0,0,3.00,113.10,39.86,18.92,190,-186,-97.89,2019,10,44,4,Autumn Session,Q4 2019,2019-10-01 00:00:00+02,1
2019-09-10,9,0.00,0,9,0,0,3.00,2.80,29.78,55.17,1,8,800.00,2019,9,37,2,Autumn Session,Q3 2019,2019-09-01 00:00:00+02,1
2019-07-02,1,100.00,1,0,0,0,3.71,3.43,30.44,45.58,2,-1,-50.00,2019,7,27,2,Summer Recess,Q3 2019,2019-07-01 00:00:00+02,1
2019-06-18,4,0.00,0,4,0,0,3.00,3.80,30.80,44.81,2,2,100.00,2019,6,25,2,Late Spring Session,Q2 2019,2019-06-01 00:00:00+02,1
2019-05-10,1,0.00,0,1,0,0,2.57,4.00,31.50,41.93,8,-7,-87.50,2019,5,19,5,Late Spring Session,Q2 2019,2019-05-01 00:00:00+02,1
2019-04-30,3,33.33,1,2,0,0,5.00,3.97,31.56,50.26,4,-1,-25.00,2019,4,18,2,Late Spring Session,Q2 2019,2019-04-01 00:00:00+02,1
2019-03-20,2,0.00,0,2,0,0,3.71,2.30,31.08,61.11,2,0,0.00,2019,3,12,3,Spring Session,Q1 2019,2019-03-01 00:00:00+01,1
2019-02-26,2,100.00,2,0,0,0,1.57,75.03,31.56,45.31,3,-1,-33.33,2019,2,9,2,Spring Session,Q1 2019,2019-02-01 00:00:00+01,1
2019-01-30,1,0.00,0,1,0,0,1.86,83.07,32.70,18.08,2,-1,-50.00,2019,1,5,3,Winter Recess,Q1 2019,2019-01-01 00:00:00+01,1
2018-12-03,1,0.00,0,1,0,0,292.57,86.47,33.59,4.69,8,-7,-87.50,2018,12,49,1,Winter Recess,Q4 2018,2018-12-01 00:00:00+01,1
2018-11-07,15,0.00,0,15,0,0,15.71,8.07,6.98,26.72,1,14,1400.00,2018,11,45,3,Autumn Session,Q4 2018,2018-11-01 00:00:00+01,1
2018-10-09,5,20.00,1,4,0,0,4.57,3.30,5.38,42.85,1,4,400.00,2018,10,41,2,Autumn Session,Q4 2018,2018-10-01 00:00:00+02,1
2018-09-25,1,0.00,0,1,0,0,2.86,4.23,5.22,53.79,2,-1,-50.00,2018,9,39,2,Autumn Session,Q3 2018,2018-09-01 00:00:00+02,1
2018-08-28,4,75.00,3,1,0,0,2.29,5.77,5.22,56.17,3,1,33.33,2018,8,35,2,Summer Recess,Q3 2018,2018-08-01 00:00:00+02,1
2018-07-10,1,100.00,1,0,0,0,2.43,5.90,5.21,54.17,6,-5,-83.33,2018,7,28,2,Summer Recess,Q3 2018,2018-07-01 00:00:00+02,1
2018-06-27,1,100.00,1,0,0,0,2.43,6.00,5.22,51.67,4,-3,-75.00,2018,6,26,3,Late Spring Session,Q2 2018,2018-06-01 00:00:00+02,1
2018-05-30,5,0.00,0,5,0,0,3.71,9.03,44.73,43.50,2,3,150.00,2018,5,22,3,Late Spring Session,Q2 2018,2018-05-01 00:00:00+02,1
2018-04-11,40,20.00,8,32,0,0,13.86,8.23,47.10,60.05,1,39,3900.00,2018,4,15,3,Late Spring Session,Q2 2018,2018-04-01 00:00:00+02,1
2018-03-21,12,50.00,6,6,0,0,10.29,5.17,45.89,62.32,663,-651,-98.19,2018,3,12,3,Spring Session,Q1 2018,2018-03-01 00:00:00+01,1
2018-02-20,5,100.00,5,0,0,0,4.00,3.33,45.32,46.70,1,4,400.00,2018,2,8,2,Spring Session,Q1 2018,2018-02-01 00:00:00+01,1
2018-01-09,2,50.00,1,1,0,0,2.00,61.33,45.49,52.80,1,1,100.00,2018,1,2,2,Winter Recess,Q1 2018,2018-01-01 00:00:00+01,1
2017-12-07,4,25.00,1,3,0,0,3.00,124.53,45.74,36.59,2,2,100.00,2017,12,49,4,Winter Recess,Q4 2017,2017-12-01 00:00:00+01,1
2017-11-23,2,0.00,0,2,0,0,2.86,127.47,45.71,28.74,16,-14,-87.50,2017,11,47,4,Autumn Session,Q4 2017,2017-11-01 00:00:00+01,1
2017-10-26,5,80.00,4,1,0,0,2.86,130.17,45.93,35.63,2,3,150.00,2017,10,43,4,Autumn Session,Q4 2017,2017-10-01 00:00:00+02,1
2017-09-19,14,14.29,2,12,0,0,16.57,5.37,4.74,63.96,6,8,133.33,2017,9,38,2,Autumn Session,Q3 2017,2017-09-01 00:00:00+02,1
2017-08-30,1,100.00,1,0,0,0,1.43,2.40,3.62,67.05,2,-1,-50.00,2017,8,35,3,Summer Recess,Q3 2017,2017-08-01 00:00:00+02,1
2017-07-05,1,100.00,1,0,0,0,1.71,2.50,3.67,65.94,3,-2,-66.67,2017,7,27,3,Summer Recess,Q3 2017,2017-07-01 00:00:00+02,1
2017-06-27,3,100.00,3,0,0,0,1.86,2.73,3.71,60.94,16,-13,-81.25,2017,6,26,2,Late Spring Session,Q2 2017,2017-06-01 00:00:00+02,1
2017-05-23,2,50.00,1,1,0,0,2.29,4.40,21.49,49.59,1,1,100.00,2017,5,21,2,Late Spring Session,Q2 2017,2017-05-01 00:00:00+02,1
2017-04-03,2,0.00,0,2,0,0,4.14,3.87,41.03,62.64,101,-99,-98.02,2017,4,14,1,Late Spring Session,Q2 2017,2017-04-01 00:00:00+02,1
2017-03-14,2,100.00,2,0,0,0,3.00,3.97,40.74,70.49,118,-116,-98.31,2017,3,11,2,Spring Session,Q1 2017,2017-03-01 00:00:00+01,1
2017-02-08,4,0.00,0,4,0,0,3.29,3.57,40.93,54.54,60,-56,-93.33,2017,2,6,3,Spring Session,Q1 2017,2017-02-01 00:00:00+01,1
2017-01-09,1,0.00,0,1,0,0,4.14,3.00,41.06,52.75,30,-29,-96.67,2017,1,2,1,Winter Recess,Q1 2017,2017-01-01 00:00:00+01,1
2016-12-19,2,100.00,2,0,0,0,4.57,3.03,41.06,56.08,11,-9,-81.82,2016,12,51,1,Winter Recess,Q4 2016,2016-12-01 00:00:00+01,1
2016-11-22,1,100.00,1,0,0,0,2.29,115.50,40.84,43.91,4,-3,-75.00,2016,11,47,2,Autumn Session,Q4 2016,2016-11-01 00:00:00+01,1
2016-10-27,3,66.67,2,1,0,0,3.57,115.90,40.92,51.41,1,2,200.00,2016,10,43,4,Autumn Session,Q4 2016,2016-10-01 00:00:00+02,1
2016-09-20,11,36.36,4,7,0,0,5.14,3.17,3.41,61.77,2,9,450.00,2016,9,38,2,Autumn Session,Q3 2016,2016-09-01 00:00:00+02,1
2016-08-30,1,100.00,1,0,0,0,1.57,2.97,3.19,63.73,2,-1,-50.00,2016,8,35,2,Summer Recess,Q3 2016,2016-08-01 00:00:00+02,1
2016-07-20,1,100.00,1,0,0,0,1.71,3.07,3.27,60.40,1,0,0.00,2016,7,29,3,Summer Recess,Q3 2016,2016-07-01 00:00:00+02,1
2016-06-09,2,0.00,0,2,0,0,2.14,4.07,37.39,56.35,5,-3,-60.00,2016,6,23,4,Late Spring Session,Q2 2016,2016-06-01 00:00:00+02,1
2016-05-25,3,33.33,1,2,0,0,2.00,4.67,38.53,55.79,2,1,50.00,2016,5,21,3,Late Spring Session,Q2 2016,2016-05-01 00:00:00+02,1
2016-04-12,3,66.67,2,1,0,0,5.57,4.17,38.64,63.02,3,0,0.00,2016,4,15,2,Late Spring Session,Q2 2016,2016-04-01 00:00:00+02,1
2016-03-29,2,50.00,1,1,0,0,6.29,3.60,38.32,60.00,2,0,0.00,2016,3,13,2,Spring Session,Q1 2016,2016-03-01 00:00:00+01,1
2016-02-17,4,0.00,0,4,0,0,1.86,2.73,38.03,57.22,2,2,100.00,2016,2,7,3,Spring Session,Q1 2016,2016-02-01 00:00:00+01,1
2016-01-19,3,33.33,1,2,0,0,3.29,2.90,38.20,58.44,2,1,50.00,2016,1,3,2,Winter Recess,Q1 2016,2016-01-01 00:00:00+01,1
2015-12-09,2,50.00,1,1,0,0,2.86,106.30,38.23,50.79,3,-1,-33.33,2015,12,50,3,Winter Recess,Q4 2015,2015-12-01 00:00:00+01,1
2015-11-03,2,100.00,2,0,0,0,2.29,108.60,51.56,44.30,34,-32,-94.12,2015,11,45,2,Autumn Session,Q4 2015,2015-11-01 00:00:00+01,1
2015-10-06,1458,3.16,46,1412,0,0,445.71,108.43,69.38,45.57,11,1447,13154.55,2015,10,41,2,Autumn Session,Q4 2015,2015-10-01 00:00:00+02,1
2015-09-08,1,100.00,1,0,0,0,2.86,2.63,34.81,56.67,1,0,0.00,2015,9,37,2,Autumn Session,Q3 2015,2015-09-01 00:00:00+02,1
2015-08-04,1,100.00,1,0,0,0,3.00,2.70,34.82,53.33,1,0,0.00,2015,8,32,2,Summer Recess,Q3 2015,2015-08-01 00:00:00+02,1
2015-06-02,1,100.00,1,0,0,0,1.29,2.80,34.88,59.17,15,-14,-93.33,2015,6,23,2,Late Spring Session,Q2 2015,2015-06-01 00:00:00+02,1
2015-05-08,1,0.00,0,1,0,0,2.57,2.87,35.06,54.72,1,0,0.00,2015,5,19,5,Late Spring Session,Q2 2015,2015-05-01 00:00:00+02,1
2015-04-15,2,100.00,2,0,0,0,3.43,3.33,35.13,68.67,1,1,100.00,2015,4,16,3,Late Spring Session,Q2 2015,2015-04-01 00:00:00+02,1
2015-03-10,3,100.00,3,0,0,0,1.86,93.97,35.63,56.17,22,-19,-86.36,2015,3,11,2,Spring Session,Q1 2015,2015-03-01 00:00:00+01,1
2015-02-04,1,100.00,1,0,0,0,3.71,96.77,35.96,47.87,1,0,0.00,2015,2,6,3,Spring Session,Q1 2015,2015-02-01 00:00:00+01,1
2015-01-01,2,100.00,2,0,0,0,2.29,97.03,36.17,39.17,5,-3,-60.00,2015,1,1,4,Winter Recess,Q1 2015,2015-01-01 00:00:00+01,1
2014-12-18,1,100.00,1,0,0,0,1.57,96.83,36.43,33.75,1,0,0.00,2014,12,51,4,Winter Recess,Q4 2014,2014-12-01 00:00:00+01,1
2014-11-10,1212,6.35,77,1135,0,0,393.29,98.77,36.87,26.84,11,1201,10918.18,2014,11,46,1,Autumn Session,Q4 2014,2014-11-01 00:00:00+01,1
2014-10-31,1,0.00,0,1,0,0,15.71,7.87,6.46,29.45,3,-2,-66.67,2014,10,44,5,Autumn Session,Q4 2014,2014-10-01 00:00:00+02,1
2014-09-10,1,100.00,1,0,0,0,6.57,4.27,6.98,28.17,7,-6,-85.71,2014,9,37,3,Autumn Session,Q3 2014,2014-09-01 00:00:00+02,1
2014-08-12,7,0.00,0,7,0,0,4.57,4.40,10.21,22.84,3,4,133.33,2014,8,33,2,Summer Recess,Q3 2014,2014-08-01 00:00:00+02,1
2014-07-28,13,0.00,0,13,0,0,3.71,4.37,11.53,22.84,2,11,550.00,2014,7,31,1,Summer Recess,Q3 2014,2014-07-01 00:00:00+02,1
2014-06-26,2,100.00,2,0,0,0,3.57,4.13,11.67,22.84,2,0,0.00,2014,6,26,4,Late Spring Session,Q2 2014,2014-06-01 00:00:00+02,1
2014-05-16,1,0.00,0,1,0,0,3.71,6.47,22.39,22.42,1,0,0.00,2014,5,20,5,Late Spring Session,Q2 2014,2014-05-01 00:00:00+02,1
2014-04-04,2,50.00,1,1,0,0,8.71,6.43,29.39,35.87,1,1,100.00,2014,4,14,5,Late Spring Session,Q2 2014,2014-04-01 00:00:00+02,1
2014-03-04,7,85.71,6,1,0,0,2.86,20.33,29.81,26.89,701,-694,-99.00,2014,3,10,2,Spring Session,Q1 2014,2014-03-01 00:00:00+01,1
2014-02-24,1,100.00,1,0,0,0,2.71,32.13,30.20,20.40,20,-19,-95.00,2014,2,9,1,Spring Session,Q1 2014,2014-02-01 00:00:00+01,1
2014-01-14,73,4.11,3,70,0,0,64.14,56.00,33.47,8.95,1,72,7200.00,2014,1,3,2,Winter Recess,Q1 2014,2014-01-01 00:00:00+01,1
2013-12-06,68,2.94,2,66,0,0,48.57,27.00,21.56,9.38,2,66,3300.00,2013,12,49,5,Winter Recess,Q4 2013,2013-12-01 00:00:00+01,1
2013-11-05,12,16.67,2,10,0,0,6.29,35.90,14.40,5.76,3,9,300.00,2013,11,45,2,Autumn Session,Q4 2013,2013-11-01 00:00:00+01,1
2013-10-25,3,0.00,0,3,0,0,10.14,35.03,14.02,18.24,1,2,200.00,2013,10,43,5,Autumn Session,Q4 2013,2013-10-01 00:00:00+02,1
2013-09-24,2,100.00,2,0,0,0,2.29,2.63,5.70,58.89,1,1,100.00,2013,9,39,2,Autumn Session,Q3 2013,2013-09-01 00:00:00+02,1
2013-08-27,1,100.00,1,0,0,0,2.71,2.80,7.88,44.76,255,-254,-99.61,2013,8,35,2,Summer Recess,Q3 2013,2013-08-01 00:00:00+02,1
2013-07-03,4,100.00,4,0,0,0,2.86,2.83,8.02,43.10,29,-25,-86.21,2013,7,27,3,Summer Recess,Q3 2013,2013-07-01 00:00:00+02,1
2013-06-11,3,100.00,3,0,0,0,2.57,3.83,15.71,42.60,7,-4,-57.14,2013,6,24,2,Late Spring Session,Q2 2013,2013-06-01 00:00:00+02,1
2013-05-28,2,50.00,1,1,0,0,3.14,4.30,16.20,40.84,1,1,100.00,2013,5,22,2,Late Spring Session,Q2 2013,2013-05-01 00:00:00+02,1
2013-04-09,4,0.00,0,4,0,0,5.14,3.17,15.90,54.98,10,-6,-60.00,2013,4,15,2,Late Spring Session,Q2 2013,2013-04-01 00:00:00+02,1
2013-03-26,2,100.00,2,0,0,0,4.29,2.97,25.94,51.33,1,1,100.00,2013,3,13,2,Spring Session,Q1 2013,2013-03-01 00:00:00+01,1
2013-02-05,2,0.00,0,2,0,0,1.43,19.77,34.48,10.09,2,0,0.00,2013,2,6,2,Spring Session,Q1 2013,2013-02-01 00:00:00+01,1
2013-01-29,1,100.00,1,0,0,0,5.71,36.63,34.51,10.28,1,0,0.00,2013,1,5,2,Winter Recess,Q1 2013,2013-01-01 00:00:00+01,1
2012-12-14,114,0.88,1,113,0,0,83.29,21.50,27.91,38.96,1,113,11300.00,2012,12,50,5,Winter Recess,Q4 2012,2012-12-01 00:00:00+01,1
2012-11-27,2,0.00,0,2,0,0,3.14,33.53,21.88,45.02,1,1,100.00,2012,11,48,2,Autumn Session,Q4 2012,2012-11-01 00:00:00+01,1
2012-10-02,188,0.53,1,187,0,0,56.29,18.00,8.07,38.64,4,184,4600.00,2012,10,40,2,Autumn Session,Q4 2012,2012-10-01 00:00:00+02,1
2012-09-12,2,100.00,2,0,0,0,1.43,2.17,2.69,54.08,1,1,100.00,2012,9,37,3,Autumn Session,Q3 2012,2012-09-01 00:00:00+02,1
2012-08-24,1,0.00,0,1,0,0,2.00,3.20,2.69,49.08,11,-10,-90.91,2012,8,34,5,Summer Recess,Q3 2012,2012-08-01 00:00:00+02,1
2012-07-06,1,100.00,1,0,0,0,2.00,3.23,2.71,52.41,8,-7,-87.50,2012,7,27,5,Summer Recess,Q3 2012,2012-07-01 00:00:00+02,1
2012-06-13,1,0.00,0,1,0,0,1.57,3.37,2.74,49.19,1,0,0.00,2012,6,24,3,Late Spring Session,Q2 2012,2012-06-01 00:00:00+02,1
2012-05-23,2,100.00,2,0,0,0,2.57,3.93,2.78,55.86,2,0,0.00,2012,5,21,3,Late Spring Session,Q2 2012,2012-05-01 00:00:00+02,1
2012-04-17,1,0.00,0,1,0,0,6.43,3.83,37.50,57.44,2,-1,-50.00,2012,4,16,2,Late Spring Session,Q2 2012,2012-04-01 00:00:00+02,1
2012-03-30,3,0.00,0,3,0,0,2.71,2.77,37.38,60.78,4,-1,-25.00,2012,3,13,5,Spring Session,Q1 2012,2012-03-01 00:00:00+01,1
2012-02-24,1,0.00,0,1,0,0,1.29,2.10,37.04,52.06,3,-2,-66.67,2012,2,8,5,Spring Session,Q1 2012,2012-02-01 00:00:00+01,1
2012-01-27,1,0.00,0,1,0,0,2.14,2.13,37.29,47.61,1,0,0.00,2012,1,4,5,Winter Recess,Q1 2012,2012-01-01 00:00:00+01,1
2011-12-15,3,33.33,1,2,0,0,2.29,2.10,37.44,47.00,2,1,50.00,2011,12,50,4,Winter Recess,Q4 2011,2011-12-01 00:00:00+01,1
2011-11-22,1,100.00,1,0,0,0,1.57,106.53,37.36,29.31,2,-1,-50.00,2011,11,47,2,Autumn Session,Q4 2011,2011-11-01 00:00:00+01,1
2011-10-18,3,33.33,1,2,0,0,4.00,107.20,37.47,26.92,3,0,0.00,2011,10,42,2,Autumn Session,Q4 2011,2011-10-01 00:00:00+02,1
2011-09-26,20,5.00,1,19,0,0,13.14,4.37,3.17,45.95,961,-941,-97.92,2011,9,39,1,Autumn Session,Q3 2011,2011-09-01 00:00:00+02,1
2011-08-31,1,100.00,1,0,0,0,1.14,1.97,2.32,45.48,111,-110,-99.10,2011,8,35,3,Summer Recess,Q3 2011,2011-08-01 00:00:00+02,1
2011-07-06,2,100.00,2,0,0,0,1.71,2.20,2.32,43.81,49,-47,-95.92,2011,7,27,3,Summer Recess,Q3 2011,2011-07-01 00:00:00+02,1
2011-06-09,1,100.00,1,0,0,0,1.43,2.70,34.38,50.37,1,0,0.00,2011,6,23,4,Late Spring Session,Q2 2011,2011-06-01 00:00:00+02,1
2011-05-17,1,100.00,1,0,0,0,2.29,3.27,37.98,50.76,1,0,0.00,2011,5,20,2,Late Spring Session,Q2 2011,2011-05-01 00:00:00+02,1
2011-04-12,1,100.00,1,0,0,0,3.14,3.00,37.77,54.76,1,0,0.00,2011,4,15,2,Late Spring Session,Q2 2011,2011-04-01 00:00:00+02,1
2011-03-21,3,100.00,3,0,0,0,2.00,2.20,37.56,57.14,49,-46,-93.88,2011,3,12,1,Spring Session,Q1 2011,2011-03-01 00:00:00+01,1
2011-02-10,1,100.00,1,0,0,0,3.71,2.00,37.87,54.64,1,0,0.00,2011,2,6,4,Spring Session,Q1 2011,2011-02-01 00:00:00+01,1
2011-01-10,1,100.00,1,0,0,0,1.71,93.53,38.44,47.55,1,0,0.00,2011,1,2,1,Winter Recess,Q1 2011,2011-01-01 00:00:00+01,1
2010-12-09,1,100.00,1,0,0,0,1.14,108.57,38.59,41.90,3,-2,-66.67,2010,12,49,4,Winter Recess,Q4 2010,2010-12-01 00:00:00+01,1
2010-11-25,2,0.00,0,2,0,0,2.29,108.77,38.66,41.90,1,1,100.00,2010,11,47,4,Autumn Session,Q4 2010,2010-11-01 00:00:00+01,1
2010-10-07,1,100.00,1,0,0,0,2.00,2.17,3.17,61.11,5,-4,-80.00,2010,10,40,4,Autumn Session,Q4 2010,2010-10-01 00:00:00+02,1
2010-09-28,1,100.00,1,0,0,0,1.14,2.07,3.16,61.11,11,-10,-90.91,2010,9,39,2,Autumn Session,Q3 2010,2010-09-01 00:00:00+02,1
2010-07-14,1,100.00,1,0,0,0,1.14,2.23,3.17,58.06,383,-382,-99.74,2010,7,28,3,Summer Recess,Q3 2010,2010-07-01 00:00:00+02,1
2010-06-09,4,100.00,4,0,0,0,2.00,3.80,3.39,42.29,71,-67,-94.37,2010,6,23,3,Late Spring Session,Q2 2010,2010-06-01 00:00:00+02,1
2010-05-03,2,50.00,1,1,0,0,3.71,5.23,3.62,46.10,3,-1,-33.33,2010,5,18,1,Late Spring Session,Q2 2010,2010-05-01 00:00:00+02,1
2010-04-21,10,0.00,0,10,0,0,6.00,5.30,33.82,51.65,1,9,900.00,2010,4,16,3,Late Spring Session,Q2 2010,2010-04-01 00:00:00+02,1
2010-03-22,6,100.00,6,0,0,0,4.14,2.53,44.72,58.49,7,-1,-14.29,2010,3,12,1,Spring Session,Q1 2010,2010-03-01 00:00:00+01,1
2010-02-24,1,0.00,0,1,0,0,1.71,2.30,44.72,53.06,7,-6,-85.71,2010,2,8,3,Spring Session,Q1 2010,2010-02-01 00:00:00+01,1
2010-01-07,1,100.00,1,0,0,0,2.57,3.07,45.21,57.93,4,-3,-75.00,2010,1,1,4,Winter Recess,Q1 2010,2010-01-01 00:00:00+01,1
2009-12-16,1,100.00,1,0,0,0,2.86,3.30,45.21,48.30,1,0,0.00,2009,12,51,3,Winter Recess,Q4 2009,2009-12-01 00:00:00+01,1
2009-11-19,2,0.00,0,2,0,0,3.86,128.17,45.50,30.87,14,-12,-85.71,2009,11,47,4,Autumn Session,Q4 2009,2009-11-01 00:00:00+01,1
2009-10-29,2,50.00,1,1,0,0,2.86,128.87,45.42,27.38,1,1,100.00,2009,10,44,4,Autumn Session,Q4 2009,2009-10-01 00:00:00+02,1
2009-09-16,4,50.00,2,2,0,0,1.57,2.53,3.26,50.97,4,0,0.00,2009,9,38,3,Autumn Session,Q3 2009,2009-09-01 00:00:00+02,1
2009-08-25,1,100.00,1,0,0,0,1.57,2.50,3.26,47.64,3,-2,-66.67,2009,8,35,2,Summer Recess,Q3 2009,2009-08-01 00:00:00+02,1
2009-07-01,2,100.00,2,0,0,0,3.57,2.93,3.32,45.08,1,1,100.00,2009,7,27,3,Summer Recess,Q3 2009,2009-07-01 00:00:00+02,1
2009-06-30,2,100.00,2,0,0,0,4.43,3.00,3.34,41.74,53,-51,-96.23,2009,6,27,2,Late Spring Session,Q2 2009,2009-06-01 00:00:00+02,1
2009-05-13,2,50.00,1,1,0,0,2.14,4.63,3.37,37.45,6,-4,-66.67,2009,5,20,3,Late Spring Session,Q2 2009,2009-05-01 00:00:00+02,1
2009-04-06,2,0.00,0,2,0,0,7.00,4.50,37.26,43.02,1,1,100.00,2009,4,15,1,Late Spring Session,Q2 2009,2009-04-01 00:00:00+02,1
2009-03-09,5,100.00,5,0,0,0,2.71,2.50,43.44,52.17,2,3,150.00,2009,3,11,1,Spring Session,Q1 2009,2009-03-01 00:00:00+01,1
2009-02-18,2,100.00,2,0,0,0,2.71,2.30,43.41,52.17,2,0,0.00,2009,2,8,3,Spring Session,Q1 2009,2009-02-01 00:00:00+01,1
2009-01-16,5,0.00,0,5,0,0,2.29,2.67,43.48,38.51,1,4,400.00,2009,1,3,5,Winter Recess,Q1 2009,2009-01-01 00:00:00+01,1
2008-12-03,7,42.86,3,4,0,0,3.00,3.60,44.34,29.49,4,3,75.00,2008,12,49,3,Winter Recess,Q4 2008,2008-12-01 00:00:00+01,1
2008-11-14,8,37.50,3,5,0,0,2.71,116.57,44.53,21.12,879,-871,-99.09,2008,11,46,5,Autumn Session,Q4 2008,2008-11-01 00:00:00+01,1
2008-10-06,766,0.39,3,763,0,0,294.86,75.67,27.81,31.66,5,761,15220.00,2008,10,41,1,Autumn Session,Q4 2008,2008-10-01 00:00:00+02,1
2008-09-30,115,5.22,6,109,0,0,57.86,16.77,8.19,36.02,2,113,5650.00,2008,9,40,2,Autumn Session,Q3 2008,2008-09-01 00:00:00+02,1
2008-07-15,1,100.00,1,0,0,0,1.86,2.33,3.46,38.33,1,0,0.00,2008,7,29,2,Summer Recess,Q3 2008,2008-07-01 00:00:00+02,1
2008-06-17,3,33.33,1,2,0,0,2.29,2.63,3.54,35.00,1,2,200.00,2008,6,25,2,Late Spring Session,Q2 2008,2008-06-01 00:00:00+02,1
2008-05-29,2,100.00,2,0,0,0,2.29,4.83,3.60,34.93,21,-19,-90.48,2008,5,22,4,Late Spring Session,Q2 2008,2008-05-01 00:00:00+02,1
2008-04-15,3,100.00,3,0,0,0,10.29,5.80,39.78,53.68,1,2,200.00,2008,4,16,2,Late Spring Session,Q2 2008,2008-04-01 00:00:00+02,1
2008-03-28,3,0.00,0,3,0,0,7.86,3.40,39.04,54.61,5,-2,-40.00,2008,3,13,5,Spring Session,Q1 2008,2008-03-01 00:00:00+01,1
2008-02-27,5,40.00,2,3,0,0,2.14,2.07,38.99,46.06,2,3,150.00,2008,2,9,3,Spring Session,Q1 2008,2008-02-01 00:00:00+01,1
2008-01-07,2,100.00,2,0,0,0,2.14,2.90,39.46,41.61,12,-10,-83.33,2008,1,2,1,Winter Recess,Q1 2008,2008-01-01 00:00:00+01,1
2007-12-20,1,100.00,1,0,0,0,2.00,3.50,39.46,38.61,1,0,0.00,2007,12,51,4,Winter Recess,Q4 2007,2007-12-01 00:00:00+01,1
2007-11-08,2,50.00,1,1,0,0,3.00,110.23,39.49,20.12,145,-143,-98.62,2007,11,45,4,Autumn Session,Q4 2007,2007-11-01 00:00:00+01,1
2007-10-29,2,100.00,2,0,0,0,3.00,111.07,39.47,33.94,1,1,100.00,2007,10,44,1,Autumn Session,Q4 2007,2007-10-01 00:00:00+02,1
2007-09-27,71,0.00,0,71,0,0,29.14,8.63,5.66,45.04,1,70,7000.00,2007,9,39,4,Autumn Session,Q3 2007,2007-09-01 00:00:00+02,1
2007-08-28,1,100.00,1,0,0,0,2.14,3.53,29.63,46.34,1,0,0.00,2007,8,35,2,Summer Recess,Q3 2007,2007-08-01 00:00:00+02,1
2007-06-27,1,100.00,1,0,0,0,2.14,3.53,29.63,46.34,1,0,0.00,2007,6,26,3,Late Spring Session,Q2 2007,2007-06-01 00:00:00+02,1
2007-05-28,1,100.00,1,0,0,0,3.86,4.70,29.60,44.76,1,0,0.00,2007,5,22,1,Late Spring Session,Q2 2007,2007-05-01 00:00:00+02,1
2007-04-17,1,0.00,0,1,0,0,6.14,4.60,29.53,41.90,9,-8,-88.89,2007,4,16,2,Late Spring Session,Q2 2007,2007-04-01 00:00:00+02,1
2007-03-22,7,42.86,3,4,0,0,7.00,3.87,31.24,43.56,1,6,600.00,2007,3,12,4,Spring Session,Q1 2007,2007-03-01 00:00:00+01,1
2007-02-21,1,0.00,0,1,0,0,2.43,3.20,31.70,38.75,3,-2,-66.67,2007,2,8,3,Spring Session,Q1 2007,2007-02-01 00:00:00+01,1
2007-01-24,1,100.00,1,0,0,0,1.71,33.30,31.70,42.97,7,-6,-85.71,2007,1,4,3,Winter Recess,Q1 2007,2007-01-01 00:00:00+01,1
2006-12-18,1,100.00,1,0,0,0,5.57,81.50,31.93,41.32,7,-6,-85.71,2006,12,51,1,Winter Recess,Q4 2006,2006-12-01 00:00:00+01,1
2006-11-02,564,0.53,3,561,0,0,288.43,72.03,27.81,26.33,1,563,56300.00,2006,11,44,4,Autumn Session,Q4 2006,2006-11-01 00:00:00+01,1
2006-10-30,1,100.00,1,0,0,0,1.57,7.47,5.53,26.58,11,-10,-90.91,2006,10,44,1,Autumn Session,Q4 2006,2006-10-01 00:00:00+02,1
2006-09-29,1,100.00,1,0,0,0,1.86,8.50,5.60,19.57,1,0,0.00,2006,9,39,5,Autumn Session,Q3 2006,2006-09-01 00:00:00+02,1
2006-06-07,2,100.00,2,0,0,0,1.86,8.53,5.64,17.91,3,-1,-33.33,2006,6,23,3,Late Spring Session,Q2 2006,2006-06-01 00:00:00+02,1
2006-05-04,3,0.00,0,3,0,0,3.14,11.13,5.90,28.39,1,2,200.00,2006,5,18,4,Late Spring Session,Q2 2006,2006-05-01 00:00:00+02,1
2006-04-07,1,0.00,0,1,0,0,23.29,10.27,8.03,33.15,12,-11,-91.67,2006,4,14,5,Late Spring Session,Q2 2006,2006-04-01 00:00:00+02,1
2006-03-09,2,0.00,0,2,0,0,4.57,3.30,48.64,38.37,2,0,0.00,2006,3,10,4,Spring Session,Q1 2006,2006-03-01 00:00:00+01,1
2006-02-02,2,0.00,0,2,0,0,4.71,2.97,50.74,34.39,1,1,100.00,2006,2,5,4,Spring Session,Q1 2006,2006-02-01 00:00:00+01,1
2006-01-20,4,25.00,1,3,0,0,1.86,2.63,50.68,36.06,16,-12,-75.00,2006,1,3,5,Winter Recess,Q1 2006,2006-01-01 00:00:00+01,1
2005-12-05,5,0.00,0,5,0,0,3.14,10.33,51.58,24.47,1,4,400.00,2005,12,49,1,Winter Recess,Q4 2005,2005-12-01 00:00:00+01,1
2005-11-29,3,0.00,0,3,0,0,2.57,10.33,51.58,23.55,3,0,0.00,2005,11,48,2,Autumn Session,Q4 2005,2005-11-01 00:00:00+01,1
2005-10-01,85,0.00,0,85,0,0,179.00,62.30,23.87,22.59,1,84,8400.00,2005,10,39,6,Autumn Session,Q4 2005,2005-10-01 00:00:00+02,1
2005-09-30,330,1.82,6,324,0,0,180.57,59.53,22.94,24.26,1,329,32900.00,2005,9,39,5,Autumn Session,Q3 2005,2005-09-01 00:00:00+02,1
2005-07-07,1,100.00,1,0,0,0,5.71,4.53,4.52,30.89,11,-10,-90.91,2005,7,27,4,Summer Recess,Q3 2005,2005-07-01 00:00:00+02,1
2005-06-09,2,0.00,0,2,0,0,3.29,5.73,4.38,28.82,2,0,0.00,2005,6,23,4,Late Spring Session,Q2 2005,2005-06-01 00:00:00+02,1
2005-05-30,3,33.33,1,2,0,0,3.57,6.30,5.27,37.60,6,-3,-50.00,2005,5,22,1,Late Spring Session,Q2 2005,2005-05-01 00:00:00+02,1
2005-04-04,5,80.00,4,1,0,0,8.57,4.20,45.10,57.54,,,,2005,4,14,1,Late Spring Session,Q2 2005,2005-04-01 00:00:00+02,1
2005-03-29,2,50.00,1,1,0,0,5.57,3.70,45.04,51.86,,,,2005,3,13,2,Spring Session,Q1 2005,2005-03-01 00:00:00+01,1
2005-02-15,2,100.00,2,0,0,0,2.43,3.77,45.39,37.75,,,,2005,2,7,2,Spring Session,Q1 2005,2005-02-01 00:00:00+01,1
2005-01-03,1,100.00,1,0,0,0,1.86,6.30,46.10,48.69,,,,2005,1,1,1,Winter Recess,Q1 2005,2005-01-01 00:00:00+01,1
2004-12-22,4,100.00,4,0,0,0,3.29,69.77,46.26,42.18,,,,2004,12,52,3,Winter Recess,Q4 2004,2004-12-01 00:00:00+01,1
2004-11-02,1,100.00,1,0,0,0,4.43,125.90,45.97,26.10,,,,2004,11,45,2,Autumn Session,Q4 2004,2004-11-01 00:00:00+01,1
2004-10-02,42,0.00,0,42,0,0,149.43,55.90,22.22,41.18,,,,2004,10,40,6,Autumn Session,Q4 2004,2004-10-01 00:00:00+02,1
2004-09-06,1,100.00,1,0,0,0,5.43,5.53,44.48,60.54,,,,2004,9,37,1,Autumn Session,Q3 2004,2004-09-01 00:00:00+02,1
2004-07-13,1,100.00,1,0,0,0,6.00,5.63,44.48,57.21,,,,2004,7,29,2,Summer Recess,Q3 2004,2004-07-01 00:00:00+02,1
2004-06-16,1,100.00,1,0,0,0,3.00,6.47,44.64,48.25,,,,2004,6,25,3,Late Spring Session,Q2 2004,2004-06-01 00:00:00+02,1
2004-05-12,2,100.00,2,0,0,0,7.57,6.20,44.96,49.22,,,,2004,5,20,3,Late Spring Session,Q2 2004,2004-05-01 00:00:00+02,1
2004-04-28,13,30.77,4,9,0,0,5.86,5.23,44.60,61.81,,,,2004,4,18,3,Late Spring Session,Q2 2004,2004-04-01 00:00:00+02,1
2004-03-04,1,100.00,1,0,0,0,1.14,4.00,44.48,65.08,,,,2004,3,10,4,Spring Session,Q1 2004,2004-03-01 00:00:00+01,1
2004-02-05,2,0.00,0,2,0,0,7.57,4.93,44.66,57.58,,,,2004,2,6,4,Spring Session,Q1 2004,2004-02-01 00:00:00+01,1
2004-01-21,1,100.00,1,0,0,0,1.57,4.40,44.64,61.23,,,,2004,1,4,3,Winter Recess,Q1 2004,2004-01-01 00:00:00+01,1
2003-12-29,1,100.00,1,0,0,0,4.00,122.17,44.62,59.06,,,,2003,12,1,1,Winter Recess,Q4 2003,2003-12-01 00:00:00+01,1
2003-11-13,4,75.00,3,1,0,0,5.57,124.67,80.09,55.13,,,,2003,11,46,4,Autumn Session,Q4 2003,2003-11-01 00:00:00+01,1
2003-10-15,8,12.50,1,7,0,0,509.86,123.33,79.91,66.91,,,,2003,10,42,3,Autumn Session,Q4 2003,2003-10-01 00:00:00+02,1
2003-09-29,1,100.00,1,0,0,0,11.57,4.83,40.51,65.40,,,,2003,9,40,1,Autumn Session,Q3 2003,2003-09-01 00:00:00+02,1
2003-07-30,2,100.00,2,0,0,0,8.29,5.27,40.22,61.94,,,,2003,7,31,3,Summer Recess,Q3 2003,2003-07-01 00:00:00+02,1
2003-06-11,2,50.00,1,1,0,0,3.71,4.53,39.86,53.06,,,,2003,6,24,3,Late Spring Session,Q2 2003,2003-06-01 00:00:00+02,1
2003-05-22,3,33.33,1,2,0,0,1.43,5.10,40.87,56.39,,,,2003,5,21,4,Late Spring Session,Q2 2003,2003-05-01 00:00:00+02,1
2003-04-15,2,100.00,2,0,0,0,10.43,6.43,41.18,52.28,,,,2003,4,16,2,Late Spring Session,Q2 2003,2003-04-01 00:00:00+02,1
2003-03-26,3,0.00,0,3,0,0,5.14,4.27,41.07,62.83,,,,2003,3,13,3,Spring Session,Q1 2003,2003-03-01 00:00:00+01,1
2003-02-17,1,100.00,1,0,0,0,8.00,110.73,41.72,63.59,,,,2003,2,8,1,Spring Session,Q1 2003,2003-02-01 00:00:00+01,1
2003-01-21,5,100.00,5,0,0,0,1.57,110.07,41.53,63.25,,,,2003,1,4,2,Winter Recess,Q1 2003,2003-01-01 00:00:00+01,1
2002-12-04,1,100.00,1,0,0,0,2.29,110.50,42.14,48.25,,,,2002,12,49,3,Winter Recess,Q4 2002,2002-12-01 00:00:00+01,1
2002-11-06,5,20.00,1,4,0,0,461.57,110.80,43.21,37.14,,,,2002,11,45,3,Autumn Session,Q4 2002,2002-11-01 00:00:00+01,1
2002-10-22,5,40.00,2,3,0,0,5.57,6.67,7.67,32.00,,,,2002,10,43,2,Autumn Session,Q4 2002,2002-10-01 00:00:00+02,1
2002-06-10,1,100.00,1,0,0,0,1.29,6.70,47.14,20.00,,,,2002,6,24,1,Late Spring Session,Q2 2002,2002-06-01 00:00:00+02,1
2002-05-23,1,100.00,1,0,0,0,3.29,7.00,47.14,10.00,,,,2002,5,21,4,Late Spring Session,Q2 2002,2002-05-01 00:00:00+02,1
2002-04-02,2,0.00,0,0,0,2,6.29,7.07,55.46,0.00,,,,2002,4,14,2,Late Spring Session,Q2 2002,2002-04-01 00:00:00+02,1
2002-03-07,7,0.00,0,0,0,7,3.14,7.53,64.17,2.78,,,,2002,3,10,4,Spring Session,Q1 2002,2002-03-01 00:00:00+01,1
2002-02-13,1,0.00,0,0,0,1,8.14,8.17,73.02,6.11,,,,2002,2,7,3,Spring Session,Q1 2002,2002-02-01 00:00:00+01,1
2002-01-29,1,0.00,0,0,0,1,11.71,7.63,79.24,6.11,,,,2002,1,5,2,Winter Recess,Q1 2002,2002-01-01 00:00:00+01,1
2001-12-13,20,0.00,0,0,0,20,7.14,8.93,94.59,6.11,,,,2001,12,50,4,Winter Recess,Q4 2001,2001-12-01 00:00:00+01,1
2001-11-22,1,100.00,1,0,0,0,6.43,127.10,115.67,3.33,,,,2001,11,47,4,Autumn Session,Q4 2001,2001-11-01 00:00:00+01,1
2001-10-12,11,0.00,0,0,0,11,513.71,227.13,227.13,0.00,,,,2001,10,41,5,Autumn Session,Q4 2001,2001-10-01 00:00:00+02,1
2001-09-19,1,0.00,0,0,0,1,1.25,1.25,1.25,0.00,,,,2001,9,38,3,Autumn Session,Q3 2001,2001-09-01 00:00:00+02,1
