embedded_id_public_date,embedded_id_org,document_type,total
2005-10-18,LU,mot,14
2005-07-19,"",frs,3
2002-03-25,kd,fr,1
2008-03-06,v,fr,1
2005-07-04,m,fr,1
2006-03-15,UD,prop,2
2011-01-14,MP,fr,1
2011-11-08,KU,utskottsdokument,3
2008-09-30,UU,mot,1
2024-09-13,S,fr,4
2023-08-16,"",f-lista,1
2012-09-26,MJU,mot,3
2020-06-03,FiU,rskr,7
2012-10-02,Ut-dep,fpm,1
2013-12-09,"",eunbil,5
2023-09-19,S,ip,1
2000-03-07,JuU,bet,1
2018-01-23,M,fr,6
2005-11-29,m,fr,6
2018-04-05,UbU,mot,2
2011-11-16,JO,frsrdg,1
2015-03-19,C,fr,1
2023-04-27,"",t-lista,1
2022-11-15,AU,utskottsmöte,1
2014-03-04,Ku,prop,1
2005-02-23,c,fr,1
2010-12-28,"",frs,1
2019-04-24,SD,fr,3
2008-05-09,Ju-dep,fpm,1
2015-01-21,UbU,mot,5
2011-05-30,KU,utskottsdokument,2
2004-09-20,L,fr,2
2007-07-04,s,fr,3
2004-09-29,BoU,mot,3
2024-09-11,Finansdepartementet,prop,1
2021-04-13,"",utskottsmöte,14
2019-06-18,Justitiedepartementet,dir,1
2023-03-08,eun,samtr,1
2006-05-19,JuU,votering,6
2016-06-07,M,fr,1
2019-11-27,"",f-lista,1
2020-11-23,"",sou,1
2014-11-27,KU,utskottsdokument,1
2006-02-20,L,ip,1
2022-10-03,"","",2
2002-06-04,kd,fr,1
2012-01-25,"",rskr,7
2007-04-26,MJU,utskottsdokument,2
2019-10-31,NU,utskottsmöte,1
2018-05-17,SoU,rskr,1
2026-03-06,C,fr,2
2013-01-26,KU,utskottsmöte,1
2020-05-29,V,fr,2
2025-09-11,CU,mot,2
2004-11-20,BoU,utskottsmöte,1
2008-05-09,"",t-lista,1
2013-11-13,UU,mot,1
2025-09-11,KU,bet,1
2007-03-08,kd,fr,1
2018-05-22,Utrikesdepartementet,sfs,1
2001-05-05,BoU,utskottsmöte,1
2008-04-23,NU,utskottsdokument,6
2018-05-31,SD,fr,1
2004-11-06,"",utskottsmöte,1
2013-10-21,S,fr,4
2022-04-06,AU,mot,3
2002-06-13,TU,mot,2
2019-05-03,M,fr,4
2003-05-20,"",prot,1
2024-03-07,"",sou,1
2003-04-11,"",prot,1
2019-04-23,NU,utskottsmöte,1
2020-09-08,JuU,bet,5
2013-10-30,"",ds,1
2009-10-06,CU,mot,112
2014-12-15,SD,fr,1
2011-03-10,UbU,utskottsdokument,1
2010-11-23,"",f-lista,1
2013-09-23,NU,rfr,1
2011-05-26,Finansdepartementet,dir,1
2017-12-29,fiu,samtr,1
2016-03-15,M,ip,2
2018-04-12,"",frs,3
2021-04-27,KrU,utskottsmöte,1
2024-10-10,UbU,yttr,1
2013-01-15,JuU,mot,2
2016-08-23,C,fr,1
2012-06-28,AU,rfr,1
2023-10-11,"",sou,1
2005-05-31,JU,prop,2
2018-11-07,KU,rskr,1
2016-09-15,ku,samtr,1
2022-03-02,UbU,votering,10
2015-11-12,FiU,utskottsmöte,1
2014-04-23,S,ip,7
2019-03-04,RR,frsrdg,1
2004-06-21,L,fr,5
2000-12-06,kd,fr,7
2024-10-01,Justitiedepartementet,prop,2
2022-03-22,M,fr,1
2003-03-06,"",prot,1
2025-10-06,S,fr,4
2018-12-07,Arbetsmarknadsdepartementet,dir,1
2022-12-07,EUN,eunprot,1
2020-02-25,SD,ip,1
2020-12-21,KD,ip,1
2008-03-29,AU,utskottsmöte,1
2023-04-14,"",kammakt,1
2024-01-18,"",frs,1
2020-04-02,"",prot,1
2014-05-23,MP,ip,1
2014-12-03,Arbetsmarknadsdepartementet,prop,2
2021-12-16,FiU,utskottsmöte,1
2004-05-05,"",prot,1
2008-10-03,UU,mot,19
2023-01-17,V,fr,1
2011-09-15,CU,mot,1
2022-06-14,SfU,votering,9
2012-05-23,KU,utskottsdokument,1
2017-02-02,M,ip,5
2013-08-29,"",sou,2
2022-11-30,"",f-lista,1
2008-03-13,s,fr,6
2007-07-25,Ju-dep,fpm,2
2005-03-23,L,fr,1
2009-12-15,MJU,utskottsdokument,1
2017-01-31,FöU,utskottsmöte,1
2010-05-27,"",rskr,4
2015-09-28,CU,mot,1
2010-03-11,SoU,utskottsdokument,2
2012-04-23,KU,utskottsmöte,1
2022-02-17,UD-dep,dir,1
2007-11-02,EUN,kf-lista,1
2004-06-16,L,fr,2
2014-03-26,kamm,kammakt,11
2013-01-09,SoU,mot,7
2026-01-14,AU,kammakt,1
2026-04-28,MJU,mot,3
2023-12-14,Fi-dep,dir,1
2009-02-07,MJU,utskottsmöte,1
2021-04-27,KU,bet,1
2022-04-27,L,fr,3
2016-01-08,"",frs,21
2025-04-01,"",prot,1
2020-03-27,SoU,utskottsmöte,1
2023-06-08,"",rskr,1
2012-06-28,Utbildningsdepartementet,dir,1
2022-08-23,MP,fr,2
2021-07-21,M,fr,10
2010-11-17,KK,prot,1
2019-04-24,KU,votering,14
2019-10-10,SD,fr,9
2020-09-10,L,fr,1
2015-03-18,"",f-lista,1
2005-06-01,MJU,votering,2
2006-11-13,KU,utskottsmöte,1
2022-06-08,UbU,votering,20
2006-02-13,c,fr,2
2004-03-16,kd,fr,1
2022-06-21,SfU,votering,6
2005-01-22,KrU,utskottsmöte,1
2020-04-01,FiU,votering,2
2017-04-20,SfU,utskottsmöte,1
2020-04-17,"",utskottsmöte,1
2025-04-08,C,fr,6
2007-11-13,SkU,utskottsdokument,2
2014-10-15,Finansdepartementet,prop,1
2002-04-11,Ju-dep,dir,1
2019-12-16,"",mot,1
2017-05-30,"",sou,1
2005-04-25,SkU,utskottsmöte,1
2003-04-02,KU,votering,13
2023-08-17,"",t-lista,1
2024-04-18,KU,utskottsmöte,1
2017-11-09,Finansdepartementet,prop,1
2019-04-16,Miljödepartementet,prop,1
2008-12-06,"",utskottsmöte,1
2017-03-15,kamm,kammakt,11
2013-03-06,RS,frsrdg,1
2020-11-02,KD,ip,1
2022-12-13,SoU,mot,1
2012-03-27,"",t-lista,1
2025-10-16,"",f-lista,1
2012-05-09,"",t-lista,1
2023-04-13,"",kammakt,3
2001-11-28,JU,prop,1
2006-04-03,TU,utskottsmöte,1
2022-12-13,Miljödepartementet,prop,1
2008-05-23,AU,yttr,1
2016-05-27,SD,fr,1
2020-06-02,UFöU,utskottsmöte,1
2025-09-30,"",kalakt,1
2025-04-09,"",t-lista,1
2018-04-13,M,ip,3
2008-04-25,s,ip,9
2016-05-26,FiU,rskr,1
2002-10-07,MJU,mot,6
2021-11-10,M,ip,1
2016-08-23,M,ip,1
2006-03-21,N,prop,4
2013-06-13,SoU,rskr,3
2025-04-08,S,fr,3
2016-01-27,V,ip,1
2016-04-27,"",mot,10
2024-11-28,Justitiedepartementet,prop,2
2009-01-08,kd,ip,1
2006-01-30,MJU,utskottsmöte,1
2002-12-20,m,fr,2
2023-10-18,AU,yttr,1
2015-11-19,UbU,rskr,1
2015-12-16,SfU,mot,2
2017-04-07,M,fr,2
2007-03-29,L,fr,6
2002-11-06,"",frs,6
2011-03-24,Justitiedepartementet,dir,1
2010-10-20,NU,mot,1
2006-11-30,UbU,utskottsdokument,1
2021-04-07,FiU,rskr,3
2016-01-21,MJU,utskottsmöte,1
2018-12-06,KU,utskottsmöte,1
2020-01-22,SD,fr,2
2019-05-14,UU,utskottsmöte,1
2015-09-29,KrU,utskottsmöte,1
2004-10-06,MJU,mot,136
2006-11-14,JO,prop,1
2009-02-02,s,fr,3
2001-02-10,TU,utskottsmöte,1
2012-01-23,"",f-lista,1
2015-12-09,"",f-lista,1
2024-10-11,"",utskottsmöte,1
2008-12-10,"",frs,39
2018-06-14,KU,rskr,1
2026-04-21,UU,yttr,2
2011-02-16,RR,rir,1
2019-05-23,NU,utskottsmöte,1
2015-10-26,M,fr,3
2014-10-23,M,ip,1
2012-04-19,KrU,yttr,1
2004-06-15,"",prot,1
2000-12-11,mp,fr,1
2012-12-04,FöU,utskottsdokument,2
2014-11-14,JuU,bet,1
2014-12-19,UU,bet,2
2010-09-24,EUN,kf-lista,1
2001-01-27,SoU,utskottsmöte,1
2003-04-04,AU,mot,4
2012-03-21,SkU,samtr,1
2001-10-29,SfU,utskottsmöte,1
2018-11-28,UbU,mot,41
2004-01-30,kd,fr,1
2020-01-09,UbU,utskottsmöte,1
2000-03-13,v,fr,2
2013-07-01,CU,rfr,1
2010-12-15,KU,bet,1
2020-11-17,SfU,utskottsmöte,1
2000-02-17,L,fr,3
2001-08-30,m,fr,2
2013-12-13,SkU,mot,6
2010-02-04,c,fr,1
2003-10-30,UD,prop,1
2022-06-22,S-dep,dir,1
2016-04-11,Justitiedepartementet,prop,1
2023-06-02,"",skflista,1
2019-02-14,V,fr,1
2025-10-23,S,ip,4
2011-08-28,FiU,utskottsmöte,1
2003-05-19,SoU,utskottsmöte,1
2019-12-09,"",f-lista,1
2004-11-17,c,fr,2
2012-01-31,SoU,utskottsdokument,1
2023-05-09,"",t-lista,1
2000-11-10,c,fr,1
2006-02-14,BoU,bet,1
2013-12-05,SkU,rskr,9
2023-06-15,Socialdepartementet,dir,1
2008-05-09,UU,utskottsdokument,4
2009-05-17,SoU,utskottsmöte,1
2020-09-17,UbU,mot,1
2008-12-12,mp,ip,1
2024-09-10,TU,mot,1
2001-08-20,"",frs,4
2008-03-31,c,ip,1
2019-09-18,Finansdepartementet,prop,2
2018-05-09,KU,utskottsmöte,1
2026-04-10,C,fr,1
2021-11-25,FiU,utskottsmöte,1
2019-05-02,FiU,utskottsmöte,1
2009-03-31,JuU,bet,1
2016-12-06,"",t-lista,1
2020-06-30,M,fr,1
2010-07-08,Justitiedepartementet,dir,1
2011-05-02,CU,utskottsmöte,1
2014-04-10,JuU,bet,1
2000-02-17,JuU,bet,1
2014-02-10,kamm,kammakt,2
2020-03-25,"",t-lista,1
2019-12-11,S,fr,1
2013-12-02,NU,mot,8
2014-03-21,EUN,eunprot,1
2022-11-08,"",skflista,1
2021-04-15,SfU,bet,1
2004-12-10,L,fr,1
2021-05-25,Finansdepartementet,prop,2
2026-04-16,AU,utskottsmöte,2
2022-03-03,SD,fr,6
2007-06-20,"",f-lista,2
2020-06-11,UbU,utskottsmöte,1
2006-12-21,M-dep,dir,1
2025-10-17,Finansdepartementet OU,sfs,17
2025-09-23,AU,utskottsmöte,1
2025-10-16,"",eunbil,97
2006-03-23,JuU,bet,1
2017-09-18,MJU,mot,3
2001-10-25,"",frs,3
2005-09-29,KrU,mot,17
2025-02-25,"",prot,1
2003-02-03,SfU,utskottsmöte,1
2013-01-09,JuU,mot,1
2016-01-29,M,fr,2
2025-11-10,"",sou,1
2022-04-06,"",f-lista,1
2007-05-10,SfU,utskottsdokument,3
2020-07-17,M,fr,7
2008-09-30,SfU,utskottsdokument,3
2015-11-12,V,ip,3
2021-12-08,"",t-lista,1
2008-04-25,m,fr,2
2002-03-18,"",sou,1
2011-10-11,S,fr,3
2016-03-10,SfU,utskottsmöte,1
2014-03-26,AU,bet,1
2026-04-14,FöU,bet,1
2007-09-21,SfU,mot,1
2026-01-15,"",skflista,1
2007-06-14,s,fr,9
2003-06-03,"",frs,1
2003-05-09,m,fr,4
2026-02-12,-,ip,1
2022-04-13,FiU,bet,1
2021-03-03,FiU,votering,2
2012-04-20,KrU,bet,1
2007-05-24,TU,votering,5
2010-05-20,kd,fr,1
2019-10-12,M,ip,4
2026-01-27,Finansdepartementet,prop,2
2005-10-06,JuU,mot,1
2025-04-24,Ju-dep,dir,1
2019-10-23,KrU,votering,5
2001-11-15,"",frs,3
2021-04-08,"",skflista,2
2005-06-09,mp,fr,1
2025-09-09,TU,mot,3
2011-06-15,"",f-lista,1
2003-05-19,MJU,utskottsmöte,1
2013-01-14,SfU,mot,2
2023-06-12,"",rskr,1
2005-11-09,SkU,mot,1
2017-12-04,JuU,utskottsmöte,1
2022-01-13,-,fr,2
2024-03-21,JuU,utskottsmöte,1
2017-04-14,Socialdepartementet,dir,1
2005-02-03,Justitiedepartementet,prop,1
2008-02-21,EUN,eundok,2
2025-12-17,"","",1
2023-12-06,KU,utskottsdokument,1
2019-03-13,"",prot,1
2020-05-19,M,fr,2
2005-08-22,m,fr,2
2016-02-23,KU,utskottsdokument,1
2024-05-28,KU,skflista,1
2017-09-12,FiU,utskottsmöte,2
2002-02-11,KU,utskottsmöte,1
2022-03-02,SD,fr,8
2014-06-03,JuU,mot,1
2007-10-29,JuU,utskottsmöte,1
2018-06-11,"",t-lista,1
2000-05-31,mp,fr,1
2010-04-21,kamm,kammakt,9
2024-05-13,S,ip,2
2014-10-17,SkU,utskottsmöte,1
2002-02-21,s,ip,1
2002-04-12,L,fr,2
2011-12-10,KU,utskottsmöte,1
2008-11-14,UU,utskottsdokument,3
2008-04-15,s,fr,4
2023-09-14,KU,utskottsmöte,1
2009-04-14,"",t-lista,1
2011-05-14,AU,utskottsmöte,1
2008-03-11,"",prot,1
2015-09-23,UFöU,bet,2
2023-02-09,UbU,utskottsmöte,1
2005-06-02,s,fr,1
2002-01-07,c,fr,1
2004-04-30,c,ip,1
2025-09-19,KU,utskottsdokument,1
2025-05-26,"",Redaktionellt,6
2011-03-22,AU,utskottsdokument,1
2002-06-06,s,fr,1
2023-10-24,SoU,utskottsmöte,1
2018-05-17,SkU,mot,1
2001-10-26,v,fr,6
2009-06-03,UU,bet,1
2018-07-27,Justitiedepartementet,dir,4
2015-09-28,"",mot,1
2026-02-06,"",f-lista,1
2021-12-09,KU,utskottsmöte,1
2008-10-22,L,fr,3
2025-02-13,JuU,utskottsmöte,1
2022-09-06,Justitiedepartementet,prop,1
2023-02-28,Finansdepartementet,prop,1
2009-02-07,NU,utskottsmöte,1
2009-12-16,KrU,votering,7
2014-03-21,MP,ip,1
2009-01-16,v,fr,4
2014-06-26,"",sou,1
2023-03-23,FöU,utskottsmöte,1
2013-11-26,SkU,mot,6
2024-09-12,"",kalakt,1
2012-12-11,TU,mot,14
2020-02-11,UU,utskottsmöte,1
2025-10-28,"",frs,2
2020-08-07,SD,fr,2
2015-03-17,UU,utskottsmöte,2
2014-12-19,Finansdepartementet,prop,1
2024-10-01,UU,mot,11
2014-08-22,UbU,utskottsmöte,1
2011-04-07,KrU,votering,10
2021-10-13,SD,fr,1
2025-03-04,S,ip,4
2016-10-03,V,ip,1
2015-05-11,EUN,skrsam,17
2026-02-19,Justitiedepartementet,prop,2
2009-04-23,S-dep,dir,1
2018-04-12,kamm,kammakt,4
2016-11-11,JuU,bet,12
2016-10-26,JuU,votering,1
2004-05-25,MJU,utskottsdokument,2
2023-11-13,"",samtr,2
2026-03-04,NU,votering,10
2010-02-08,s,fr,3
2015-03-02,M,fr,1
2024-06-11,UU,utskottsmöte,1
2008-01-29,Fi-dep,fpm,1
2006-12-21,"",prot,2
2019-02-26,FöU,utskottsmöte,1
2002-05-16,m,fr,1
2000-12-07,L,fr,1
2023-02-08,"",f-lista,1
2002-01-12,LU,utskottsmöte,1
2005-05-25,mp,ip,2
2018-03-28,TU,votering,16
2005-04-26,SkU,utskottsdokument,2
2013-10-24,KU,utskottsdokument,1
2010-06-10,CU,bet,3
2015-06-04,TU,utskottsmöte,1
2022-11-29,"",kammakt,1
2010-03-31,SB,prop,1
2002-05-21,m,fr,6
2017-09-15,FöU,mot,1
2017-08-24,S,fr,1
2019-10-03,FöU,mot,39
2019-09-13,NU,bet,1
2025-05-09,S,fr,3
2024-12-18,FiU,utskottsmöte,1
2018-11-14,"",f-lista,1
2016-09-26,UbU,mot,1
2004-01-26,c,fr,1
2021-05-04,FöU,utskottsmöte,1
2008-04-14,"",f-lista,1
2013-04-15,KK,prot,1
2007-10-30,FI,prop,1
2005-06-08,"",prot,1
2020-09-30,KrU,mot,3
2000-04-06,LU,mot,3
2012-12-05,S,ip,1
2001-06-14,"",frs,8
2015-06-05,KD,fr,1
2007-12-13,SfU,votering,6
2020-06-04,"",prot,1
2021-10-11,"",eunbil,4
2016-06-09,kamm,kammakt,4
2001-01-13,FiU,utskottsmöte,1
2006-03-09,SB,prop,1
2020-10-28,NU,mot,2
2004-10-20,JU,prop,1
2011-12-13,S,fr,4
2007-05-30,L,fr,1
2002-06-03,c,fr,2
2000-04-28,mp,ip,1
2007-06-08,L,fr,2
2009-06-26,"",ds,2
2017-10-04,NU,mot,37
2001-12-19,s,fr,3
2019-04-02,JuU,utskottsmöte,1
2025-04-24,FöU,votering,3
2018-05-02,TU,rskr,1
2017-09-13,Arbetsmarknadsdepartementet,dir,1
2006-01-16,FöU,utskottsmöte,1
2016-09-29,kamm,kammakt,2
2004-05-14,c,fr,1
2009-10-12,KrU,utskottsmöte,1
2001-03-19,JuU,utskottsmöte,1
2014-01-15,NU,mot,3
2008-05-21,SoU,yttr,1
2014-10-23,"",frs,1
2011-03-15,S,ip,1
2021-04-07,SD,fr,16
2016-05-25,Finansdepartementet,prop,2
2021-09-16,"",kammakt,2
2013-01-22,"",t-lista,1
2021-10-05,Finansdepartementet,prop,1
2025-03-05,S,ip,5
2026-01-16,"",kammakt,1
2023-09-22,TU,mot,1
2018-04-19,SkU,utskottsmöte,1
2020-02-20,SD,ip,2
2008-10-01,EUN,kf-lista,1
2019-02-27,"",kammakt,2
2016-10-18,"",frs,1
2022-08-29,"",frs,7
2021-06-10,FiU,bet,1
2014-10-07,UbU,mot,1
2013-10-16,NU,mot,1
2022-04-05,C,ip,1
2014-01-23,"",t-lista,1
2002-05-08,MJU,mot,2
2016-12-19,Socialdepartementet,prop,1
2021-05-04,UbU,yttr,2
2014-05-20,SfU,bet,1
2002-08-29,kd,fr,1
2014-02-26,Närings-dep,fpm,1
2003-08-06,m,fr,1
2009-06-22,"",f-lista,1
2005-05-17,"",frs,1
2024-09-18,SfU,mot,1
2024-12-12,UU,utskottsmöte,1
2012-11-01,Miljödepartementet,fpm,1
2006-07-20,-,fr,1
2013-02-09,MJU,utskottsmöte,1
2020-06-03,JuU,yttr,1
2017-03-30,Justitiedepartementet,prop,1
2005-01-12,v,fr,2
2019-04-12,"",prot,1
2024-01-30,S,ip,3
2013-10-28,NU,mot,2
2010-12-09,"",rskr,10
2023-11-22,kamm,kammakt,13
2019-12-10,"",f-lista,1
2017-11-14,"",prot,1
2017-04-26,CU,votering,10
2019-05-02,C,ip,1
2023-12-13,MP,ip,2
2012-10-22,FI,prop,1
2009-11-05,JuU,utskottsdokument,2
2020-12-16,"",kammakt,2
2020-06-17,Socialdepartementet,prop,1
2021-11-29,"",prot,1
2017-11-29,KU,votering,2
2023-03-21,TU,utskottsmöte,1
2010-11-13,SoU,utskottsmöte,1
2021-08-25,S,fr,1
2018-11-29,CU,mot,33
2005-05-04,m,fr,2
2013-09-12,SfU,bet,2
2009-02-27,Ju-dep,fpm,1
2014-05-23,V,ip,1
2006-06-13,L,fr,8
2012-11-07,"",f-lista,1
2017-11-02,KrU,utskottsmöte,1
2002-09-12,mp,fr,1
2003-02-27,v,fr,3
2026-04-08,KU,utskottsdokument,1
2016-05-25,M,ip,7
2022-02-24,"",f-lista,1
2018-01-17,"",t-lista,1
2022-04-05,"",prot,1
2003-11-07,c,fr,1
2025-11-06,CU,yttr,1
2000-02-17,S-dep,dir,1
2019-11-14,V,fr,2
2007-05-08,MJU,utskottsdokument,1
2021-10-28,SkU,yttr,1
2025-05-22,SfU,utskottsmöte,1
2019-02-27,TU,votering,6
2010-03-10,SfU,votering,4
2005-11-09,BoU,mot,2
2022-05-12,KU,utskottsmöte,1
2011-03-16,UD,prop,1
2015-10-22,KD,fr,2
2018-05-28,"",sou,1
2006-05-13,TU,utskottsmöte,1
2007-02-12,UbU,utskottsmöte,1
2006-07-24,s,fr,2
2006-04-10,m,fr,3
2021-09-28,FiU,mot,6
2001-11-29,"",frs,8
2018-06-18,M,fr,8
2016-03-17,FiU,rskr,1
2022-09-22,"",kammakt,1
2025-05-21,NU,votering,8
2024-06-18,UFöU,votering,4
2025-11-27,NU,utskottsmöte,1
2005-03-16,FöU,mot,1
2020-12-17,Näringsdepartementet,prop,1
2023-12-22,KU,kammakt,1
2021-03-27,Finansdepartementet S3,sfs,1
2000-03-01,m,fr,2
2003-06-05,"",frs,7
2021-02-04,kamm,kammakt,1
2011-03-24,Kulturdepartementet,dir,2
2009-04-16,N-dep,dir,1
2018-06-08,EUN,eunprot,2
2008-10-15,s,fr,7
2001-09-20,kd,fr,4
2009-12-08,KrU,utskottsdokument,1
2019-09-24,UbU,mot,5
2015-09-17,TU,utskottsmöte,1
2015-11-26,CU,utskottsmöte,1
2018-04-25,FiU,rskr,6
2010-03-24,AU,votering,7
2021-06-28,"",kammakt,1
2001-03-02,m,fr,1
2013-05-16,V,ip,1
2012-03-19,SfU,utskottsmöte,1
2021-04-08,SkU,bet,1
2018-04-09,-,ip,1
2026-01-03,Finansdepartementet OU,sfs,2
2016-06-28,"",f-lista,1
2011-03-14,L,fr,1
2024-08-12,"",utskottsmöte,4
2015-11-25,FiU,rskr,1
2011-02-07,JuU,bet,1
2015-10-29,L,fr,1
2009-04-01,NU,mot,4
2017-06-07,M,fr,3
2000-04-25,"",sou,3
2009-12-10,"",frs,4
2004-05-24,"",prot,1
2011-10-04,FiU,bet,1
2023-05-24,"",f-lista,1
2004-04-26,SfU,utskottsmöte,1
2024-03-19,KrU,utskottsmöte,1
2018-11-07,Arbetsmarknadsdepartementet,prop,1
2011-04-14,FiU,mot,1
2002-03-04,TU,utskottsmöte,1
2013-10-15,"",ds,1
2009-02-16,MJU,utskottsmöte,1
2025-01-15,Fi-dep,komm,2
2022-11-30,"",kammakt,2
2014-07-10,Miljödepartementet,dir,1
2024-12-13,KU,utskottsdokument,1
2023-06-21,"",rskr,12
2024-01-16,"",kammakt,2
2008-07-12,SfU,utskottsmöte,1
2026-06-10,Justitiedepartementet L2,sfs,1
2019-10-31,"",mot,1
2016-04-09,Finansdepartementet S3,sfs,1
2008-10-15,SkU,bet,1
2020-05-07,AU,utskottsmöte,1
2004-10-21,s,ip,1
2000-11-21,"",sou,1
2009-06-18,"",f-lista,1
2009-11-12,"",prot,1
2013-11-21,kamm,kammakt,4
2011-11-30,JuU,bet,1
2013-10-17,JuU,mot,2
2015-08-17,"",frs,1
2014-03-22,JuU,utskottsmöte,1
2010-11-01,NU,utskottsmöte,1
2000-04-27,kd,ip,2
2020-01-21,SoU,utskottsmöte,1
2022-11-08,"",utskottsmöte,9
2021-06-22,"",prot,1
2021-12-09,KrU,bet,2
2001-04-27,kd,ip,4
2013-05-31,"",ds,2
2015-06-04,kamm,kammakt,2
2020-09-25,M,fr,3
2013-07-18,"",ds,1
2019-03-04,M,fr,5
2012-04-12,Fö,prop,1
2005-11-25,NU,bet,1
2017-11-22,"",f-lista,1
2025-04-08,TU,utskottsmöte,1
2006-12-20,c,ip,1
2015-04-14,NU,utskottsmöte,1
2012-08-29,MP,fr,1
2021-10-14,C,fr,1
2025-06-13,S,ip,1
2011-02-17,"",f-lista,1
2025-12-29,"","",1
2016-04-21,FiU,rskr,1
2007-04-09,JuU,utskottsmöte,1
2020-06-04,KU,utskottsmöte,2
2015-04-16,"",t-lista,1
2017-05-23,V,ip,3
2005-03-17,TU,votering,8
2019-07-16,"",frs,1
2006-10-11,"",f-lista,1
2018-05-03,SfU,rskr,1
2022-05-25,UU,utskottsmöte,1
2017-05-30,JuU,mot,1
2003-06-08,NU,utskottsmöte,1
2023-06-27,"",f-lista,1
2024-10-22,"",kammakt,2
2025-02-18,NU,utskottsmöte,1
2000-12-15,kd,fr,1
2007-05-16,s,fr,22
2016-09-13,KrU,mot,2
2009-10-12,SfU,utskottsmöte,1
2012-11-20,Nä-dep,fpm,1
2008-10-24,"",frs,5
2022-02-02,M,fr,20
2023-05-22,"",samtr,1
2021-02-02,kamm,kammakt,1
2016-11-05,M-dep,komm,8
2010-11-09,JuU,utskottsdokument,1
2023-11-07,Justitiedepartementet,prop,1
2022-12-01,TU,utskottsmöte,1
2017-11-21,"",frs,4
2005-12-15,s,fr,6
2014-11-10,TU,bet,1
2019-11-26,UFöU,utskottsmöte,1
2017-05-24,UbU,utskottsmöte,1
2024-05-16,"",sou,1
2013-10-16,SkU,mot,2
2008-10-03,FiU,mot,10
2020-12-08,UbU,utskottsmöte,1
2010-06-15,FiU,bet,1
2008-04-02,FiU,bet,1
2015-12-08,Socialdepartementet,prop,1
2026-02-10,SfU,bet,1
2021-10-05,CU,mot,40
2023-09-07,Fi-dep,dir,1
2018-04-11,S,fr,1
2015-12-16,kamm,kammakt,5
2026-03-05,SfU,utskottsmöte,1
2012-12-21,S,ip,1
2025-05-06,FiU,utskottsmöte,1
2009-03-02,EUN,kf-lista,1
2020-02-13,FiU,bet,1
2023-11-15,"","",8
2000-10-23,v,ip,1
2007-10-08,KrU,mot,19
2019-10-16,SfU,rskr,4
2003-10-06,"",prot,1
2021-04-25,M,fr,4
2014-05-03,FöU,utskottsmöte,1
2008-03-26,SfU,votering,13
2008-10-10,AU,mot,1
2026-01-26,KU,utskottsdokument,1
2018-02-13,KU,utskottsmöte,1
2015-09-25,SkU,mot,2
2012-12-05,S,fr,9
2016-11-24,FöU,utskottsmöte,1
2011-10-06,FöU,mot,1
2008-05-27,JU,prop,1
2020-08-05,SD,ip,1
2000-05-18,"",ds,1
2007-05-29,AU,yttr,2
2019-03-25,RR,frsrdg,1
2024-09-20,"",prot,1
2020-06-11,"",frs,1
2022-11-10,MJU,yttr,1
2005-11-10,Ju-dep,dir,1
2016-05-26,TU,utskottsmöte,1
2005-01-20,"",frs,7
2011-03-08,SoU,bet,1
2020-01-14,"",kammakt,1
2022-01-14,JuU,bet,2
2011-02-14,UbU,utskottsmöte,1
2011-11-07,Nä-dep,fpm,1
2013-03-23,SkU,utskottsmöte,1
2019-06-18,Infrastrukturdepartementet,prop,2
2012-09-26,SfU,mot,6
2023-10-25,S,ip,2
2014-03-13,JuU,rskr,1
2013-03-05,MP,fr,1
2014-03-31,UU,utskottsmöte,1
2021-12-14,CU,utskottsmöte,1
2009-07-21,"",frs,1
2017-09-01,UbU,bet,1
2025-03-27,MJU,utskottsmöte,1
2020-02-14,UU,utskottsmöte,1
2004-09-20,m,fr,3
2006-01-09,JuU,utskottsdokument,1
2013-05-29,S,prop,1
2023-10-13,"",sou,1
2018-05-12,Socialdepartementet,dir,2
2013-04-20,UU,utskottsmöte,1
2015-11-25,"",eunbil,2
2015-09-24,"",frs,2
2019-11-26,TU,utskottsmöte,1
2022-02-01,Finansdepartementet,prop,4
2020-10-26,M,fr,2
2002-05-15,"",sou,2
2013-10-04,MJU,utskottsdokument,1
2023-02-14,UbU,utskottsmöte,7
2011-03-31,NU,bet,1
2006-03-27,SfU,utskottsmöte,1
2003-06-18,L,fr,3
2013-12-11,TU,mot,17
2018-11-28,CU,mot,38
2022-01-13,KrU,utskottsmöte,1
2015-11-20,S,fr,1
2004-04-24,TU,utskottsmöte,1
2014-04-07,FiU,bet,1
2018-11-15,"",frs,1
2008-05-23,CU,bet,2
2017-12-15,"",prot,2
2021-09-30,SfU,mot,46
2015-03-18,"",frs,16
2012-12-13,SfU,mot,5
2004-03-17,kd,fr,1
2024-12-05,"","",2
2007-05-07,KrU,utskottsmöte,1
2019-06-24,V,fr,2
2007-02-23,JuU,utskottsdokument,2
2025-10-17,Finansdepartementet S5,sfs,3
2003-10-06,"",frs,2
2022-11-15,Kulturdepartementet,prop,1
2010-02-01,UbU,mot,1
2026-03-25,SfU,mot,3
2012-10-01,SoU,mot,1
2015-11-19,M,ip,1
2012-10-23,CU,yttr,1
2019-05-28,FiU,rskr,2
2021-06-03,SoU,bet,1
2021-03-24,SD,fr,6
2011-06-29,"",frs,25
2010-04-10,AU,utskottsmöte,1
2004-11-20,NU,utskottsmöte,1
2017-11-07,M,ip,5
2023-08-15,"",frs,6
2016-04-21,kamm,kammakt,8
2002-06-13,KU,mot,1
2008-04-16,FI,prop,1
2019-02-28,KU,utskottsmöte,1
2016-02-11,Landsbygdsdepartementet,sfs,1
2025-04-01,C,fr,1
2008-09-23,UU,mot,1
2022-03-04,SD,fr,1
2008-10-30,IJ-dep,dir,1
2007-09-11,"",frs,3
2008-10-06,NU,mot,41
2022-03-02,FöU,votering,5
2019-02-07,V,fr,5
2010-12-15,"",frs,21
2003-10-16,S-dep,dir,1
2013-07-16,Bou,utskottsdokument,1
2010-03-26,CU,mot,1
2014-05-07,CU,votering,2
2010-02-18,JuU,votering,3
2023-12-07,FiU,utskottsmöte,1
2025-11-13,KU,skflista,2
2002-05-08,kd,fr,2
2011-06-04,KU,utskottsmöte,1
2024-02-27,"",utskottsmöte,9
2021-01-14,I-dep,dir,1
2012-09-28,FiU,mot,2
2019-09-24,UU,mot,2
2013-05-23,Finans-dep,fpm,1
2021-02-17,"",frs,129
2001-06-29,L,fr,1
2012-04-03,JUU,bet,1
2020-05-07,SkU,utskottsmöte,1
2003-05-22,N-dep,dir,1
2024-02-15,Ju-dep,dir,2
2008-06-16,UbU,utskottsdokument,1
2020-09-22,FiU,mot,1
2022-11-08,"",frs,2
2025-11-11,"",f-lista,1
2006-08-02,v,fr,1
2011-11-05,UU,utskottsmöte,1
2005-09-23,SfU,mot,7
2016-05-26,"",frs,2
2005-05-02,"",frs,1
2016-04-26,UbU,yttr,1
2024-12-11,"",f-lista,1
2026-05-25,JuU,bet,2
2020-03-31,UU,mot,3
2014-06-03,"",f-lista,1
2004-07-30,m,fr,1
2005-10-13,kd,fr,3
2014-03-19,NU,votering,1
2006-10-27,TU,utskottsdokument,2
2025-12-20,Fi-dep,komm,2
2022-06-03,EUN,eunprot,1
2013-10-03,"",f-lista,1
2007-10-22,s,ip,3
2022-10-25,"",utskottsmöte,10
2026-02-10,S,ip,2
2002-02-25,kd,fr,1
2019-02-07,Finansdepartementet,prop,2
2018-07-12,EUN,kf-lista,1
2019-04-11,"",frs,3
2014-01-09,Ju-dep,komm,1
2019-05-02,"",kammakt,3
2008-10-08,AU,mot,25
2016-04-27,SkU,rskr,2
2000-03-23,kd,fr,4
2017-01-24,KU,utskottsmöte,1
2016-03-02,"",frs,33
2004-05-01,JuU,utskottsmöte,1
2011-12-06,SoU,bet,1
2019-04-18,V,fr,1
2025-03-21,KU,skflista,6
2008-01-18,JuU,mot,1
2019-01-22,NU,utskottsmöte,1
2013-05-29,JuU,votering,15
2008-01-14,JuU,utskottsmöte,1
2010-08-18,v,fr,2
2005-12-07,"",frs,37
2015-11-06,SkU,bet,1
2011-04-02,KU,utskottsmöte,1
2009-10-02,AU,mot,25
2026-04-17,Utbildningsdepartementet,sfs,1
2023-12-05,C,fr,1
2002-07-17,"",frs,2
2023-04-13,V,fr,1
2020-08-10,SD,fr,6
2016-12-02,"",prot,1
2001-12-04,m,fr,6
2006-06-02,s,fr,1
2011-11-12,NU,utskottsmöte,1
2022-07-14,M,fr,1
2008-08-13,L,fr,1
2017-05-02,TU,yttr,1
2006-04-22,MJU,utskottsmöte,1
2021-06-17,M,fr,10
2002-03-28,JuU,mot,1
2005-01-26,LU,utskottsdokument,1
2024-10-01,"",prot,1
2001-05-10,"",frs,1
2017-08-31,"",frs,7
2019-09-20,TU,mot,3
2024-04-09,JuU,utskottsmöte,1
2026-02-18,CU,mot,2
2015-11-26,"",t-lista,1
2021-06-17,"",sou,1
2009-12-04,EUN,eunprot,4
2024-12-12,C,fr,1
2009-09-02,kd,fr,1
2013-10-15,UU,mot,1
2025-12-22,S,ip,4
2002-06-17,s,fr,3
2023-11-30,SfU,bet,1
2025-12-15,"",kammakt,1
2009-10-21,"",t-lista,1
2010-11-24,V,ip,2
2005-11-24,m,fr,8
2013-06-04,"",ds,1
2024-05-16,UbU,utskottsmöte,1
2004-05-19,Näringsdepartementet,prop,1
2024-12-10,MJU,utskottsmöte,1
1900-01-01,s,ip,15
2009-11-09,"",eunbil,10
2014-01-16,UU,mot,5
2015-10-27,KD,fr,1
2016-11-03,V,fr,1
2021-06-23,FiU,rskr,7
2017-05-16,SoU,utskottsmöte,1
2005-11-07,JuU,utskottsmöte,1
2002-05-18,SkU,utskottsmöte,1
2000-09-27,s,ip,1
2011-08-11,L,fr,1
2001-04-18,L,fr,3
2005-11-25,EUN,eunprot,1
2016-05-26,Miljö- och energidepartementet,prop,1
2017-12-12,FiU,rskr,2
2005-03-03,SoU,mot,4
2012-02-15,"",frs,8
2026-05-21,SkU,mot,1
2019-09-25,AU,mot,4
2007-11-28,"",f-lista,2
2006-11-27,AU,utskottsmöte,1
2008-02-12,kd,ip,1
2022-10-25,UU,utskottsmöte,1
2018-09-27,"",mot,1
2019-11-18,SD,fr,2
2021-11-16,AU,bet,1
2008-11-03,"",sou,1
2025-02-06,V,fr,2
2008-10-13,SoU,utskottsmöte,1
2017-08-10,KU,utskottsdokument,1
2019-09-10,FiU,bet,1
2010-05-19,CU,votering,1
2026-06-10,SoU,mot,2
2008-03-27,IJ-dep,dir,1
2010-09-30,Finansdepartementet,dir,1
2020-03-18,"",t-lista,1
2017-11-17,"",ds,1
2025-05-28,JuU,kammakt,2
2002-08-05,c,fr,1
2013-05-15,JuU,votering,1
2020-11-20,TU,utskottsmöte,1
2014-01-20,UbU,utskottsmöte,1
2001-02-08,m,fr,6
2010-05-29,KU,utskottsmöte,1
2020-11-19,M,fr,2
2025-01-16,S,fr,3
2020-06-10,NU,rskr,2
2021-09-23,S,fr,1
2015-06-02,MJU,utskottsmöte,1
2002-03-25,JuU,mot,1
2013-04-18,KU,utskottsdokument,3
2012-03-13,JuU,bet,1
2010-08-30,"",sou,1
2006-12-18,kd,fr,1
2022-04-07,Finansdepartementet,prop,1
2018-05-15,JuU,utskottsmöte,1
2014-04-09,"",prop,2
2012-09-26,JuU,mot,2
2009-04-18,KU,utskottsmöte,1
2013-01-18,KU,mot,1
2021-06-16,L,fr,2
2014-08-05,"",frs,1
2007-10-18,UbU,mot,1
2021-06-22,JuU,votering,10
2019-10-15,KU,utskottsdokument,2
2008-11-13,"",ds,1
2025-05-05,KU,skflista,1
2015-11-12,KrU,utskottsmöte,1
2025-10-17,Finansdepartementet KO,sfs,29
2011-09-22,OSSE,frsrdg,1
2008-12-01,SoU,utskottsmöte,1
2013-11-20,AU,mot,1
2010-06-12,TU,utskottsmöte,1
2010-10-28,SoU,mot,26
2018-05-07,KD,ip,1
2018-03-21,JuU,mot,2
2024-10-24,SkU,utskottsmöte,1
2022-04-27,CU,mot,5
2011-01-05,MP,fr,1
2025-10-17,Arbetsmarknadsdepartementet AA,sfs,40
2009-11-11,"",t-lista,1
2013-11-28,V,fr,2
2007-08-31,s,fr,6
2009-05-04,FöU,bet,1
2009-03-25,JuU,mot,1
2007-05-09,"",rskr,397
2005-06-15,JUU,votering,2
2016-09-27,SkU,utskottsmöte,1
2026-04-01,UbU,mot,19
2004-11-19,SkU,mot,2
2013-10-16,V,fr,1
2012-01-24,FiU,mot,1
2011-06-11,CU,utskottsmöte,1
2013-05-29,FöU,votering,1
2015-03-24,NU,utskottsmöte,2
2008-10-01,KU,mot,10
2013-05-25,FöU,utskottsmöte,1
2021-05-27,"",frs,2
2026-06-10,"",rskr,16
2016-09-28,AU,rskr,1
2026-03-16,"",f-lista,1
2019-01-25,EUN,eunprot,1
2005-05-31,UD,prop,3
2025-05-21,"",t-lista,1
2008-01-09,L,fr,2
2021-03-23,FiU,utskottsmöte,1
2013-03-06,UU,rskr,1
2021-09-06,SD,ip,1
2022-06-17,"",f-lista,1
2019-11-21,SoU,utskottsmöte,1
2009-11-28,JuU,utskottsmöte,1
2004-10-13,FI,prop,3
2003-06-06,kd,fr,8
2016-04-14,TU,utskottsmöte,1
2001-11-19,"",utskottsmöte,1
2017-03-28,FiU,utskottsmöte,1
2019-08-12,"",frs,1
2002-05-23,Justitiedepartementet,prop,1
2001-04-23,m,ip,7
2004-10-21,"",frs,3
2020-10-08,NU,mot,1
2018-11-06,UbU,utskottsmöte,1
2006-03-01,"",frs,36
2011-10-13,SfU,utskottsdokument,3
2005-04-20,UD,prop,1
2010-05-01,MJU,utskottsmöte,1
2021-05-06,"",f-lista,1
2013-11-11,UU,utskottsmöte,1
2011-05-05,AU,utskottsdokument,1
2018-06-05,"",frs,14
2020-04-14,MJU,utskottsmöte,2
2012-01-30,AU,utskottsmöte,1
2019-03-27,TU,rskr,1
2006-03-21,JO,prop,1
2019-06-05,"",kammakt,1
2009-01-01,S-dep,dir,1
2021-09-28,M,fr,1
2015-12-02,"",t-lista,1
2023-03-08,UbU,votering,2
2006-10-18,v,fr,1
2005-10-12,L,fr,3
2014-04-07,JuU,utskottsmöte,1
2010-03-19,EUN,eunprot,2
2022-01-18,Justitiedepartementet,prop,1
2003-03-13,L,ip,1
2014-02-01,KU,utskottsmöte,1
2025-10-02,FiU,mot,25
2025-03-21,"",f-lista,1
2006-02-09,Fö-dep,dir,1
2011-11-30,MP,ip,1
2011-06-22,S,fr,1
2020-09-29,FiU,mot,2
2023-02-07,"",utskottsmöte,17
2000-04-25,UU,bet,1
2007-10-20,FiU,utskottsmöte,1
2023-03-28,S,ip,2
2011-11-02,UU,mot,1
2005-04-06,SfU,mot,5
2001-03-23,SkU,bet,2
2000-08-23,c,fr,1
2008-11-19,L,fr,4
2025-09-30,KrU,mot,3
2021-10-07,C,fr,3
2025-03-28,"",f-lista,1
2012-02-16,Ut-dep,fpm,1
2021-03-23,"",f-lista,1
1900-01-01,UU,bet,4
2024-05-30,Finansdepartementet,prop,2
2001-08-31,s,fr,1
2004-01-23,FiU,mot,1
2014-03-14,S,ip,1
2007-03-20,FiU,bet,1
2000-05-30,FI,prop,1
2012-06-07,Finansdepartementet,dir,1
2015-08-04,Näringsdepartementet,prop,1
2003-02-06,BoU,mot,3
2012-05-11,JuU,utskottsdokument,1
2007-01-12,s,fr,1
2005-01-27,"",frs,5
2014-12-17,SkU,rskr,1
2016-05-19,V,ip,2
2008-07-09,"",frs,1
2020-01-15,"",prot,2
2000-01-21,m,fr,2
2007-05-15,CU,utskottsdokument,1
2024-11-27,"",rskr,23
2025-11-20,V,ip,1
2016-04-21,SkU,utskottsmöte,1
2008-05-13,"",frs,4
2001-05-16,"",frs,33
2013-06-13,Utbildningsdepartementet,dir,1
2025-10-17,Näringsdepartementet,sfs,105
2019-05-29,KU,skflista,2
2015-06-10,AU,bet,1
2001-10-18,"",frs,5
2014-05-15,Social-dep,fpm,1
2020-03-31,Justitiedepartementet,prop,3
2003-03-20,KUD t.o.m. -04,prop,1
2019-11-29,"au,kru,sfu,sou,ubu",samtr,1
2011-03-09,KU,bet,2
2004-05-10,FiU,utskottsmöte,1
2024-10-03,NU,yttr,1
2023-06-14,TU,votering,5
2011-03-14,EUN,eundok,2
2020-09-30,M,ip,1
2026-02-16,S,ip,1
2011-02-09,NU,bet,1
2016-09-13,kamm,kammakt,4
2012-10-20,JuU,utskottsmöte,1
2022-07-05,EUN,kf-lista,1
2024-05-22,"",t-lista,1
2017-03-17,Justitiedepartementet,prop,1
2002-12-05,c,fr,2
2005-01-21,v,fr,1
2013-05-22,SoU,rskr,2
2008-12-01,"",sou,1
2008-05-16,"",t-lista,1
2007-12-10,"",frs,3
2021-09-13,"",frs,7
2022-03-03,"",f-lista,1
2014-01-17,KU,mot,2
2024-11-21,S-dep,dir,1
2007-01-16,s,ip,1
2008-04-04,N,prop,1
2016-10-25,KU,skflista,1
2010-04-19,CU,bet,1
2018-02-22,AU,utskottsmöte,1
2005-04-04,-,fr,2
2017-03-14,Miljö- och energidepartementet,prop,2
2021-10-08,"",samtr,1
2008-03-10,UU,utskottsmöte,1
2025-06-10,Justitiedepartementet,prop,2
2024-11-26,AU,utskottsmöte,1
2017-10-25,MJU,rskr,1
2013-04-15,KU,utskottsmöte,1
2020-09-24,SfU,mot,2
2022-03-23,kamm,kammakt,1
2017-07-10,SD,fr,1
2014-05-28,SfU,votering,6
2025-10-21,FiU,utskottsmöte,3
2022-08-06,S-dep,komm,6
2013-06-18,kamm,kammakt,3
2002-11-07,Justitiedepartementet,prop,1
2022-12-21,S,ip,3
2023-08-31,S,fr,1
2020-09-28,MJU,mot,1
2026-01-20,S,fr,1
2020-11-11,SfU,rskr,4
2004-05-28,SKU,votering,1
2010-03-25,N-dep,dir,1
2011-10-25,KU,yttr,3
2010-03-06,JuU,utskottsmöte,1
2008-06-12,Fi-dep,dir,1
2026-04-23,S,ip,1
2020-07-06,KD,fr,1
2008-12-03,L,fr,1
2020-09-15,JuU,utskottsmöte,1
2000-09-18,"",frs,9
2026-05-25,"",f-lista,1
2017-10-02,JuU,mot,60
2025-04-24,MJU,utskottsmöte,1
2014-05-08,S,fr,4
2005-05-14,BoU,utskottsmöte,1
2025-03-11,UU,utskottsmöte,1
2008-02-12,v,ip,1
2013-11-06,N-dep,komm,16
2012-11-03,JuU,utskottsmöte,1
2020-09-03,"",kammakt,2
2023-10-26,KU,yttr,1
2001-05-10,kd,fr,3
2005-05-10,L,fr,4
2022-04-08,S,fr,1
2001-12-03,TU,mot,6
2012-04-23,AU,utskottsmöte,1
2024-01-18,"",f-lista,1
2023-08-15,S,ip,2
2001-10-13,KrU,utskottsmöte,1
2003-04-26,SkU,utskottsmöte,1
2013-03-07,Socialdepartementet,dir,2
2009-08-26,s,fr,1
2009-03-03,Nä-dep,fpm,2
2013-09-02,AU,utskottsdokument,1
2010-02-23,KU,bet,3
2018-01-25,NU,yttr,1
2010-02-05,NU,utskottsdokument,2
2014-01-27,JuU,utskottsmöte,1
2009-09-30,FöU,mot,4
2025-04-16,LI-dep,komm,1
2026-04-22,"",f-lista,1
2001-05-14,kd,fr,1
2013-01-28,S,fr,2
2010-04-28,UU,mot,1
2019-05-13,RR,frsrdg,1
2012-08-24,"",sou,2
2000-11-22,kd,fr,1
2019-06-26,Socialdepartementet,prop,1
2023-01-30,C,fr,1
2013-08-19,S,fr,2
2004-11-06,UU,utskottsmöte,1
2009-12-09,KU,mot,4
2024-04-09,AU,utskottsmöte,1
2016-11-24,UFöU,utskottsmöte,1
2013-03-27,SoU,votering,7
2021-01-21,M,fr,3
2024-09-30,SfU,mot,2
2016-10-06,"",mot,3
2017-02-24,L,ip,1
2014-02-27,"",f-lista,1
2025-05-08,SoU,utskottsmöte,1
2018-03-01,KrU,votering,8
2015-04-09,V,fr,1
2019-10-08,M,ip,1
2011-05-12,FiU,yttr,1
2008-05-07,JuU,votering,1
2022-11-22,SfU,utskottsmöte,1
2007-02-10,KrU,utskottsmöte,1
2019-05-16,V,ip,1
2001-11-21,kd,ip,1
2020-10-13,UU,utskottsmöte,1
2006-05-19,m,ip,4
2008-09-30,s,ip,1
2012-06-28,S,fr,2
2006-01-25,"",f-lista,1
2013-08-08,UD,prop,1
2008-01-09,m,fr,1
2005-11-10,LU,mot,1
2010-10-27,UbU,mot,134
2007-03-29,"",frs,1
2008-07-11,s,fr,1
2021-04-20,Infrastrukturdepartementet,prop,2
2000-12-12,m,ip,2
2017-09-28,"",f-lista,1
2022-06-21,SD,fr,2
2014-03-10,FiU,utskottsmöte,1
2004-04-02,UBU,votering,10
2023-03-09,C,fr,1
2010-03-06,FöU,utskottsmöte,1
2025-12-02,Finansdepartementet,prop,1
2011-03-22,MP,ip,2
2013-11-19,CU,mot,1
2022-10-13,I-dep,dir,1
2012-08-13,"",frs,1
2020-04-13,"",utskottsmöte,1
2024-11-14,SkU,bet,3
2005-11-24,"",prot,1
2022-12-19,MP,ip,1
2000-11-30,Fö-dep,dir,1
2004-04-02,m,ip,1
2025-06-05,"",t-lista,1
2023-12-12,"","",1
2005-04-18,c,ip,1
2000-08-08,c,fr,1
2009-03-31,"",prot,1
2016-01-05,UU,yttr,1
2013-06-12,S,prop,1
2024-12-09,CU,kammakt,1
2023-10-11,S,ip,2
2011-09-20,"",t-lista,1
2016-03-17,SkU,bet,1
2005-05-16,s,fr,3
2016-04-28,FiU,yttr,1
2023-01-26,Ju-dep,dir,3
2001-05-12,FiU,utskottsmöte,1
2013-04-13,TU,utskottsmöte,1
2008-10-27,UU,utskottsmöte,1
2016-12-08,SkU,bet,6
2019-06-24,M,fr,4
2018-02-14,sou,samtr,1
2022-02-21,SD,ip,6
2019-09-12,EUN,kf-lista,1
2024-11-26,KU,skflista,1
2008-05-03,SfU,utskottsmöte,1
2004-05-24,KU,utskottsmöte,1
2025-12-04,Kulturdepartementet,sfs,7
2002-02-12,"",frs,7
2014-05-28,UFöU,bet,1
2012-04-11,MJU,mot,2
2013-09-18,"",f-lista,1
2007-12-06,U-dep,dir,1
2020-06-03,UbU,rskr,3
2023-01-19,MP,ip,1
2023-08-11,FiU,utskottsmöte,2
2020-04-29,"",frs,44
2003-09-15,mp,fr,1
2017-11-16,"",prot,1
2023-01-25,"",prot,1
2012-03-30,"",sou,1
2013-10-17,"",eunbil,1
2002-03-26,"",ds,2
2018-01-23,SfU,utskottsmöte,1
2013-11-21,UU,votering,1
2013-05-06,TU,bet,1
2013-03-25,SB,prop,1
2015-06-15,"",f-lista,1
2009-08-20,"",frs,3
2025-01-31,"",f-lista,1
2017-04-25,UbU,utskottsmöte,1
2019-04-25,JuU,votering,13
2023-02-09,"",skflista,1
2001-05-30,"",frs,22
2004-10-05,SkU,mot,1
2013-05-17,S,fr,4
2010-04-14,UbU,mot,3
2018-02-08,KU,skflista,1
2018-12-04,Justitiedepartementet,prop,1
2021-03-02,SfU,utskottsmöte,1
2018-02-13,FöU,utskottsmöte,1
2019-01-24,SfU,utskottsmöte,1
2011-10-17,TU,utskottsmöte,1
2007-06-13,m,fr,1
2018-09-27,"",frs,2
1900-01-01,FiU,bet,12
2016-06-14,L,ip,2
2023-10-04,MJU,mot,74
2017-11-09,MJU,utskottsmöte,1
2024-11-30,KrU,bet,1
2004-09-01,L,fr,1
2018-05-31,SfU,rskr,4
2026-05-20,UbU,bet,1
2018-10-04,FiU,utskottsmöte,1
2013-01-09,MP,ip,1
2005-11-18,s,fr,2
2020-12-10,SD,fr,12
2012-09-21,Ju,prop,1
2000-03-23,N-dep,dir,1
2021-01-26,FöU,utskottsmöte,1
2010-10-01,s,fr,3
2008-04-24,FiU,bet,2
2006-05-04,KU,bet,4
2023-02-14,KU,utskottsmöte,1
2022-03-10,JuU,mot,1
2023-06-20,JuU,votering,3
2025-10-14,"",kammakt,1
2014-01-13,NU,utskottsmöte,1
2023-09-28,"",f-lista,1
2002-01-07,s,fr,1
2020-11-05,KD,fr,1
2009-03-12,Ju-dep,dir,1
2017-10-27,KD,fr,1
2024-11-07,"",frs,1
2021-09-28,MJU,utskottsmöte,1
2021-04-23,FiU,utskottsmöte,1
2021-04-22,KU,utskottsmöte,2
2000-09-20,L,fr,2
2021-08-19,I-dep,dir,1
2005-05-09,KrU,utskottsmöte,1
2021-06-09,SD,fr,2
2008-02-12,SoU,mot,1
2001-05-07,KU,utskottsmöte,1
2016-03-22,SfU,bet,1
2018-03-21,FiU,rskr,1
2022-03-30,AU,mot,3
2006-02-09,s,fr,4
2013-12-17,kamm,kammakt,9
2015-11-04,S,fr,1
2009-02-16,"",f-lista,1
2010-03-03,mp,ip,1
2023-09-21,JuU,mot,2
2009-05-29,EUN,eundok,1
2014-03-14,NU,mot,4
2002-02-21,L,fr,1
2013-11-20,MJU,mot,3
2022-03-17,SoU,votering,7
2002-01-18,v,fr,2
2021-01-13,M,fr,10
2007-04-27,"",frs,6
2021-09-23,SfU,utskottsmöte,1
2008-04-14,SoU,utskottsmöte,1
2017-10-05,KU,utskottsmöte,1
2000-04-18,s,ip,1
2021-11-01,S,fr,1
2025-11-20,NU,utskottsmöte,1
2000-03-29,L,fr,1
2021-06-22,SkU,rskr,2
2017-11-22,MP,ip,1
2020-10-19,-,ip,1
2013-09-30,TU,mot,1
2020-10-23,SkU,votering,2
2012-01-26,KK,prot,1
2008-05-09,SoU,bet,1
2017-09-25,UU,mot,3
2017-04-20,L,ip,2
2026-04-10,MP,fr,1
2010-05-28,KrU,utskottsdokument,1
2013-10-04,SfU,utskottsdokument,2
2021-11-25,FiU,votering,1
2013-05-23,JuU,rskr,2
2016-03-22,V,fr,1
2011-09-28,FiU,votering,1
2021-11-18,FiU,utskottsmöte,1
2009-10-31,TU,utskottsmöte,1
2011-06-15,"",t-lista,1
2015-10-07,L,ip,1
2005-03-14,TU,utskottsmöte,1
2024-06-18,"",utskottsmöte,2
2018-06-26,"",frs,5
2014-03-26,FiU,bet,1
2021-02-08,KD,fr,1
2007-12-20,"",frs,2
2009-12-16,FiU,bet,1
2014-03-26,SoU,votering,7
2020-01-15,UbU,votering,4
2020-03-31,KD,fr,1
2007-02-07,L,fr,4
2025-01-14,UU,utskottsmöte,1
2006-01-18,kd,fr,1
2007-02-08,s,ip,1
2020-09-07,SD,fr,10
2023-08-15,V,fr,1
2023-06-19,"",utskottsmöte,1
2008-11-27,UbU,mot,1
2012-08-22,"",frs,1
2020-09-17,TU,mot,2
2014-03-31,FiU,utskottsmöte,1
2022-01-14,V,fr,1
2004-05-27,Näringsdepartementet,prop,1
2023-05-25,S,fr,3
2021-01-28,Finansdepartementet,dir,2
2014-04-01,N,prop,1
2010-02-16,KU,yttr,1
2013-04-08,Justitie-dep,fpm,1
2013-03-12,"",f-lista,4
2019-03-18,SD,ip,1
2025-10-01,"",prot,1
2024-01-23,FiU,bet,3
2004-06-16,c,fr,2
2004-02-23,s,fr,1
2002-10-23,AU,mot,166
2020-09-28,UU,mot,2
2019-09-27,SkU,mot,6
2004-04-05,"",ds,2
2004-06-23,L,fr,1
2021-04-12,KrU,utskottsmöte,1
2014-06-03,SfU,bet,1
2026-05-20,KU,votering,2
2015-05-07,M,fr,8
2017-10-17,FiU,bet,3
2009-01-13,EUN,minråd,2
2012-03-16,EUN,eundok,1
2004-12-21,c,ip,1
2010-03-09,JuU,utskottsdokument,1
2004-05-08,FöU,utskottsmöte,1
2006-01-19,"",prot,1
2023-06-14,FiU,rfr,1
2018-05-09,C,ip,1
2023-09-27,FiU,mot,1
2022-04-26,FiU,utskottsmöte,1
2010-10-19,KU,mot,6
2003-10-25,TU,utskottsmöte,1
2003-07-09,"",frs,12
2017-12-19,Justitiedepartementet,prop,1
2011-03-01,"",frs,6
2014-10-30,SD,fr,1
2017-01-29,V,ip,1
2021-01-22,SD,fr,4
2003-03-13,"",sou,2
2017-02-15,"",prot,1
2018-10-06,Finansdepartementet,dir,3
2025-01-22,Justitiedepartementet,prop,1
2020-02-03,KD,fr,3
2005-12-22,v,fr,1
2004-03-15,s,fr,3
2015-09-17,M,fr,2
2009-04-28,MJU,utskottsdokument,1
2016-01-20,SfU,rskr,1
2008-12-10,SkU,votering,3
2008-04-05,SkU,utskottsmöte,1
2009-04-08,FI,prop,1
2017-06-20,UbU,rskr,3
2020-02-12,V,fr,1
2009-06-11,CU,utskottsdokument,2
2025-11-10,JuU,bet,4
2002-11-12,kd,ip,1
2026-01-15,Försvarsdepartementet,sfs,5
2010-03-11,UbU,utskottsdokument,2
2026-01-23,"",frs,2
2024-09-10,"",skflista,1
2025-09-30,Justitiedepartementet,prop,1
2017-12-02,Miljö- och energidepartementet,dir,1
2019-06-19,AU,votering,1
2001-03-08,c,ip,1
2014-04-28,"",f-lista,1
2020-02-11,"",kammakt,1
1900-01-01,UU,mot,4
2024-09-27,SkU,mot,3
2009-03-07,TU,utskottsmöte,1
2012-05-11,S,ip,1
2020-05-19,V,fr,1
2012-05-28,KU,utskottsmöte,2
2018-10-11,AU,mot,1
2018-04-16,kamm,kammakt,1
2014-12-04,SkU,rskr,3
2008-11-06,s,fr,4
2020-04-24,MJU,utskottsmöte,1
2019-04-26,"",prot,2
2013-05-20,V,fr,1
2004-01-20,m,fr,2
2012-09-06,"",frs,2
2008-11-18,MJU,utskottsdokument,1
2013-11-07,SfU,utskottsdokument,1
2005-09-20,NU,mot,3
2011-11-30,NU,bet,1
2019-02-19,Arbetsmarknadsdepartementet,prop,1
2023-11-28,Justitiedepartementet,prop,1
2008-05-17,UU,utskottsmöte,1
2011-09-15,V,fr,1
2018-02-22,FiU,utskottsmöte,1
2017-11-15,UbU,votering,9
2023-02-21,SoU,utskottsmöte,1
2000-03-29,kd,fr,4
2022-06-21,L,fr,1
2005-03-30,"",frs,10
2021-10-26,AU,utskottsmöte,1
2010-12-07,Ut-dep,fpm,1
2016-09-22,CU,utskottsmöte,1
2004-03-09,s,ip,2
2026-02-20,SD,ip,1
2003-10-08,s,fr,1
2014-10-20,EUN,kf-lista,1
2002-03-25,s,ip,1
2018-11-29,"",skflista,1
2009-04-13,AU,utskottsmöte,1
2005-02-10,L,ip,1
2025-06-16,SkU,kammakt,1
2016-02-03,JuU,utskottsmöte,1
2012-03-21,AU,bet,1
2011-05-09,Ju-dep,fpm,2
2022-05-12,"",skflista,1
2007-09-21,KU,mot,2
2012-11-23,NU,utskottsdokument,4
2024-01-17,JuU,mot,1
2011-02-01,FiU,utskottsdokument,3
2020-10-08,"",sou,1
2014-10-30,KU,utskottsmöte,1
2023-12-14,"",t-lista,1
2013-11-30,AU,utskottsmöte,1
2011-06-21,RR,rir,1
2015-11-03,KrU,utskottsmöte,2
2026-02-25,SkU,votering,1
2023-12-06,UU,votering,1
2003-12-04,N,prop,1
2021-04-27,FiU,votering,1
2025-06-13,V,fr,1
2017-06-15,NU,utskottsmöte,1
2005-09-19,-,fr,2
2021-11-17,KU,utskottsdokument,1
2017-01-10,KrU,bet,6
2005-03-04,m,fr,3
2010-01-28,SkU,utskottsdokument,2
2023-02-16,SfU,utskottsmöte,1
2017-11-15,M,fr,6
2021-02-24,FiU,mot,2
2011-04-07,kamm,kammakt,6
2008-05-10,TU,utskottsmöte,1
2022-06-13,"",t-lista,1
2023-01-03,V,ip,1
2002-02-05,kd,fr,1
2013-06-05,TU,rskr,1
2018-04-05,M,fr,12
2024-01-25,SkU,utskottsmöte,1
2010-11-16,V,ip,2
2018-03-20,SkU,utskottsmöte,1
2011-10-18,SoU,bet,1
2013-11-25,MJU,mot,6
2026-03-04,"",rskr,5
2014-04-22,"",frs,7
2020-04-16,"",t-lista,1
2017-04-04,Utrikesdepartementet,prop,1
2008-01-14,m,fr,1
2017-02-23,L,fr,1
2022-11-23,"",kammakt,2
2011-10-08,KU,utskottsmöte,1
2019-11-07,"",utskottsmöte,5
2006-05-02,UU,bet,1
2006-11-17,KrU,mot,10
2023-01-25,"",t-lista,1
2015-01-21,"",t-lista,1
2019-09-19,AU,mot,1
2014-01-25,SoU,utskottsmöte,1
2016-04-07,FöU,utskottsmöte,1
2026-03-31,S,ip,2
2021-08-12,"",frs,3
2017-03-14,NU,utskottsmöte,1
2006-12-13,KU,utskottsdokument,1
2013-02-08,L,fr,1
2024-09-03,SD,fr,1
2004-05-17,"",ds,1
2009-10-17,UU,utskottsmöte,1
2011-03-08,Utbildningsdepartementet,fpm,1
2001-08-30,"",frs,16
2019-02-12,SfU,utskottsmöte,1
2006-04-13,"",f-lista,1
2022-04-07,"",kammakt,3
2008-05-09,kd,fr,1
2022-02-17,SkU,utskottsmöte,1
2014-03-21,UbU,rfr,1
2021-11-17,kamm,kammakt,6
2013-10-01,SfU,mot,1
2010-11-15,NU,utskottsmöte,1
2026-01-22,Fi-dep,dir,1
2007-09-26,TU,utskottsdokument,1
2020-08-27,KD,fr,1
2005-09-07,"",frs,1
2016-09-28,SkU,mot,1
2008-11-14,c,fr,1
2011-10-25,Ut-dep,fpm,1
2009-05-09,NU,utskottsmöte,1
2013-10-24,SoU,rfr,1
2021-11-23,TU,utskottsmöte,1
2022-08-25,N-dep,dir,1
2021-01-28,"",samtr,1
2020-04-02,"",t-lista,1
2024-12-02,S,ip,4
2019-12-17,"",prot,2
2000-12-01,s,ip,1
2000-02-09,m,ip,2
2006-05-06,SfU,utskottsmöte,1
2008-05-19,CU,utskottsmöte,1
2015-10-02,NU,mot,29
2021-03-18,RR,rir,1
2007-03-21,c,fr,1
2019-01-21,CU,bet,1
2024-01-25,UU,utskottsmöte,1
2015-06-17,SkU,rfr,1
2009-09-17,NU,mot,1
2005-12-22,c,fr,3
2012-03-16,OSSE,frsrdg,1
2020-08-11,M,fr,4
2020-05-25,"",frs,1
2003-05-27,"",prot,1
2017-11-15,KU,votering,3
2019-06-13,"",frs,3
2014-11-25,"",prot,1
2018-03-08,CU,votering,4
2000-03-31,m,fr,1
2020-06-01,SD,ip,1
2013-02-18,JuU,utskottsmöte,1
2024-04-19,UU,mot,1
2015-01-21,L,fr,1
2023-06-21,SD,ip,1
2016-02-11,A-dep,komm,14
2008-10-03,KU,mot,19
2017-01-27,"",f-lista,1
2011-02-10,UbU,utskottsdokument,1
2009-04-14,m,ip,2
2011-05-20,TU,utskottsdokument,4
2010-09-15,"",frs,2
2016-09-28,SkU,yttr,2
2022-12-13,"",skflista,1
2020-12-30,"",frs,13
2005-02-28,JuU,utskottsmöte,1
2014-06-25,KK,prot,1
2019-12-17,RR,rir,1
2006-05-09,"",prot,1
2013-05-02,Utbildningsdepartementet,dir,1
2011-12-12,kamm,kammakt,1
2014-12-02,FöU,utskottsmöte,1
2012-10-05,NU,utskottsdokument,2
2009-12-16,s,fr,17
2010-11-23,AU,utskottsdokument,2
2009-03-31,"",t-lista,1
2001-02-27,LU,bet,3
2013-09-14,KU,utskottsmöte,1
2026-06-02,Socialdepartementet,prop,1
2004-08-10,kd,fr,1
2024-04-16,C,fr,2
2018-05-14,"",prot,1
2013-04-11,KU,skflista,1
2019-06-26,V,fr,2
2025-12-02,JuU,utskottsmöte,1
2009-03-03,JuU,mot,1
2024-02-29,UbU,yttr,1
2014-02-12,"",frs,23
2026-06-03,"",frs,30
2006-04-03,BoU,utskottsmöte,1
2005-02-03,LU,utskottsdokument,1
2023-02-09,MP,fr,1
2009-02-24,JU,prop,1
2021-10-19,EUN,kf-lista,1
2010-05-18,s,fr,4
2011-03-24,MP,fr,1
2025-04-30,FiU,mot,1
2012-10-23,SoU,yttr,1
2013-06-04,S,ip,9
2021-02-10,M,fr,20
2019-05-21,S,fr,1
2021-12-15,"",prot,1
2022-04-27,kamm,kammakt,14
2012-11-14,NU,rskr,1
2019-11-12,SfU,utskottsmöte,1
2008-05-08,"",frs,10
2006-12-15,c,fr,4
2022-12-09,S,ip,1
2018-06-13,SfU,rskr,1
2000-05-09,m,fr,5
2014-11-04,SoU,mot,8
2003-03-06,mp,fr,1
2008-06-24,EUN,yttr,1
2008-10-09,Fi-dep,fpm,1
2002-02-19,c,fr,1
2013-03-21,AU,samtr,1
2004-03-31,L,fr,2
2013-10-15,KrU,samtr,1
2016-12-08,"",kammakt,3
2019-12-02,"",prot,1
2017-04-28,"",frs,1
2020-12-09,SoU,bet,2
2019-02-08,"",f-lista,1
2021-03-23,"",utskottsmöte,15
2017-12-06,Arbetsmarknadsdepartementet,prop,1
2020-09-22,NU,mot,3
2020-06-04,kamm,kammakt,3
2010-10-14,S,ip,1
2015-11-12,L,fr,3
2005-10-21,NU,utskottsdokument,1
2007-05-30,"",f-lista,1
2004-03-24,SFU,votering,8
2007-09-26,UU,mot,1
2009-04-16,JuU,votering,5
2008-05-31,AU,utskottsmöte,1
2013-03-19,AU,utskottsdokument,1
2020-11-26,V,fr,1
2008-07-04,m,fr,1
2023-06-01,S,ip,1
2013-11-26,KrU,utskottsdokument,1
2010-02-15,NU,utskottsmöte,1
2020-08-20,Socialdepartementet,dir,1
2020-02-05,UbU,votering,1
2012-04-24,V,fr,1
2009-01-26,JuU,utskottsmöte,1
2009-05-11,"",f-lista,1
2011-03-30,"",frs,7
2020-06-02,AU,utskottsmöte,1
2006-02-20,AU,utskottsmöte,1
2019-09-24,NU,mot,1
2014-11-05,FiU,utskottsmöte,2
2006-02-22,"",f-lista,1
2011-04-14,Ju,prop,4
2024-03-07,FöU,utskottsmöte,1
2010-11-18,KU,utskottsdokument,1
2004-10-05,KU,utskottsdokument,1
2016-11-04,S,fr,1
2019-07-30,SD,fr,1
2009-11-03,CU,utskottsdokument,1
2024-10-01,"",kammakt,2
2007-03-28,s,ip,4
2024-09-24,S,ip,5
2019-02-28,JuU,bet,3
2024-04-04,C,ip,1
2023-03-01,fiu,samtr,1
2010-10-06,"",eunbil,2
2017-11-24,SD,ip,1
2018-10-04,EUN,kf-lista,1
2012-12-05,MJU,bet,2
2024-12-23,S,fr,3
2013-11-27,EUN,eunbil,1
2013-05-14,SfU,utskottsdokument,1
2013-09-16,KrU,utskottsmöte,1
2005-04-18,UU,utskottsmöte,1
2018-03-22,JuU,utskottsmöte,1
2005-04-26,-,fr,1
2011-08-31,FI,prop,1
2013-09-30,SkU,utskottsmöte,1
2011-12-22,Socialdepartementet,dir,1
2009-06-13,SkU,utskottsmöte,1
2022-11-17,RR,rir,1
2006-11-06,CU,utskottsmöte,1
2016-12-13,TU,votering,9
2015-11-10,M,fr,5
2023-03-21,"",frs,2
2015-07-14,M,fr,2
2025-06-04,KU,skflista,1
2006-05-08,m,fr,2
2008-03-06,s,ip,2
2011-04-23,KrU,utskottsmöte,1
2012-02-13,"",ds,1
2021-04-21,SoU,utskottsmöte,1
2001-05-23,L,fr,3
2024-09-12,NU,utskottsmöte,1
2004-12-28,m,fr,2
2012-11-15,SkU,utskottsdokument,1
2026-06-18,-,ip,2
2019-02-14,FiU,rskr,1
2007-05-16,CU,bet,1
2004-01-14,c,fr,1
2007-05-26,FöU,utskottsmöte,1
2005-03-09,FöU,votering,3
2008-02-21,UbU,utskottsdokument,3
2005-03-24,UbU,mot,1
2007-05-23,m,fr,2
2010-06-03,kamm,kammakt,7
2010-04-07,"",prot,1
2005-04-27,UU,votering,5
2007-08-23,L,fr,1
2012-02-15,M,fr,1
2017-01-17,UbU,bet,12
2023-09-05,S,fr,1
2011-06-08,KrU,utskottsdokument,1
2020-11-17,UU,utskottsmöte,1
2005-10-19,L,fr,2
2010-01-16,KU,utskottsmöte,1
2013-02-26,Ju,prop,1
2017-05-31,SoU,votering,2
2013-11-06,S,fr,4
2023-04-20,JuU,mot,1
2014-06-17,KrU,votering,11
2018-11-09,SoU,mot,1
2000-12-20,v,fr,3
2004-10-16,FiU,utskottsmöte,1
2015-01-21,MJU,mot,1
2019-12-12,"",skflista,1
2019-12-06,"",f-lista,1
2024-02-28,FöU,votering,2
2026-03-05,kamm,kammakt,1
2007-11-26,MJU,utskottsmöte,1
2025-07-12,Finansdepartementet OU,sfs,1
2008-09-30,CU,mot,17
2010-03-15,s,fr,3
2026-01-29,S,ip,1
2019-06-12,TU,utskottsmöte,1
2004-05-27,c,fr,2
2005-09-16,SkU,mot,1
2023-03-20,S,ip,6
2012-12-13,"",frs,1
2006-04-15,KU,utskottsmöte,1
2012-01-02,UU,rfr,2
2025-05-28,Justitiedepartementet,prop,3
2017-12-13,UU,rskr,1
2012-11-09,Ju,prop,1
2018-05-16,"",t-lista,1
2022-10-11,"",skflista,1
2015-06-01,L,fr,1
2003-11-08,AU,utskottsmöte,1
2014-11-05,SfU,mot,2
2005-04-05,v,ip,1
2016-12-16,Miljö- och energidepartementet,prop,1
2023-05-24,SoU,votering,6
2005-09-29,LU,mot,5
2017-10-05,SkU,mot,96
2007-12-06,kamm,kammakt,1
2007-02-06,EUN,minråd,1
2010-10-23,KrU,utskottsmöte,1
2019-12-02,SD,fr,1
2019-09-24,Finansdepartementet,prop,2
2023-11-07,"",f-lista,1
2014-10-01,RR,rir,1
2018-12-12,Justitiedepartementet L5,sfs,1
2017-03-15,KD,ip,1
2015-02-23,L,fr,2
2012-08-02,"",frs,1
2000-02-22,"",prot,1
2022-01-12,KD,ip,2
2005-02-05,SfU,utskottsmöte,1
2015-02-19,ÖN,frsrdg,1
2013-03-01,EUN,eundok,2
2013-11-06,"",f-lista,1
2003-07-17,kd,fr,1
2024-12-10,JuU,kammakt,7
2011-01-07,"",rskr,9
2012-05-09,"",rskr,9
2020-04-02,FiU,utskottsmöte,1
2022-05-25,Justitiedepartementet,dir,1
2013-04-25,SfU,votering,8
2003-11-08,JuU,utskottsmöte,1
2016-09-13,MJU,mot,1
2009-10-21,"",prot,1
2004-12-08,m,fr,3
2005-03-29,SoU,mot,1
2011-05-28,JuU,utskottsmöte,1
2020-09-01,KD,fr,1
2014-03-18,FI,prop,8
2006-11-16,v,fr,2
2020-02-20,M,fr,6
2017-02-16,"",kammakt,3
2013-03-05,"",f-lista,1
2003-05-28,JO,prop,2
2005-01-21,s,fr,2
2017-12-15,kamm,kammakt,4
2009-11-27,mp,fr,1
2021-04-12,"",kf-lista,1
2005-09-28,BoU,mot,9
2022-11-21,S,ip,3
2008-03-14,UbU,bet,1
2020-04-21,AU,utskottsmöte,2
2001-05-31,m,fr,2
2014-03-08,AU,utskottsmöte,1
2025-04-10,JuU,utskottsmöte,1
2011-12-14,JuU,votering,1
2024-09-13,AU,mot,1
2008-10-20,JU,prop,1
2016-11-22,L,fr,1
2011-06-01,KU,utskottsdokument,1
2023-02-14,"",utskottsmöte,14
2012-06-07,SfU,samtr,1
2010-01-19,v,ip,1
2005-04-29,mp,fr,3
2013-01-09,UU,mot,2
2018-11-27,SoU,utskottsmöte,1
2016-04-20,KrU,votering,7
2021-02-26,L,ip,2
2008-09-20,SfU,utskottsmöte,1
2025-07-03,"",frs,5
2014-12-20,M,ip,3
2026-05-13,"",skflista,3
2008-11-17,UbU,utskottsmöte,1
2012-10-15,NU,utskottsmöte,1
2006-05-19,L,fr,4
2023-04-28,"","",4
2006-03-28,FI,prop,1
2016-11-07,"",sou,2
2007-02-12,NU,utskottsmöte,1
2012-10-09,RS,frsrdg,7
2023-09-11,Utbildningsdepartementet,prop,1
2025-05-09,MP,fr,1
2018-10-16,FiU,utskottsmöte,1
2012-03-27,UU,utskottsdokument,1
2009-05-13,AU,bet,1
2017-03-30,"",kammakt,4
2007-10-19,m,fr,2
2019-09-30,"",eunbil,4
2014-06-03,V,fr,2
2008-09-21,SfU,utskottsmöte,1
2023-09-12,"","",1
2020-07-08,SD,fr,5
2006-04-01,NU,utskottsmöte,1
2016-02-05,"",kalakt,5
2015-12-17,"",ds,1
2022-03-24,TU,utskottsmöte,1
2009-07-30,Nä-dep,fpm,1
2015-12-14,"",t-lista,1
2016-05-12,UbU,utskottsmöte,1
2002-02-07,kd,fr,1
2015-11-18,Finansdepartementet,prop,1
2023-10-26,UbU,utskottsmöte,1
2018-05-03,AU,votering,5
2018-07-11,L,fr,2
2010-05-26,"",prot,1
2000-02-03,m,ip,3
2024-05-16,"",skflista,1
2014-05-30,"",f-lista,1
2018-03-23,FöU,utskottsmöte,1
2023-12-18,C,fr,4
2012-01-28,MJU,utskottsmöte,1
2014-02-10,EUN,kf-lista,1
2023-05-25,"",f-lista,1
2025-09-09,"",kalakt,1
2023-08-23,M-dep,komm,2
2018-06-12,Justitiedepartementet,prop,1
2015-02-25,V,ip,3
2020-10-15,-,fr,1
2013-05-13,FiU,mot,4
2000-06-28,m,fr,1
2020-01-14,S-dep,komm,1
2004-11-02,m,ip,7
2018-01-17,TU,rskr,1
2010-06-23,IJ,prop,1
2013-04-23,SoU,utskottsdokument,1
2001-03-10,FöU,utskottsmöte,1
2006-12-05,EUN,eunbil,13
2014-03-01,SfU,utskottsmöte,1
2019-03-01,"",prot,1
2006-04-25,m,fr,1
2011-03-30,RR,rir,1
2013-11-23,TU,utskottsmöte,1
2019-10-22,"",utskottsmöte,11
2016-09-21,SfU,rskr,1
2002-04-06,LU,utskottsmöte,1
2016-10-18,JuU,utskottsmöte,1
2007-03-23,TU,bet,1
2002-12-11,c,ip,1
2020-04-29,"",kf-lista,1
2024-10-15,UbU,utskottsmöte,1
2009-11-09,SkU,bet,2
2012-05-03,AU,utskottsdokument,1
2011-10-25,CU,utskottsdokument,1
2020-04-20,EUN,kf-lista,1
2000-10-18,kd,ip,2
2016-04-26,KU,utskottsmöte,1
2003-05-28,SOU,votering,1
2010-04-29,S-dep,dir,1
2006-11-28,v,fr,7
2013-03-13,SD,ip,1
2001-10-29,"",frs,5
2013-01-29,"",frs,1
2019-10-16,TU,bet,2
2008-01-22,c,fr,1
2022-12-06,NU,utskottsmöte,1
2000-09-19,m,ip,2
2024-09-17,SD,fr,1
2002-12-07,SkU,utskottsmöte,1
2016-04-12,M,ip,2
2014-06-05,Justitiedepartementet,prop,1
2017-09-22,"",f-lista,1
2020-11-03,UbU,utskottsmöte,1
2023-10-05,"",f-lista,1
2021-06-03,FiU,utskottsmöte,1
2018-04-17,"",f-lista,1
2013-09-18,kamm,kammakt,2
2019-04-02,SD,fr,1
2012-11-28,SfU,bet,1
2009-09-30,NU,mot,5
2025-01-14,UbU,utskottsmöte,1
2023-10-26,"",utskottsmöte,15
2002-08-29,N-dep,dir,2
2007-11-10,MJU,utskottsmöte,1
2016-03-09,UbU,rskr,2
2016-01-20,"",prot,1
2008-10-11,FöU,utskottsmöte,1
2015-04-21,UU,utskottsmöte,1
2017-02-15,"",t-lista,1
2020-01-22,M,ip,4
2022-06-21,"",prot,1
2014-04-29,UbU,yttr,1
2007-12-13,s,fr,14
2003-11-17,s,ip,1
2018-11-27,SkU,mot,18
2006-08-03,"",frs,1
2023-10-03,SD,fr,3
2010-10-26,FöU,mot,15
2021-03-30,SD,ip,3
2010-10-04,KK,prot,1
2013-10-17,NU,mot,3
2024-04-03,KU,mot,1
2013-12-04,"",sou,1
2005-05-20,m,fr,6
2016-10-12,TU,utskottsmöte,1
2012-12-18,SoU,mot,12
2008-12-19,AU,utskottsdokument,1
2007-10-02,s,ip,1
2013-10-09,TU,mot,1
2004-03-08,JuU,utskottsmöte,1
2011-05-11,S,fr,3
2024-02-16,RS,frsrdg,2
2026-04-23,"","",2
2022-02-01,JuU,utskottsmöte,1
2004-09-24,NU,mot,9
2006-04-24,m,fr,1
2015-06-09,M,fr,3
2016-05-20,NU,bet,3
2007-10-25,AU,bet,1
2021-11-11,C,ip,1
2024-07-11,"",frs,3
2011-12-12,"",eunbil,7
2003-04-21,SfU,utskottsmöte,1
2008-06-18,FiU,votering,4
2015-04-01,NU,utskottsmöte,1
2025-12-05,Utbildningsdepartementet,sfs,2
2024-03-14,Justitiedepartementet,prop,1
2019-10-17,KU,skflista,1
2011-05-19,SfU,yttr,1
2016-12-06,M,fr,4
2021-01-22,SoU,bet,2
2004-02-18,KU,votering,4
2026-05-06,CU,votering,1
2025-05-12,"",kammakt,1
2010-04-10,TU,utskottsmöte,1
2020-11-04,SD,ip,2
2020-06-10,KU,rskr,6
2024-04-25,S,ip,2
2021-01-26,L,fr,1
2005-12-07,FöU,votering,6
2016-01-14,Miljö- och energidepartementet,dir,1
2009-06-16,TU,votering,2
2014-03-05,KK,prot,1
2020-08-28,L,fr,2
2024-11-08,S,ip,1
2022-03-16,"",kammakt,3
2004-10-26,m,fr,2
2002-01-29,kd,ip,3
2014-04-12,SfU,utskottsmöte,1
2022-04-20,"",prot,1
2013-05-15,"",t-lista,1
2020-03-19,"",f-lista,2
2003-12-09,"",prot,1
2010-10-01,"",f-lista,1
2024-09-30,FiU,mot,3
2007-12-03,FöU,bet,1
2007-09-17,KU,utskottsmöte,1
2016-11-22,SoU,utskottsmöte,1
2017-01-23,M,ip,1
2017-01-19,CU,utskottsmöte,1
2009-05-02,FiU,utskottsmöte,1
2022-01-27,UU,utskottsmöte,1
2013-11-12,TU,yttr,1
2011-12-08,kamm,kammakt,6
2019-03-05,KrU,utskottsmöte,1
2007-01-10,s,ip,2
2004-02-13,kd,fr,2
2022-08-25,"",kalakt,1
2002-08-12,L,fr,1
2000-02-23,s,fr,3
1900-01-01,CU,rfr,1
2010-03-25,NU,mot,1
2017-11-16,MP,fr,1
2002-04-02,FI,prop,1
2016-02-25,"",f-lista,1
2004-10-15,SoU,utskottsdokument,1
2021-05-26,V,ip,3
2010-05-18,FöU,utskottsdokument,1
2003-02-27,"",frs,9
2025-03-18,S,fr,4
2011-11-24,"",frs,3
2022-06-16,kamm,kammakt,17
2005-09-26,UbU,mot,13
2011-03-12,JuU,utskottsmöte,1
2024-12-12,JuU,mot,2
2026-02-18,MJU,mot,3
2018-06-11,"",ds,1
2021-04-28,AU,mot,3
2015-05-12,M,ip,5
2019-11-13,kamm,kammakt,3
2017-06-15,"",sou,2
2008-10-29,KU,utskottsdokument,1
2016-05-18,M,ip,2
2017-10-17,TU,utskottsmöte,1
2023-05-11,Arbetsmarknadsdepartementet,dir,1
2018-11-15,KU,mot,2
2019-10-11,M,ip,2
2010-06-01,kd,fr,1
2020-09-22,KrU,mot,1
2021-12-03,EUN,eunprot,1
2007-10-23,UbU,mot,1
2021-01-14,"",f-lista,1
2012-05-29,KU,utskottsdokument,4
2018-05-18,JuU,votering,2
2001-09-03,c,fr,1
2017-12-04,M,fr,4
2006-11-11,SfU,utskottsmöte,1
2016-02-26,S,fr,1
2009-11-14,SfU,utskottsmöte,1
2017-06-30,"",frs,6
2024-11-28,FiU,utskottsmöte,1
2018-06-13,"",f-lista,1
2023-06-20,FiU,votering,4
2019-10-11,"",frs,2
2020-09-25,KrU,mot,2
2013-03-09,JuU,utskottsmöte,1
2020-03-13,SD,fr,1
2007-11-14,"",t-lista,2
2016-10-13,SkU,utskottsmöte,1
2024-03-21,SfU,mot,1
2017-02-03,"",f-lista,1
2025-05-14,"",rskr,3
2024-07-23,"",kalakt,5
2012-01-16,"",frs,9
2004-11-10,MJU,utskottsdokument,1
2007-03-16,N,prop,3
2007-05-21,Miljödepartementet,fpm,1
2000-06-09,m,fr,5
2016-10-13,AU,utskottsmöte,1
2024-06-13,"",prot,1
2021-09-30,EUN,kf-lista,1
2011-11-23,MJU,utskottsdokument,1
2011-02-09,C,fr,1
2010-11-03,Integrations- och jämställdhetsdepartementet,fpm,1
2006-04-24,c,fr,2
2019-06-24,"",frs,1
2019-11-21,KrU,utskottsmöte,1
2009-09-29,"",sou,2
2005-10-04,AU,mot,64
2013-10-17,JuU,utskottsdokument,1
2025-06-17,"",utskottsmöte,13
2009-04-21,"",prot,1
2010-11-25,SfU,yttr,1
2006-05-04,kd,fr,2
2011-01-28,V,fr,1
2013-02-15,JuU,bet,2
2013-12-06,KU,rskr,1
2021-11-16,SkU,utskottsmöte,1
2022-05-19,SD,ip,3
2006-11-28,m,fr,5
2007-10-02,TU,mot,31
2018-01-10,SD,ip,1
2021-05-27,"",samtr,2
2024-04-22,UFöU,bet,1
2002-02-04,SoU,utskottsmöte,1
2013-03-20,MP,ip,1
2005-06-14,SfU,mot,1
2016-11-11,"",f-lista,1
2020-03-31,MJU,utskottsmöte,1
2014-05-07,KrU,rskr,1
2016-12-15,kamm,kammakt,5
2026-01-06,Justitiedepartementet L4,sfs,3
2014-02-11,SoU,mot,1
2010-09-29,A,prop,1
2018-02-13,"",f-lista,1
2016-02-02,UU,utskottsmöte,1
2011-11-29,SkU,bet,2
2022-04-12,Arbetsmarknadsdepartementet,prop,1
2019-04-16,S,fr,1
2004-11-13,FöU,utskottsmöte,1
2019-10-15,FiU,rfr,1
2010-12-22,Arbetsmarknadsdepartementet,dir,1
2015-04-16,Näringsdepartementet,prop,1
2026-03-25,SkU,kammakt,1
2004-02-05,"",frs,2
2021-12-16,"",prot,2
2019-04-09,Utbildningsdepartementet,prop,1
2020-12-30,SoU,utskottsmöte,1
2019-05-14,V,ip,1
2003-06-05,v,fr,1
2003-10-25,FöU,utskottsmöte,1
2019-03-28,"",prot,1
2015-09-16,CU,utskottsmöte,1
2016-10-19,SD,ip,1
2007-10-18,MJU,utskottsdokument,1
2020-04-08,MJU,mot,1
2015-11-09,EUN,kf-lista,1
2013-01-24,Finansdepartementet,dir,2
2017-01-11,rd,uttag,2
2007-03-13,KrU,utskottsdokument,2
2013-10-02,UbU,mot,2
2022-02-08,SoU,bet,1
2019-06-14,EUN,eunprot,1
2011-06-13,"",f-lista,1
2022-04-07,"",rskr,3
2013-10-04,FöU,utskottsdokument,1
2005-02-28,LU,utskottsmöte,1
2007-01-19,v,ip,2
2010-06-03,"",rskr,6
2018-03-20,JuU,utskottsmöte,1
2008-10-24,s,ip,3
2018-04-12,JuU,utskottsmöte,1
2011-08-11,MP,fr,1
2025-09-29,SkU,mot,3
2014-04-08,"",prop,1
2021-12-15,SD,fr,9
2024-02-01,C,fr,1
2019-11-05,"",f-lista,1
2017-09-15,V,ip,1
2013-02-06,S,ip,1
2016-06-09,CU,rskr,1
2018-07-10,"",frs,7
2000-12-05,c,fr,1
2022-01-27,"",utskottsmöte,8
2020-06-17,"",kammakt,4
2017-07-10,M,fr,1
2009-12-02,EUN,eunbil,1
2015-01-29,C,ip,1
2014-05-23,NU,bet,1
2003-01-21,JO,prop,1
2017-12-05,V,fr,4
2007-04-11,EUN,minråd,2
2017-05-24,S,fr,1
2023-03-25,U-dep,komm,5
2017-04-20,JuU,votering,15
2018-03-02,M,ip,1
2021-01-19,"",utskottsmöte,12
2013-01-08,TU,mot,2
2018-08-01,M,fr,2
2000-04-05,TU,mot,5
2020-04-23,SD,fr,1
2001-04-30,SfU,utskottsmöte,1
2013-03-19,JuU,mot,1
2020-03-05,KU,skflista,1
2005-04-11,KrU,utskottsdokument,1
2023-03-21,CU,mot,2
2017-09-08,FöU,bet,1
2012-11-21,"",frs,12
2020-03-24,UFöU,utskottsmöte,1
2009-11-11,"",f-lista,1
2020-03-17,MJU,utskottsmöte,1
2025-04-01,SfU,utskottsmöte,1
2020-05-08,SoU,utskottsmöte,1
2022-09-22,"",utskottsmöte,2
2012-06-04,UbU,utskottsmöte,1
2010-11-16,Ut-dep,fpm,1
2022-05-13,M,fr,7
2007-11-19,"",f-lista,1
2007-04-27,SoU,bet,1
2017-09-21,KrU,mot,2
2001-05-21,MJU,mot,12
2022-11-17,MJU,mot,33
2002-02-21,SfU,mot,1
2000-07-05,v,fr,1
2017-02-28,"",f-lista,1
2011-06-29,"",f-lista,1
2013-06-08,UbU,utskottsmöte,1
2004-09-30,Utrikesdepartementet,prop,1
2011-12-07,S,fr,2
2016-03-11,SD,fr,2
2006-08-16,"",frs,2
2014-11-11,"",f-lista,1
2009-12-07,"",f-lista,1
2020-05-25,SoU,utskottsmöte,2
2017-10-26,kamm,kammakt,1
2007-12-10,SkU,utskottsmöte,1
2017-10-02,"",eunbil,10
2018-06-27,EUN,eunprot,1
2021-10-07,UU,utskottsmöte,1
2001-03-20,kd,fr,2
2007-09-26,LU,utskottsdokument,1
2016-09-30,UU,mot,29
2024-06-15,"",f-lista,1
2024-01-26,SoU,bet,2
2015-05-13,CU,utskottsmöte,1
2022-11-29,KU,utskottsmöte,1
2023-02-15,"","",1
2009-11-28,SfU,utskottsmöte,1
2020-03-18,AU,yttr,1
2013-01-21,MP,ip,1
2007-05-27,KU,utskottsmöte,1
2011-01-28,NU,utskottsdokument,1
2012-09-29,AU,skflista,1
2014-03-27,"",f-lista,1
2023-11-22,S,ip,7
2009-12-10,TU,bet,1
2025-12-10,"",f-lista,1
2022-02-10,SfU,utskottsmöte,1
2007-10-17,FI,prop,2
2013-06-05,SfU,rskr,1
2015-05-19,FiU,bet,7
2002-11-06,L,fr,1
2010-04-08,CU,utskottsdokument,1
2025-12-11,"",kalakt,2
2024-12-18,"",prot,2
2013-08-27,JuU,utskottsdokument,1
2006-04-04,"",prot,1
2005-12-03,JuU,utskottsmöte,1
2003-12-04,s,fr,2
2021-09-21,SoU,mot,15
2014-11-20,V,fr,1
2022-11-09,S,fr,3
2005-09-15,SfU,mot,3
2016-01-19,Finansdepartementet,prop,1
2002-10-07,SoU,mot,1
2005-10-14,L,fr,1
2010-10-22,JuU,mot,11
2021-04-06,"",utskottsmöte,13
2008-10-20,SoU,utskottsmöte,1
2009-12-17,CU,bet,1
2017-10-05,FöU,mot,30
2026-06-18,Ku-dep,dir,1
2024-12-06,Ju-dep,komm,1
2008-10-30,mp,fr,3
2015-02-12,KU,utskottsmöte,1
2009-10-22,N-dep,dir,1
2014-12-03,SoU,utskottsmöte,1
2023-05-02,MJU,utskottsmöte,1
2002-06-14,v,fr,2
2003-01-27,SfU,utskottsmöte,1
2014-03-31,SkU,mot,1
2014-04-08,M,prop,1
2006-11-02,FiU,mot,19
2013-10-21,KrU,utskottsmöte,1
2021-09-23,AU,bet,1
2018-06-19,NU,votering,4
2002-05-23,"",prot,1
2024-09-18,AU,mot,1
2019-06-14,SD,fr,3
2007-07-11,s,fr,3
2014-02-27,MP,fr,5
2024-04-04,Landsbygds- och infrastrukturdepartementet,prop,1
2026-05-21,"",f-lista,1
2012-06-11,FiU,utskottsmöte,1
2008-05-12,FöU,utskottsmöte,1
2023-01-09,MJU,bet,5
2022-05-16,"",utskottsmöte,1
2021-05-19,"",prot,2
2017-10-20,"",f-lista,1
2019-03-28,V,fr,3
2019-03-28,"",utskottsmöte,4
2020-09-16,AU,utskottsmöte,1
2008-05-27,AU,utskottsdokument,1
2011-12-19,JuU,votering,14
2016-05-09,M,fr,4
2026-04-28,TU,mot,1
2014-04-09,KK,prot,1
2012-11-19,"",frs,1
2022-10-22,UD-dep,komm,1
2018-09-14,"",kf-lista,1
2022-11-08,KrU,utskottsmöte,1
2008-12-04,MJU,mot,1
2004-09-06,NU,utskottsdokument,1
2021-10-05,FiU,utskottsmöte,1
2000-07-10,"",frs,5
2021-12-17,"",prot,1
2023-08-08,"",samtr,2
2020-07-06,"",frs,3
2017-04-11,M,fr,6
2006-03-27,LU,utskottsmöte,1
2020-01-22,S,fr,2
2008-04-25,EUN,eundok,2
2018-03-29,M,ip,3
2011-03-09,KK,prot,1
2020-09-17,M,ip,1
2021-12-14,"",t-lista,1
2003-01-30,m,ip,1
2026-05-26,"",kammakt,2
2007-10-23,"",t-lista,1
2021-07-26,SD,ip,3
2012-04-16,UU,utskottsmöte,1
2024-06-05,"",utskottsmöte,2
2019-01-29,"",utskottsmöte,7
2017-02-06,M,ip,1
2013-12-05,"",f-lista,1
2011-10-20,SfU,utskottsdokument,1
2014-02-24,MJU,bet,1
2000-03-02,m,fr,3
2003-11-26,SKU,votering,2
2005-11-01,MJU,utskottsdokument,1
2008-11-20,CU,utskottsdokument,1
2016-09-12,SfU,utskottsmöte,1
2025-10-15,-,ip,2
2017-06-02,KrU,utskottsmöte,1
2008-08-21,"",prot,1
2010-04-08,JuU,utskottsdokument,1
2018-01-25,kamm,kammakt,1
2017-12-13,KD,fr,2
2016-06-22,"",sou,1
2004-05-19,N-dep,dir,2
2025-10-17,Landsbygds- och infrastrukturdepartementet RSIB TM,sfs,84
2025-05-19,S,fr,2
2018-04-12,Socialdepartementet,dir,1
2018-05-16,kamm,kammakt,13
2003-10-27,NU,utskottsmöte,1
2006-07-03,L,fr,1
2010-11-29,KK,prot,1
2020-03-09,"",frs,3
2013-11-25,CU,mot,4
2004-06-22,TU,utskottsdokument,1
2009-11-16,v,ip,2
2016-09-26,SkU,mot,2
2020-10-07,C,fr,1
2015-11-04,KU,rskr,1
2006-03-25,KU,utskottsmöte,1
2015-06-24,EUN,samtr,1
2014-04-04,UU,mot,1
2004-12-17,"",frs,5
2026-04-29,EUN,eunprot,1
2000-08-08,s,fr,2
2015-11-19,FiU,mot,1
2009-10-17,NU,utskottsmöte,1
2013-12-02,UbU,utskottsmöte,1
2024-01-31,"",kammakt,2
2000-01-21,v,fr,1
2013-10-01,MJU,mot,3
2025-12-09,Klimat- och näringslivsdepartementet,sfs,1
2009-12-17,m,ip,1
2023-04-20,SfU,votering,8
2005-06-17,"",frs,1
2005-11-23,SfU,mot,1
2023-04-21,SD,ip,1
2016-04-22,"",prot,1
2021-05-04,"",f-lista,1
2016-10-05,NU,mot,89
2016-02-11,S-dep,komm,60
2023-05-09,"",skflista,3
2020-09-24,JuU,utskottsmöte,1
2013-10-25,SfU,utskottsdokument,1
2013-11-19,TU,mot,2
2013-04-22,UbU,utskottsmöte,1
2015-12-01,FiU,utskottsmöte,1
2014-06-04,TU,rskr,2
2024-09-02,S,ip,1
2008-01-01,"",sou,125
2018-11-21,SoU,bet,1
2003-09-19,NU,mot,3
2011-12-06,"",f-lista,1
2008-02-21,Ju-dep,dir,2
2024-07-30,SD,fr,1
2011-05-04,"",frs,8
2007-06-04,JuU,utskottsmöte,1
2012-12-06,UU,votering,8
2013-08-30,S,ip,1
2022-02-24,"",kf-lista,2
2023-03-30,FöU,utskottsmöte,1
2021-10-26,EUN,kf-lista,1
2012-11-23,KU,utskottsdokument,2
2025-05-08,FöU,utskottsmöte,1
2009-02-17,FI,prop,1
2016-04-15,TU,votering,50
2016-03-16,"",f-lista,1
2015-06-17,"",sou,2
2022-05-17,"",skflista,1
2005-11-10,UbU,mot,2
2019-06-05,FiU,utskottsmöte,1
2008-03-03,SfU,utskottsmöte,1
2009-05-05,"",prot,1
2021-01-19,-,ip,1
2012-11-20,SoU,utskottsdokument,1
2024-02-06,AU,utskottsmöte,1
2022-05-20,"",f-lista,1
2005-10-22,UbU,utskottsmöte,1
2004-03-17,SOU,votering,7
2001-10-16,"",prot,1
2019-02-14,V,ip,1
2019-09-25,-,ip,1
2005-09-19,JuU,mot,6
2006-10-26,"",prot,1
2013-11-14,UbU,utskottsdokument,2
2016-05-25,V,fr,1
2001-12-11,S,prop,1
2019-05-03,UbU,utskottsmöte,1
2012-06-13,Nä-dep,fpm,1
2004-12-09,m,ip,1
2021-06-17,JuU,votering,13
2024-06-12,S,fr,3
2021-01-20,SD,fr,14
2016-11-01,Kulturdepartementet,prop,1
2015-04-29,"",f-lista,1
2000-12-07,LU,mot,2
2020-12-10,Justitiedepartementet,dir,1
2015-05-04,S,fr,1
2004-01-07,"",sou,7
2007-03-01,s,ip,9
2011-11-14,FiU,bet,1
2016-11-02,cu,samtr,1
2001-02-03,KU,utskottsmöte,1
2011-09-20,FiU,mot,2
2006-02-09,LU,utskottsdokument,1
2018-05-07,SoU,mot,2
2017-03-08,SoU,mot,1
2023-10-05,SoU,utskottsmöte,1
2003-10-29,v,fr,1
2006-11-08,UU,mot,7
2005-09-29,U t.o.m. 1 jan-07,prop,1
2017-12-18,"",frs,6
2020-09-29,UU,mot,3
2003-02-10,kd,ip,1
2018-11-28,KU,mot,23
2025-09-25,"",utskottsmöte,1
2020-11-10,SoU,bet,1
2020-12-10,Ju-dep,dir,1
2026-06-16,Socialdepartementet,prop,1
2013-08-13,S,fr,2
2008-09-25,CU,mot,4
2008-05-12,KU,utskottsmöte,1
2019-12-04,FiU,rskr,1
1900-01-01,CU,utskottsdokument,429
2013-06-07,AU,utskottsdokument,1
2007-09-07,v,fr,1
2016-03-31,Justitiedepartementet,dir,1
2020-12-09,SD,ip,2
2009-03-25,s,ip,4
2012-06-20,kamm,kammakt,3
2024-05-16,TU,bet,1
2019-04-04,CU,votering,8
2008-06-12,SkU,votering,1
2019-11-08,"",frs,1
2005-12-08,Fi-dep,dir,2
2022-08-18,TU,utskottsmöte,1
2013-11-22,SoU,mot,25
2007-12-04,Nä-dep,fpm,3
2023-04-01,Fi-dep,komm,1
2017-04-25,M,fr,13
2020-04-22,"",frs,25
2019-11-14,FiU,rskr,1
2010-02-18,NU,utskottsdokument,4
2012-11-20,FiU,bet,1
2019-01-12,Finansdepartementet SFÖ,sfs,1
2010-05-21,EUN,eunprot,2
2002-12-05,Fi-dep,dir,1
2007-01-26,m,ip,1
2016-10-21,M,ip,2
2017-09-20,kamm,kammakt,2
2019-02-07,"",skflista,1
2013-01-15,"",t-lista,1
2016-09-27,SkU,mot,4
2011-12-14,L,fr,1
2023-11-06,SD,fr,4
2000-12-14,m,ip,1
2015-02-18,"",f-lista,1
2022-01-18,MJU,utskottsmöte,1
2004-10-16,UU,utskottsmöte,1
2004-01-05,L,ip,1
2019-11-20,KrU,rskr,1
2012-04-26,CU,votering,3
2017-06-28,M,fr,2
2022-10-14,"",prot,1
2018-06-19,"",kammakt,2
2020-02-18,NU,utskottsmöte,1
2008-05-19,NU,utskottsmöte,1
2011-05-12,V,ip,3
2007-03-26,U,prop,1
2014-02-14,V,ip,2
2017-03-22,kamm,kammakt,8
2008-11-18,"",sou,1
2020-09-08,SkU,mot,1
2020-04-23,TU,utskottsmöte,1
2004-10-15,m,fr,3
2024-06-05,Klimat- och näringslivsdepartementet,prop,1
2010-06-21,CU,votering,3
2006-04-06,MJU,bet,1
2009-03-16,KU,utskottsmöte,1
2017-10-23,M,fr,5
2025-10-17,Finansdepartementet FMA V,sfs,31
2013-12-02,UU,utskottsmöte,1
2023-02-07,SkU,utskottsmöte,9
2011-10-05,S,fr,1
2003-12-22,kd,fr,6
2026-05-26,Socialdepartementet,prop,1
2006-05-05,m,ip,2
2004-02-10,"",prot,1
2025-05-08,TU,votering,2
2022-06-08,Utrikesdepartementet,prop,1
2020-10-21,AU,rskr,2
2020-11-06,UbU,utskottsmöte,1
2026-01-06,Utrikesdepartementet,sfs,1
2007-10-02,L,fr,1
2024-03-05,"",ds,1
2006-03-23,NU,bet,2
2006-02-13,s,fr,1
2012-04-14,MJU,utskottsmöte,1
2006-04-19,"",t-lista,1
2013-01-31,Utrikesdepartementet,dir,1
2024-06-19,JuU,mot,2
2025-11-05,JuU,kammakt,1
2008-08-20,"",frs,6
2016-04-20,KrU,rskr,1
2010-05-17,"",frs,5
2023-05-16,JuU,bet,1
2010-11-25,NU,utskottsdokument,1
2006-12-04,FöU,utskottsmöte,1
2007-10-30,m,fr,1
2018-02-07,SfU,rskr,4
2022-03-30,FiU,votering,6
2012-05-24,"",rskr,7
2004-03-03,kd,fr,2
2006-04-03,mp,ip,1
2012-04-26,KU,samtr,1
2008-09-29,KrU,mot,5
2006-03-17,m,fr,3
2008-02-20,"",f-lista,1
2010-05-26,UU,votering,4
2023-04-19,JuU,votering,17
2021-01-12,FiU,utskottsmöte,1
2021-10-22,"",utskottsmöte,1
2019-04-17,NU,utskottsmöte,1
2025-10-08,S,fr,1
2017-05-31,L,fr,2
2019-08-27,TU,utskottsmöte,1
2007-01-16,EUN,minråd,1
2020-10-14,SD,ip,2
2013-12-10,SfU,rskr,1
2019-12-12,KU,utskottsmöte,1
2008-09-25,NU,mot,5
2004-11-12,L,ip,2
2020-10-13,NU,utskottsmöte,1
2012-11-29,L,fr,1
2023-03-30,KU,utskottsmöte,1
2012-09-18,AU,mot,2
2008-03-03,mp,ip,1
2015-12-07,Justitiedepartementet,prop,1
2004-12-11,JuU,utskottsmöte,1
2005-10-20,"",prot,1
2021-01-15,V,ip,2
2017-05-11,V,ip,1
2024-11-21,"",prot,1
2006-03-14,"",f-lista,1
2013-07-04,S,fr,2
2013-05-02,kamm,kammakt,6
2022-06-17,RS,frsrdg,1
2023-10-23,C,fr,1
2002-03-08,m,ip,2
2017-04-26,kamm,kammakt,6
2013-06-10,S,ip,1
2006-05-09,kamm,kammakt,1
2016-02-11,Finansdepartementet K,sfs,1
2021-05-27,KrU,yttr,1
2010-12-02,UbU,utskottsdokument,1
2023-04-19,CU,votering,9
2018-10-11,FiU,utskottsmöte,1
2008-01-21,"",frs,1
2007-01-19,s,fr,9
2021-12-13,V,fr,1
2007-03-26,FI,prop,1
2002-02-09,KU,utskottsmöte,1
2003-05-09,s,ip,1
2006-03-15,LU,bet,106
2015-03-11,KU,utskottsdokument,1
2004-11-25,SfU,utskottsdokument,1
2003-12-11,m,fr,1
2014-04-07,S,ip,3
2016-06-07,FöU,utskottsmöte,1
2008-10-25,AU,utskottsmöte,1
2001-06-12,kd,fr,1
2026-01-03,Utrikesdepartementet HI,sfs,1
2025-10-17,Justitiedepartementet L4,sfs,66
2019-09-19,MJU,utskottsmöte,1
2022-06-02,UU,bet,1
2016-01-27,JuU,rskr,1
2026-01-06,Landsbygds- och infrastrukturdepartementet RSIB TM,sfs,1
2019-07-09,FiU,bet,5
2002-10-22,S,prop,1
2011-10-04,UbU,mot,68
2015-06-05,SD,fr,1
2022-10-18,Näringsdepartementet,prop,1
2024-05-29,JuU,votering,1
2022-12-22,V,fr,1
2020-11-20,M,fr,52
2012-11-22,UU,votering,1
2018-02-01,S,fr,3
2007-11-24,UU,utskottsmöte,1
2012-10-04,FöU,mot,10
2012-07-05,Näringsdepartementet,dir,1
2020-05-27,"",frs,38
2007-01-31,UbU,utskottsdokument,1
2007-04-25,"",f-lista,1
2016-03-03,EUN,eunbil,1
2009-11-23,"",f-lista,1
2020-12-22,"",samtr,1
2008-01-10,s,fr,2
2024-11-13,S,fr,4
2010-01-14,N-dep,dir,1
2024-11-26,TU,utskottsmöte,1
2023-10-13,nu,utskottsdokument,1
2007-05-30,UU,bet,1
2019-05-23,RR,rir,1
2005-09-26,SkU,mot,13
2025-04-14,FiU,bet,1
2000-05-10,S,prop,1
2000-08-19,m,ip,1
2003-07-21,"",frs,1
2010-05-22,TU,utskottsmöte,1
2015-04-29,KU,utskottsmöte,1
2019-09-16,-,ip,1
2010-02-18,SkU,votering,1
2005-11-25,UbU,utskottsdokument,3
2025-03-18,EUN,utskottsmöte,1
2010-12-21,Ju,prop,1
2003-11-20,L,fr,2
2017-05-11,kamm,kammakt,4
2025-01-24,TU,bet,5
2006-10-30,JU,prop,1
2020-12-30,"",sou,1
2017-01-12,SkU,utskottsmöte,1
2002-03-07,"",frs,12
2004-04-22,L,ip,1
2012-12-05,MP,ip,1
2010-01-23,SoU,utskottsmöte,1
2025-02-27,SD,ip,6
2008-06-17,SoU,utskottsdokument,7
2004-10-28,N-dep,dir,1
2003-12-17,s,fr,1
2016-09-28,M,fr,3
2001-02-27,v,fr,1
2024-02-07,"",f-lista,1
2015-04-29,kamm,kammakt,4
2012-11-27,CU,utskottsdokument,1
2008-12-10,FiU,bet,2
2018-06-27,"",frs,7
2021-03-11,UbU,yttr,1
2011-12-01,UbU,bet,1
2025-10-15,SoU,mot,2
2021-01-20,S,fr,2
2005-11-26,FiU,utskottsmöte,1
2007-09-27,KrU,utskottsdokument,1
2015-02-10,"",frs,1
2026-02-13,V,fr,1
2006-10-20,s,fr,4
2004-09-15,BoU,mot,1
2007-03-16,m,fr,1
2022-10-26,"",rskr,2
2007-04-26,mp,fr,2
2008-05-09,mp,fr,2
2021-12-07,KU,utskottsmöte,1
2013-01-11,SfU,mot,10
2009-06-12,v,fr,1
2008-07-10,s,fr,3
2017-05-04,"",t-lista,1
2025-08-04,"",samtr,1
2023-07-19,"",frs,1
2009-02-11,CU,votering,5
2000-06-29,"",frs,12
2011-05-11,CU,votering,4
2001-05-03,SfU,bet,1
2011-06-04,FöU,utskottsmöte,1
2013-09-12,S,fr,3
2020-02-11,M,fr,1
2021-02-03,NU,votering,11
2019-03-12,TU,utskottsmöte,1
2024-05-03,TU,mot,1
2016-05-17,UbU,utskottsmöte,1
2026-05-25,S,fr,2
2002-06-07,kd,fr,3
2003-11-05,L,fr,5
2007-10-27,CU,utskottsmöte,1
2013-02-27,"",frs,10
2011-05-05,KK,prot,1
2024-04-02,KrU,utskottsmöte,1
2016-03-16,NU,rskr,1
2009-12-05,TU,utskottsmöte,1
2006-04-06,L,fr,2
2015-04-20,L,ip,1
2007-02-26,UbU,bet,1
2013-03-19,SkU,bet,1
2006-11-27,TU,utskottsmöte,1
2025-12-19,"",samtr,1
2021-06-10,S,fr,1
2010-10-01,EUN,eunprot,2
2024-04-03,CU,mot,1
2011-01-19,"",f-lista,1
2016-12-15,"",sou,5
2023-10-27,V,fr,1
2007-02-01,"",prot,1
2008-05-15,UU,utskottsdokument,1
1900-01-01,m,fr,5
2009-04-17,mp,fr,1
2017-04-07,"",f-lista,1
2016-04-25,L,fr,1
2011-05-13,S,fr,2
2021-01-06,KU,yttr,1
2007-12-17,"",rskr,12
2018-01-16,FöU,utskottsmöte,1
2008-04-02,"",prot,1
2017-01-19,S,fr,3
2002-03-07,"",prot,1
2016-05-19,JuU,utskottsmöte,1
2025-04-29,kamm,kammakt,7
2006-11-28,"",t-lista,1
2004-09-28,"",frs,5
2010-06-01,SkU,yttr,1
2007-02-17,NU,utskottsmöte,1
2006-12-09,AU,utskottsmöte,1
2007-11-27,m,fr,4
2025-04-01,MP,fr,1
2004-09-29,AU,mot,18
2008-03-27,UU,mot,4
1900-01-01,AU,utskottsdokument,448
2010-03-01,KU,utskottsmöte,1
2006-03-27,SoU,utskottsdokument,11
2022-12-12,"",kammakt,1
2018-04-27,MJU,mot,3
2005-11-11,"",f-lista,1
2011-04-14,AU,votering,1
2007-11-12,EUN,minråd,2
2014-11-11,L,ip,1
2019-11-20,SkU,rskr,1
2012-12-06,SfU,bet,1
2008-01-23,S,prop,1
2021-11-18,MJU,mot,1
2026-01-23,EUN,eunprot,1
2001-11-28,"",ds,2
2022-03-14,Finansdepartementet,prop,1
2008-06-18,"",ds,2
2022-02-28,M,ip,1
2016-12-21,KD,ip,1
2020-10-07,C,ip,1
2012-05-21,"",f-lista,1
2021-11-23,UFöU,utskottsmöte,1
2020-09-14,"",eunbil,6
2006-08-07,L,fr,1
2016-05-25,SoU,votering,1
2006-01-30,FöU,utskottsmöte,1
2012-09-24,JuU,utskottsmöte,1
2009-07-20,N,prop,1
2001-05-12,UU,utskottsmöte,1
2013-03-08,TU,utskottsdokument,3
2022-06-07,UU,utskottsmöte,1
2017-06-15,MJU,votering,10
2013-06-12,kamm,kammakt,6
2025-05-06,-,ip,1
2004-03-05,v,fr,5
2016-11-18,S,fr,1
2015-12-15,UU,rskr,2
2010-04-05,CU,utskottsmöte,1
2017-12-13,M,ip,4
2014-03-07,"",f-lista,1
2009-05-14,c,ip,1
2023-02-20,MP,fr,1
2026-04-29,"",skflista,1
2011-02-05,CU,utskottsmöte,1
2008-11-17,CU,utskottsmöte,1
2016-09-29,KU,bet,1
2007-11-22,"",t-lista,1
2014-11-06,MJU,mot,66
2010-04-30,JuU,utskottsdokument,1
2019-06-18,KU,rskr,4
2004-09-24,"",prot,1
2002-10-16,v,fr,3
2008-04-10,MJU,votering,3
2012-01-23,UU,utskottsmöte,1
2015-05-22,CU,utskottsmöte,1
2025-09-17,"",kammakt,2
2010-06-10,c,fr,1
2003-01-30,m,fr,1
2024-03-05,UbU,utskottsmöte,1
2010-12-06,SoU,utskottsmöte,1
2019-10-24,KD,fr,1
2017-12-12,RR,rir,1
2023-05-03,"",rskr,7
2009-12-22,Ju-dep,fpm,1
2003-03-27,LU,mot,2
2023-04-19,kamm,kammakt,10
2017-11-30,"",ds,1
2007-10-10,"",frs,16
2026-06-01,CU,kammakt,1
2013-09-20,EUN,eunprot,1
2023-02-23,Kulturdepartementet,dir,1
2005-05-09,UU,utskottsmöte,1
2011-05-10,KK,prot,1
2018-12-05,"",f-lista,1
2021-05-27,KD,fr,1
2022-12-19,"",utskottsmöte,1
2026-04-21,S,fr,2
2021-10-13,kamm,kammakt,3
2026-06-18,S,fr,1
2022-06-22,"",rskr,26
2014-05-22,JuU,utskottsmöte,1
2023-12-05,FiU,utskottsmöte,1
2020-03-26,"",f-lista,1
2019-06-10,"",f-lista,1
2015-04-23,NU,utskottsmöte,1
2011-11-08,SkU,bet,2
2014-11-13,V,ip,1
2020-06-03,MP,fr,1
2016-12-13,UbU,utskottsmöte,1
2020-12-09,"",sou,1
2002-04-29,v,fr,1
2012-05-16,Justitiedepartementet,dir,1
2006-03-27,KU,utskottsmöte,1
2016-05-24,SD,fr,1
2025-05-19,S,ip,1
2025-11-19,"",t-lista,1
2025-10-16,"",skflista,1
2012-06-14,MJU,utskottsdokument,1
2002-10-31,FI,prop,1
2017-06-27,NU,bet,3
2003-07-07,"",ds,1
2003-03-01,TU,utskottsmöte,1
2000-04-28,L,fr,1
2022-03-10,SfU,utskottsmöte,1
2016-02-23,JuU,utskottsmöte,1
2021-04-20,KrU,utskottsmöte,1
2022-06-01,"",f-lista,1
2005-02-03,Ju-dep,dir,1
2020-04-29,AU,rskr,1
2016-03-09,CU,rskr,3
2018-01-22,V,fr,1
2004-10-05,SoU,mot,7
2025-06-18,S,fr,4
2017-02-01,MJU,mot,1
2004-11-08,NU,utskottsmöte,1
2021-03-18,"",samtr,3
2019-11-26,Socialdepartementet,dir,1
2022-06-15,FiU,votering,3
2019-03-06,kamm,kammakt,9
2008-11-28,s,ip,5
2015-09-24,KD,fr,1
2018-06-14,S,fr,1
2023-05-17,"","",49
2013-05-30,KK,prot,1
2011-12-20,V,ip,2
2024-01-23,KrU,bet,1
